case_id,partner_id,associate_id,created_date,received_time,issue_type,issue_subtype,priority,sla_minutes,resolution_start_time,resolution_time,resolution_minutes,case_status,resolution_category,escalation_required,escalation_level,manager_intervention,sop_resolution_status,quality_score,quality_status,sop_followed,stakeholder_response_time,customer_impact,remarks,elapsed_minutes,remaining_minutes,sla_percentage,sla_status,repeated_issue,escalation_reason,escalation_timestamp
CASE-10001,DP1075,A2004,2026-10-01,2026-10-01 23:25:29.884624,Verification Issue,Identity mismatch,LOW,60,2026-10-01 23:29:29.884624,,,In Progress,Manager Review,False,L1,False,Resolved,100.0,PASS,True,31.3,Medium,Synthetic operational record,33.5,26.5,55.8,WITHIN SLA,False,,
CASE-10002,DP1062,A2016,2026-10-01,2026-10-01 23:36:02.811896,Account / Access Issue,Account locked,MEDIUM,30,2026-10-01 23:42:02.811896,,,In Progress,Payment Adjustment,True,L2,False,Resolved,100.0,PASS,True,8.2,Low,Synthetic operational record,23.0,7.0,76.5,AT RISK,True,Repeated Issue,2026-10-01 23:36:02.811896
CASE-10003,DP1051,A2019,2026-09-04,2026-09-04 15:10:00.000000,Verification Issue,Vehicle verification,MEDIUM,30,2026-09-04 15:13:00.000000,2026-09-04 15:23:42,13.7,Closed,Payment Adjustment,True,L2,False,Failed,89.5,FAIL,False,8.5,Medium,Synthetic operational record,13.7,16.3,45.7,WITHIN SLA,False,SOP Resolution Failed,2026-09-04 15:10:00.000000
CASE-10004,DP1006,A2018,2026-09-15,2026-09-15 17:29:00.000000,Delivery Assignment Issue,Assignment timeout,MEDIUM,30,2026-09-15 17:31:00.000000,2026-09-15 18:23:48,54.8,Resolved,Technical Fix,True,L2,False,Resolved,92.3,REVIEW,True,6.4,Low,Synthetic operational record,54.8,-24.8,182.7,BREACHED,False,SLA Breach,2026-09-15 17:29:00.000000
CASE-10005,DP1008,A2016,2026-10-01,2026-10-01 23:49:40.452014,Delivery Assignment Issue,No assignment,MEDIUM,30,2026-10-01 23:50:40.452014,,,New,Manager Review,True,L2,False,Resolved,89.5,FAIL,True,20.7,Low,Synthetic operational record,9.3,20.7,31.1,WITHIN SLA,True,Repeated Issue,2026-10-01 23:49:40.452014
CASE-10006,DP1062,A2005,2026-10-01,2026-10-01 23:46:19.283385,Delivery Assignment Issue,Wrong zone,MEDIUM,30,2026-10-01 23:48:19.283385,,,In Progress,Payment Adjustment,True,L2,False,Resolved,93.4,REVIEW,True,18.0,Medium,Synthetic operational record,12.7,17.3,42.3,WITHIN SLA,True,Repeated Issue,2026-10-01 23:46:19.283385
CASE-10007,DP1001,A2019,2026-09-16,2026-09-16 12:29:00.000000,Delivery Partner App Issue,Sync delay,LOW,60,2026-09-16 12:33:00.000000,2026-09-16 13:25:12,56.2,Closed,Payment Adjustment,False,L1,False,Resolved,94.5,REVIEW,True,4.8,Medium,Synthetic operational record,56.2,3.8,93.7,AT RISK,False,,
CASE-10008,DP1005,A2014,2026-10-01,2026-10-01 23:34:16.776632,Other Operational Issue,Equipment,MEDIUM,30,2026-10-01 23:40:16.776632,,,Escalated,Payment Adjustment,True,L2,False,Resolved,92.2,REVIEW,True,23.8,Low,Synthetic operational record,24.7,5.3,82.4,AT RISK,True,Repeated Issue,2026-10-01 23:34:16.776632
CASE-10009,DP1022,A2004,2026-09-11,2026-09-11 16:29:00.000000,Payment Issue,Adjustment request,HIGH,15,2026-09-11 16:32:00.000000,2026-09-11 16:53:42,24.7,Closed,Guidance Provided,True,L2,False,Resolved,84.9,FAIL,True,20.9,Medium,Synthetic operational record,24.7,-9.7,164.7,BREACHED,False,SLA Breach,2026-09-11 16:29:00.000000
CASE-10010,DP1089,A2003,2026-10-01,2026-10-01 23:33:53.737459,Delivery Assignment Issue,No assignment,MEDIUM,30,2026-10-01 23:37:53.737459,,,Pending,Route Support,True,L2,False,Resolved,91.1,REVIEW,True,36.2,Low,Synthetic operational record,25.1,4.9,83.7,AT RISK,True,Repeated Issue,2026-10-01 23:33:53.737459
CASE-10011,DP1046,A2018,2026-09-11,2026-09-11 17:32:00.000000,Account / Access Issue,Account locked,MEDIUM,30,2026-09-11 17:34:00.000000,2026-09-11 17:56:00,24.0,Resolved,Technical Fix,True,L2,False,Failed,97.5,PASS,False,46.2,Low,Synthetic operational record,24.0,6.0,80.0,AT RISK,False,SOP Resolution Failed,2026-09-11 17:32:00.000000
CASE-10012,DP1071,A2006,2026-09-05,2026-09-05 11:57:00.000000,Payment Issue,Adjustment request,MEDIUM,30,2026-09-05 12:03:00.000000,2026-09-05 12:16:00,19.0,Resolved,Technical Fix,False,L1,False,Resolved,93.0,REVIEW,True,27.5,High,Synthetic operational record,19.0,11.0,63.3,WITHIN SLA,False,,
CASE-10013,DP1042,A2016,2026-10-01,2026-10-01 23:36:45.019051,Delivery Partner App Issue,Notification failure,MEDIUM,30,2026-10-01 23:40:45.019051,,,In Progress,Route Support,True,L2,False,Resolved,92.4,REVIEW,True,13.6,High,Synthetic operational record,22.2,7.8,74.2,AT RISK,True,High Impact + Repeated Issue,2026-10-01 23:36:45.019051
CASE-10014,DP1018,A2003,2026-10-01,2026-10-01 23:31:50.925586,Delivery Partner App Issue,Sync delay,MEDIUM,30,2026-10-01 23:33:50.925586,,,Pending,Guidance Provided,True,L2,False,Resolved,89.3,FAIL,True,29.8,Low,Synthetic operational record,27.2,2.8,90.5,AT RISK,True,Repeated Issue,2026-10-01 23:31:50.925586
CASE-10015,DP1038,A2006,2026-10-01,2026-10-01 23:48:26.193070,Route / Navigation Issue,GPS drift,MEDIUM,30,2026-10-01 23:53:26.193070,,,Pending,Route Support,False,L1,False,Resolved,90.9,REVIEW,True,22.1,High,Synthetic operational record,10.6,19.4,35.2,WITHIN SLA,False,,
CASE-10016,DP1010,A2006,2026-10-01,2026-10-01 22:50:45.830594,Verification Issue,Vehicle verification,LOW,60,2026-10-01 22:53:45.830594,,,In Progress,Payment Adjustment,True,L2,False,Resolved,100.0,PASS,True,19.1,Medium,Synthetic operational record,68.2,-8.2,113.7,BREACHED,True,SLA Breach + Repeated Issue,2026-10-01 22:50:45.830594
CASE-10017,DP1078,A2006,2026-09-15,2026-09-15 13:51:00.000000,Delivery Assignment Issue,Duplicate assignment,LOW,60,2026-09-15 13:58:00.000000,2026-09-15 15:06:54,75.9,Closed,Route Support,True,L2,False,Resolved,88.3,FAIL,True,11.7,Low,Synthetic operational record,75.9,-15.9,126.5,BREACHED,False,SLA Breach,2026-09-15 13:51:00.000000
CASE-10018,DP1019,A2014,2026-09-08,2026-09-08 09:11:00.000000,Other Operational Issue,Equipment,MEDIUM,30,2026-09-08 09:13:00.000000,2026-09-08 09:29:06,18.1,Resolved,Guidance Provided,False,L1,False,Resolved,97.6,PASS,True,16.4,Low,Synthetic operational record,18.1,11.9,60.3,WITHIN SLA,False,,
CASE-10019,DP1038,A2019,2026-10-01,2026-10-01 22:59:27.619970,Account / Access Issue,Permission request,LOW,60,2026-10-01 23:06:27.619970,,,New,Route Support,False,L1,False,Resolved,94.2,REVIEW,True,19.9,Low,Synthetic operational record,59.5,0.5,99.2,AT RISK,False,,
CASE-10020,DP1099,A2019,2026-09-21,2026-09-21 10:48:00.000000,Account / Access Issue,Password reset,MEDIUM,30,2026-09-21 10:53:00.000000,2026-09-21 11:41:36,53.6,Resolved,Technical Fix,True,L2,False,Resolved,95.2,PASS,True,31.6,Medium,Synthetic operational record,53.6,-23.6,178.7,BREACHED,False,SLA Breach,2026-09-21 10:48:00.000000
CASE-10021,DP1060,A2015,2026-09-24,2026-09-24 14:57:00.000000,Delivery Assignment Issue,Assignment timeout,MEDIUM,30,2026-09-24 14:58:00.000000,2026-09-24 15:10:12,13.2,Closed,Manager Review,False,L1,False,Resolved,90.3,REVIEW,True,28.1,High,Synthetic operational record,13.2,16.8,44.0,WITHIN SLA,False,,
CASE-10022,DP1046,A2005,2026-09-26,2026-09-26 17:06:00.000000,Delivery Partner App Issue,Sync delay,HIGH,15,2026-09-26 17:12:00.000000,2026-09-26 17:44:18,38.3,Closed,Technical Fix,True,L2,False,Resolved,92.2,REVIEW,True,43.9,Low,Synthetic operational record,38.3,-23.3,255.3,BREACHED,False,SLA Breach,2026-09-26 17:06:00.000000
CASE-10023,DP1055,A2020,2026-09-28,2026-09-28 09:48:00.000000,Account / Access Issue,Profile update,LOW,60,2026-09-28 09:54:00.000000,2026-09-28 10:44:42,56.7,Resolved,Guidance Provided,False,L1,False,Resolved,94.0,REVIEW,True,30.1,Low,Synthetic operational record,56.7,3.3,94.5,AT RISK,False,,
CASE-10024,DP1079,A2011,2026-09-25,2026-09-25 11:55:00.000000,Delivery Assignment Issue,Wrong zone,MEDIUM,30,2026-09-25 11:59:00.000000,2026-09-25 12:08:54,13.9,Closed,Payment Adjustment,False,L1,False,Resolved,91.4,REVIEW,True,27.1,Low,Synthetic operational record,13.9,16.1,46.3,WITHIN SLA,False,,
CASE-10025,DP1026,A2011,2026-09-14,2026-09-14 14:28:00.000000,Route / Navigation Issue,Map pin error,MEDIUM,30,2026-09-14 14:30:00.000000,2026-09-14 14:50:54,22.9,Closed,Guidance Provided,False,L1,False,Resolved,95.7,PASS,True,18.3,Low,Synthetic operational record,22.9,7.1,76.3,AT RISK,False,,
CASE-10026,DP1064,A2015,2026-09-20,2026-09-20 12:11:00.000000,Verification Issue,Vehicle verification,LOW,60,2026-09-20 12:15:00.000000,2026-09-20 12:52:18,41.3,Closed,Technical Fix,False,L1,False,Resolved,96.3,PASS,True,9.6,Medium,Synthetic operational record,41.3,18.7,68.8,WITHIN SLA,False,,
CASE-10027,DP1088,A2016,2026-10-01,2026-10-01 09:44:00.000000,Delivery Partner App Issue,Notification failure,LOW,60,2026-10-01 09:49:00.000000,2026-10-01 10:37:12,53.2,Closed,Route Support,True,L2,True,Resolved,100.0,PASS,True,15.2,Low,Synthetic operational record,53.2,6.8,88.7,AT RISK,False,Manager Intervention Required,2026-10-01 09:44:00.000000
CASE-10028,DP1058,A2020,2026-09-04,2026-09-04 08:17:00.000000,Verification Issue,Vehicle verification,LOW,60,2026-09-04 08:18:00.000000,2026-09-04 09:08:06,51.1,Resolved,Payment Adjustment,False,L1,False,Resolved,95.4,PASS,True,13.6,Medium,Synthetic operational record,51.1,8.9,85.2,AT RISK,False,,
CASE-10029,DP1045,A2012,2026-10-01,2026-10-01 22:46:21.355056,Other Operational Issue,Equipment,LOW,60,2026-10-01 22:49:21.355056,,,Escalated,Route Support,True,L2,False,Resolved,84.4,FAIL,True,2.0,Low,Synthetic operational record,72.6,-12.6,121.1,BREACHED,False,SLA Breach,2026-10-01 22:46:21.355056
CASE-10030,DP1015,A2013,2026-09-15,2026-09-15 14:29:00.000000,Verification Issue,Identity mismatch,LOW,60,2026-09-15 14:34:00.000000,2026-09-15 15:01:42,32.7,Resolved,Manager Review,False,L1,False,Resolved,99.8,PASS,True,9.9,Medium,Synthetic operational record,32.7,27.3,54.5,WITHIN SLA,False,,
CASE-10031,DP1025,A2015,2026-10-01,2026-10-01 23:40:09.382047,Delivery Delay,Late arrival,MEDIUM,30,2026-10-01 23:44:09.382047,,,Escalated,Payment Adjustment,False,L1,False,Resolved,93.0,REVIEW,True,41.2,Medium,Synthetic operational record,18.8,11.2,62.8,WITHIN SLA,False,,
CASE-10032,DP1095,A2006,2026-10-01,2026-10-01 23:56:48.868533,Account / Access Issue,Profile update,MEDIUM,30,2026-10-02 00:03:48.868533,,,In Progress,Payment Adjustment,False,L1,False,Resolved,100.0,PASS,True,26.4,Medium,Synthetic operational record,2.2,27.8,7.3,WITHIN SLA,False,,
CASE-10033,DP1055,A2007,2026-10-01,2026-10-01 23:20:16.475341,Delivery Delay,Weather delay,LOW,60,2026-10-01 23:22:16.475341,,,Escalated,Guidance Provided,False,L1,False,Resolved,100.0,PASS,True,17.5,Low,Synthetic operational record,38.7,21.3,64.5,WITHIN SLA,False,,
CASE-10034,DP1031,A2013,2026-09-07,2026-09-07 11:41:00.000000,Verification Issue,Document check,LOW,60,2026-09-07 11:47:00.000000,2026-09-07 12:28:30,47.5,Closed,Technical Fix,False,L1,False,Resolved,91.5,REVIEW,True,26.8,Medium,Synthetic operational record,47.5,12.5,79.2,WITHIN SLA,False,,
CASE-10035,DP1042,A2002,2026-09-12,2026-09-12 10:44:00.000000,Account / Access Issue,Account locked,LOW,60,2026-09-12 10:47:00.000000,2026-09-12 11:46:24,62.4,Resolved,Route Support,True,L2,False,Resolved,97.6,PASS,True,2.0,Medium,Synthetic operational record,62.4,-2.4,104.0,BREACHED,True,SLA Breach + Repeated Issue,2026-09-12 10:44:00.000000
CASE-10036,DP1058,A2007,2026-09-10,2026-09-10 15:17:00.000000,Verification Issue,Delivery proof,MEDIUM,30,2026-09-10 15:19:00.000000,2026-09-10 15:42:06,25.1,Closed,Guidance Provided,False,L1,False,Resolved,91.0,REVIEW,True,25.4,Medium,Synthetic operational record,25.1,4.9,83.7,AT RISK,True,,
CASE-10037,DP1054,A2015,2026-09-05,2026-09-05 11:05:00.000000,Delivery Assignment Issue,Wrong zone,LOW,60,2026-09-05 11:12:00.000000,2026-09-05 12:03:54,58.9,Resolved,Technical Fix,False,L1,False,Resolved,94.0,REVIEW,True,37.3,Medium,Synthetic operational record,58.9,1.1,98.2,AT RISK,False,,
CASE-10038,DP1070,A2020,2026-10-01,2026-10-01 23:54:18.633305,Delivery Partner App Issue,Notification failure,MEDIUM,30,2026-10-01 23:59:18.633305,,,In Progress,Guidance Provided,True,L2,False,Resolved,97.4,PASS,True,20.5,Medium,Synthetic operational record,4.7,25.3,15.6,WITHIN SLA,True,Repeated Issue,2026-10-01 23:54:18.633305
CASE-10039,DP1026,A2011,2026-10-01,2026-10-01 23:21:53.323772,Delivery Assignment Issue,No assignment,LOW,60,2026-10-01 23:25:53.323772,,,In Progress,Manager Review,False,L1,False,Resolved,99.6,PASS,True,2.0,Low,Synthetic operational record,37.1,22.9,61.9,WITHIN SLA,False,,
CASE-10040,DP1065,A2008,2026-09-10,2026-09-10 13:23:00.000000,Delivery Delay,Weather delay,LOW,60,2026-09-10 13:26:00.000000,2026-09-10 13:47:18,24.3,Closed,Payment Adjustment,False,L1,False,Resolved,98.5,PASS,True,17.0,Low,Synthetic operational record,24.3,35.7,40.5,WITHIN SLA,False,,
CASE-10041,DP1045,A2009,2026-09-02,2026-09-02 14:10:00.000000,Delivery Delay,Weather delay,HIGH,15,2026-09-02 14:17:00.000000,2026-09-02 14:14:00,4.0,Resolved,Route Support,False,Manager,False,Resolved,94.4,REVIEW,True,37.4,High,Synthetic operational record,4.0,11.0,26.7,WITHIN SLA,False,,
CASE-10042,DP1095,A2014,2026-09-06,2026-09-06 08:43:00.000000,Delivery Delay,Late arrival,LOW,60,2026-09-06 08:44:00.000000,2026-09-06 10:00:36,77.6,Resolved,Route Support,True,L2,False,Resolved,100.0,PASS,True,25.1,Low,Synthetic operational record,77.6,-17.6,129.3,BREACHED,False,SLA Breach,2026-09-06 08:43:00.000000
CASE-10043,DP1016,A2011,2026-10-01,2026-10-01 23:16:26.611492,Payment Issue,Missing payout,LOW,60,2026-10-01 23:17:26.611492,,,Pending,Technical Fix,True,L2,True,Resolved,92.2,REVIEW,True,5.0,Medium,Synthetic operational record,42.6,17.4,70.9,WITHIN SLA,True,Repeated Issue + Manager Intervention Required,2026-10-01 23:16:26.611492
CASE-10044,DP1015,A2001,2026-09-16,2026-09-16 09:00:00.000000,Verification Issue,Document check,LOW,60,2026-09-16 09:02:00.000000,2026-09-16 09:21:54,21.9,Resolved,Guidance Provided,False,L1,False,Resolved,86.0,FAIL,True,50.4,Medium,Synthetic operational record,21.9,38.1,36.5,WITHIN SLA,True,,
CASE-10045,DP1047,A2011,2026-09-24,2026-09-24 15:38:00.000000,Other Operational Issue,Communication,HIGH,15,2026-09-24 15:43:00.000000,2026-09-24 16:03:30,25.5,Resolved,Technical Fix,True,L2,False,Resolved,86.9,FAIL,True,7.0,Medium,Synthetic operational record,25.5,-10.5,170.0,BREACHED,False,SLA Breach,2026-09-24 15:38:00.000000
CASE-10046,DP1051,A2009,2026-09-19,2026-09-19 16:21:00.000000,Delivery Assignment Issue,No assignment,MEDIUM,30,2026-09-19 16:22:00.000000,2026-09-19 16:47:54,26.9,Closed,Guidance Provided,False,L1,False,Resolved,100.0,PASS,True,19.1,Medium,Synthetic operational record,26.9,3.1,89.7,AT RISK,False,,
CASE-10047,DP1070,A2015,2026-10-01,2026-10-01 23:29:15.591510,Verification Issue,Delivery proof,MEDIUM,30,2026-10-01 23:35:15.591510,,,Pending,Technical Fix,False,L1,False,Resolved,93.6,REVIEW,True,9.6,Medium,Synthetic operational record,29.7,0.3,99.1,AT RISK,False,,
CASE-10048,DP1041,A2018,2026-10-01,2026-10-01 23:35:37.087851,Route / Navigation Issue,Restricted road,HIGH,15,2026-10-01 23:37:37.087851,,,Escalated,Technical Fix,True,L2,False,Resolved,94.8,REVIEW,True,9.6,Medium,Synthetic operational record,23.4,-8.4,155.9,BREACHED,False,SLA Breach + High Priority Unresolved,2026-10-01 23:35:37.087851
CASE-10049,DP1092,A2020,2026-10-01,2026-10-01 23:08:47.674179,Delivery Delay,Missed handoff,LOW,60,2026-10-01 23:13:47.674179,,,Pending,Route Support,False,L1,False,Resolved,91.3,REVIEW,True,16.6,Low,Synthetic operational record,50.2,9.8,83.7,AT RISK,False,,
CASE-10050,DP1048,A2013,2026-09-08,2026-09-08 13:54:00.000000,Delivery Assignment Issue,Assignment timeout,HIGH,15,2026-09-08 14:00:00.000000,2026-09-08 13:58:00,4.0,Closed,Technical Fix,False,L1,False,Resolved,91.7,REVIEW,True,29.6,Low,Synthetic operational record,4.0,11.0,26.7,WITHIN SLA,True,,
CASE-10051,DP1013,A2008,2026-10-01,2026-10-01 22:50:25.849371,Verification Issue,Identity mismatch,LOW,60,2026-10-01 22:57:25.849371,,,In Progress,Guidance Provided,True,L2,False,Resolved,90.1,REVIEW,True,37.5,Low,Synthetic operational record,68.6,-8.6,114.3,BREACHED,False,SLA Breach,2026-10-01 22:50:25.849371
CASE-10052,DP1012,A2009,2026-09-12,2026-09-12 14:52:00.000000,Other Operational Issue,Communication,MEDIUM,30,2026-09-12 14:55:00.000000,2026-09-12 15:05:12,13.2,Resolved,Manager Review,False,L1,False,Resolved,96.4,PASS,True,17.4,Low,Synthetic operational record,13.2,16.8,44.0,WITHIN SLA,False,,
CASE-10053,DP1098,A2004,2026-10-01,2026-10-01 23:30:30.507827,Verification Issue,Identity mismatch,MEDIUM,30,2026-10-01 23:31:30.507827,,,In Progress,Guidance Provided,False,L1,False,Resolved,93.5,REVIEW,True,9.9,High,Synthetic operational record,28.5,1.5,95.0,AT RISK,False,,
CASE-10054,DP1014,A2019,2026-09-15,2026-09-15 10:57:00.000000,Other Operational Issue,Other,MEDIUM,30,2026-09-15 11:03:00.000000,2026-09-15 11:25:12,28.2,Resolved,Technical Fix,False,L1,False,Resolved,96.2,PASS,True,27.7,Low,Synthetic operational record,28.2,1.8,94.0,AT RISK,False,,
CASE-10055,DP1095,A2017,2026-10-01,2026-10-01 23:55:36.508958,Other Operational Issue,Policy question,HIGH,15,2026-10-01 23:59:36.508958,,,Pending,Technical Fix,True,L2,False,Resolved,95.7,PASS,True,28.1,Medium,Synthetic operational record,3.4,11.6,22.6,WITHIN SLA,True,High Priority Unresolved + Repeated Issue,2026-10-01 23:55:36.508958
CASE-10056,DP1028,A2018,2026-10-01,2026-10-01 23:37:20.587214,Payment Issue,Missing payout,LOW,60,2026-10-01 23:44:20.587214,,,Escalated,Guidance Provided,True,L2,False,Resolved,91.9,REVIEW,True,24.9,Low,Synthetic operational record,21.7,38.3,36.1,WITHIN SLA,True,Repeated Issue,2026-10-01 23:37:20.587214
CASE-10057,DP1010,A2007,2026-09-16,2026-09-16 11:03:00.000000,Route / Navigation Issue,Restricted road,HIGH,15,2026-09-16 11:05:00.000000,2026-09-16 11:07:00,4.0,Resolved,Manager Review,False,L1,False,Resolved,86.7,FAIL,True,25.3,Low,Synthetic operational record,4.0,11.0,26.7,WITHIN SLA,False,,
CASE-10058,DP1031,A2007,2026-10-01,2026-10-01 23:51:53.536587,Delivery Delay,Missed handoff,MEDIUM,30,2026-10-01 23:56:53.536587,,,New,Technical Fix,True,L2,False,Failed,86.3,FAIL,False,20.6,High,Synthetic operational record,7.1,22.9,23.7,WITHIN SLA,True,High Impact + Repeated Issue + SOP Resolution Failed,2026-10-01 23:51:53.536587
CASE-10059,DP1062,A2018,2026-10-01,2026-10-01 23:41:37.079722,Other Operational Issue,Equipment,MEDIUM,30,2026-10-01 23:42:37.079722,,,Pending,Route Support,True,L2,False,Resolved,100.0,PASS,True,23.2,Low,Synthetic operational record,17.4,12.6,57.9,WITHIN SLA,True,Repeated Issue,2026-10-01 23:41:37.079722
CASE-10060,DP1043,A2011,2026-09-30,2026-09-30 15:07:00.000000,Delivery Partner App Issue,Crash,HIGH,15,2026-09-30 15:11:00.000000,2026-09-30 15:11:00,4.0,Closed,Guidance Provided,False,L1,False,Resolved,100.0,PASS,True,19.8,Medium,Synthetic operational record,4.0,11.0,26.7,WITHIN SLA,False,,
CASE-10061,DP1079,A2015,2026-09-03,2026-09-03 15:16:00.000000,Payment Issue,Adjustment request,LOW,60,2026-09-03 15:17:00.000000,2026-09-03 16:13:54,57.9,Resolved,Payment Adjustment,False,L1,False,Resolved,100.0,PASS,True,34.8,Low,Synthetic operational record,57.9,2.1,96.5,AT RISK,False,,
CASE-10062,DP1062,A2010,2026-10-01,2026-10-01 23:56:40.977627,Account / Access Issue,Password reset,HIGH,15,2026-10-02 00:02:40.977627,,,In Progress,Guidance Provided,True,L2,False,Resolved,90.6,REVIEW,True,48.7,Low,Synthetic operational record,2.3,12.7,15.4,WITHIN SLA,True,High Priority Unresolved + Repeated Issue,2026-10-01 23:56:40.977627
CASE-10063,DP1041,A2009,2026-09-16,2026-09-16 13:11:00.000000,Delivery Assignment Issue,No assignment,MEDIUM,30,2026-09-16 13:16:00.000000,2026-09-16 13:32:24,21.4,Resolved,Technical Fix,False,L1,False,Resolved,94.0,REVIEW,True,24.2,Low,Synthetic operational record,21.4,8.6,71.3,AT RISK,True,,
CASE-10064,DP1064,A2013,2026-09-11,2026-09-11 11:12:00.000000,Verification Issue,Delivery proof,MEDIUM,30,2026-09-11 11:13:00.000000,2026-09-11 11:26:06,14.1,Resolved,Payment Adjustment,False,L1,False,Resolved,89.9,FAIL,True,21.9,Medium,Synthetic operational record,14.1,15.9,47.0,WITHIN SLA,False,,
CASE-10065,DP1098,A2017,2026-10-01,2026-10-01 22:35:34.988013,Payment Issue,Adjustment request,LOW,60,2026-10-01 22:39:34.988013,,,In Progress,Manager Review,True,L2,False,Resolved,87.4,FAIL,True,25.1,Low,Synthetic operational record,83.4,-23.4,139.0,BREACHED,False,SLA Breach,2026-10-01 22:35:34.988013
CASE-10066,DP1042,A2007,2026-09-28,2026-09-28 15:42:00.000000,Other Operational Issue,Policy question,MEDIUM,30,2026-09-28 15:45:00.000000,2026-09-28 16:32:00,50.0,Resolved,Technical Fix,True,L2,False,Resolved,91.1,REVIEW,True,14.1,Medium,Synthetic operational record,50.0,-20.0,166.7,BREACHED,True,SLA Breach + Repeated Issue,2026-09-28 15:42:00.000000
CASE-10067,DP1016,A2017,2026-10-01,2026-10-01 23:41:05.218529,Account / Access Issue,Account locked,MEDIUM,30,2026-10-01 23:46:05.218529,,,Pending,Route Support,True,L2,False,Resolved,100.0,PASS,True,31.2,Medium,Synthetic operational record,17.9,12.1,59.7,WITHIN SLA,True,Repeated Issue,2026-10-01 23:41:05.218529
CASE-10068,DP1041,A2005,2026-09-12,2026-09-12 15:40:00.000000,Delivery Assignment Issue,Wrong zone,MEDIUM,30,2026-09-12 15:44:00.000000,2026-09-12 16:15:12,35.2,Resolved,Guidance Provided,True,L2,False,Resolved,98.2,PASS,True,27.3,Low,Synthetic operational record,35.2,-5.2,117.3,BREACHED,False,SLA Breach,2026-09-12 15:40:00.000000
CASE-10069,DP1085,A2009,2026-09-11,2026-09-11 10:40:00.000000,Verification Issue,Vehicle verification,LOW,60,2026-09-11 10:44:00.000000,2026-09-11 11:22:36,42.6,Resolved,Technical Fix,False,L1,False,Resolved,89.1,FAIL,True,17.0,Low,Synthetic operational record,42.6,17.4,71.0,WITHIN SLA,False,,
CASE-10070,DP1022,A2019,2026-10-01,2026-10-01 23:30:09.050085,Payment Issue,Missing payout,LOW,60,2026-10-01 23:36:09.050085,,,New,Route Support,True,L2,False,Resolved,92.4,REVIEW,True,32.8,Low,Synthetic operational record,28.8,31.2,48.1,WITHIN SLA,True,Repeated Issue,2026-10-01 23:30:09.050085
CASE-10071,DP1095,A2020,2026-09-12,2026-09-12 16:39:00.000000,Route / Navigation Issue,Restricted road,HIGH,15,2026-09-12 16:43:00.000000,2026-09-12 16:43:00,4.0,Closed,Payment Adjustment,False,L1,False,Resolved,97.7,PASS,True,22.2,Medium,Synthetic operational record,4.0,11.0,26.7,WITHIN SLA,False,,
CASE-10072,DP1059,A2019,2026-09-30,2026-09-30 11:10:00.000000,Route / Navigation Issue,Incorrect route,LOW,60,2026-09-30 11:16:00.000000,2026-09-30 11:58:48,48.8,Resolved,Payment Adjustment,False,L1,False,Resolved,91.1,REVIEW,True,10.4,Low,Synthetic operational record,48.8,11.2,81.3,WITHIN SLA,False,,
CASE-10073,DP1061,A2007,2026-09-17,2026-09-17 12:50:00.000000,Account / Access Issue,Password reset,MEDIUM,30,2026-09-17 12:57:00.000000,2026-09-17 13:08:30,18.5,Resolved,Route Support,False,L1,False,Resolved,94.4,REVIEW,True,26.2,Low,Synthetic operational record,18.5,11.5,61.7,WITHIN SLA,False,,
CASE-10074,DP1032,A2017,2026-10-01,2026-10-01 23:55:51.266345,Delivery Partner App Issue,Notification failure,HIGH,15,2026-10-02 00:01:51.266345,,,In Progress,Guidance Provided,True,L2,False,Resolved,96.0,PASS,True,24.8,Low,Synthetic operational record,3.1,11.9,21.0,WITHIN SLA,False,High Priority Unresolved,2026-10-01 23:55:51.266345
CASE-10075,DP1093,A2019,2026-10-01,2026-10-01 23:50:12.651047,Delivery Assignment Issue,No assignment,LOW,60,2026-10-01 23:57:12.651047,,,Pending,Route Support,False,L1,False,Resolved,96.0,PASS,True,33.5,Low,Synthetic operational record,8.8,51.2,14.6,WITHIN SLA,False,,
CASE-10076,DP1004,A2020,2026-09-19,2026-09-19 16:52:00.000000,Route / Navigation Issue,Restricted road,LOW,60,2026-09-19 16:57:00.000000,2026-09-19 17:26:06,34.1,Closed,Manager Review,False,L1,False,Resolved,95.3,PASS,True,32.0,Medium,Synthetic operational record,34.1,25.9,56.8,WITHIN SLA,False,,
CASE-10077,DP1030,A2001,2026-10-01,2026-10-01 23:37:30.297149,Delivery Delay,Missed handoff,MEDIUM,30,2026-10-01 23:41:30.297149,,,New,Route Support,False,L1,False,Resolved,90.7,REVIEW,True,20.7,Low,Synthetic operational record,21.5,8.5,71.7,AT RISK,False,,
CASE-10078,DP1042,A2015,2026-10-01,2026-10-01 23:23:08.954615,Delivery Delay,Late arrival,LOW,60,2026-10-01 23:27:08.954615,,,In Progress,Technical Fix,False,L1,False,Resolved,91.2,REVIEW,True,16.3,Low,Synthetic operational record,35.9,24.1,59.8,WITHIN SLA,False,,
CASE-10079,DP1048,A2020,2026-10-01,2026-10-01 23:36:53.637488,Delivery Partner App Issue,Crash,MEDIUM,30,2026-10-01 23:38:53.637488,,,In Progress,Technical Fix,False,L1,False,Resolved,88.3,FAIL,True,22.0,Low,Synthetic operational record,22.1,7.9,73.7,AT RISK,False,,
CASE-10080,DP1048,A2016,2026-10-01,2026-10-01 23:40:35.368610,Payment Issue,Adjustment request,MEDIUM,30,2026-10-01 23:46:35.368610,,,Pending,Manager Review,True,L2,False,Resolved,86.2,FAIL,True,26.4,Medium,Synthetic operational record,18.4,11.6,61.4,WITHIN SLA,True,Repeated Issue,2026-10-01 23:40:35.368610
CASE-10081,DP1015,A2005,2026-09-26,2026-09-26 12:47:00.000000,Account / Access Issue,Profile update,MEDIUM,30,2026-09-26 12:52:00.000000,2026-09-26 12:59:48,12.8,Closed,Route Support,True,L2,False,Failed,93.4,REVIEW,False,27.8,Medium,Synthetic operational record,12.8,17.2,42.7,WITHIN SLA,False,SOP Resolution Failed,2026-09-26 12:47:00.000000
CASE-10082,DP1023,A2016,2026-09-18,2026-09-18 15:59:00.000000,Delivery Partner App Issue,Notification failure,MEDIUM,30,2026-09-18 16:06:00.000000,2026-09-18 16:56:24,57.4,Resolved,Manager Review,True,L2,False,Resolved,98.1,PASS,True,25.6,Low,Synthetic operational record,57.4,-27.4,191.3,BREACHED,False,SLA Breach,2026-09-18 15:59:00.000000
CASE-10083,DP1010,A2003,2026-09-17,2026-09-17 17:05:00.000000,Payment Issue,Adjustment request,MEDIUM,30,2026-09-17 17:10:00.000000,2026-09-17 18:04:54,59.9,Resolved,Manager Review,True,L2,False,Resolved,87.1,FAIL,True,20.9,Low,Synthetic operational record,59.9,-29.9,199.7,BREACHED,False,SLA Breach,2026-09-17 17:05:00.000000
CASE-10084,DP1058,A2010,2026-10-01,2026-10-01 23:58:09.318477,Other Operational Issue,Equipment,MEDIUM,30,2026-10-02 00:02:09.318477,,,Escalated,Payment Adjustment,False,L1,False,Resolved,95.4,PASS,True,34.0,Medium,Synthetic operational record,0.8,29.2,2.8,WITHIN SLA,False,,
CASE-10085,DP1036,A2013,2026-10-01,2026-10-01 23:42:13.240836,Delivery Partner App Issue,Login error,LOW,60,2026-10-01 23:45:13.240836,,,Escalated,Guidance Provided,False,L1,False,Resolved,97.9,PASS,True,13.9,Low,Synthetic operational record,16.8,43.2,28.0,WITHIN SLA,False,,
CASE-10086,DP1057,A2010,2026-10-01,2026-10-01 23:19:13.316707,Verification Issue,Identity mismatch,MEDIUM,30,2026-10-01 23:26:13.316707,,,In Progress,Technical Fix,True,L2,False,Resolved,84.8,FAIL,True,51.8,Medium,Synthetic operational record,39.8,-9.8,132.6,BREACHED,False,SLA Breach,2026-10-01 23:19:13.316707
CASE-10087,DP1059,A2014,2026-10-01,2026-10-01 23:56:56.898821,Delivery Assignment Issue,Wrong zone,HIGH,15,2026-10-02 00:02:56.898821,,,In Progress,Technical Fix,True,L2,False,Failed,92.6,REVIEW,False,31.2,Low,Synthetic operational record,2.1,12.9,13.7,WITHIN SLA,True,High Priority Unresolved + Repeated Issue + SOP Resolution Failed,2026-10-01 23:56:56.898821
CASE-10088,DP1071,A2005,2026-09-06,2026-09-06 13:05:00.000000,Account / Access Issue,Permission request,MEDIUM,30,2026-09-06 13:12:00.000000,2026-09-06 13:19:18,14.3,Resolved,Manager Review,False,L1,False,Resolved,100.0,PASS,True,8.5,Low,Synthetic operational record,14.3,15.7,47.7,WITHIN SLA,False,,
CASE-10089,DP1055,A2013,2026-10-01,2026-10-01 23:53:47.562937,Verification Issue,Vehicle verification,MEDIUM,30,2026-10-01 23:58:47.562937,,,Escalated,Technical Fix,True,L2,False,Failed,96.8,PASS,False,24.2,Low,Synthetic operational record,5.2,24.8,17.4,WITHIN SLA,False,SOP Resolution Failed,2026-10-01 23:53:47.562937
CASE-10090,DP1065,A2013,2026-10-01,2026-10-01 22:37:33.928977,Account / Access Issue,Password reset,LOW,60,2026-10-01 22:41:33.928977,,,Pending,Technical Fix,True,L2,False,Resolved,84.6,FAIL,True,31.3,Low,Synthetic operational record,81.4,-21.4,135.7,BREACHED,False,SLA Breach,2026-10-01 22:37:33.928977
CASE-10091,DP1059,A2013,2026-10-01,2026-10-01 23:37:00.861047,Delivery Assignment Issue,No assignment,LOW,60,2026-10-01 23:38:00.861047,,,Pending,Manager Review,False,L1,False,Resolved,97.3,PASS,True,17.8,Medium,Synthetic operational record,22.0,38.0,36.6,WITHIN SLA,False,,
CASE-10092,DP1066,A2006,2026-09-24,2026-09-24 15:05:00.000000,Delivery Delay,Traffic delay,LOW,60,2026-09-24 15:06:00.000000,2026-09-24 16:06:42,61.7,Closed,Guidance Provided,True,L2,False,Resolved,90.3,REVIEW,True,4.1,Low,Synthetic operational record,61.7,-1.7,102.8,BREACHED,False,SLA Breach,2026-09-24 15:05:00.000000
CASE-10093,DP1062,A2007,2026-09-07,2026-09-07 15:57:00.000000,Verification Issue,Delivery proof,LOW,60,2026-09-07 16:02:00.000000,2026-09-07 16:52:00,55.0,Resolved,Route Support,False,L1,False,Resolved,97.5,PASS,True,9.5,Low,Synthetic operational record,55.0,5.0,91.7,AT RISK,False,,
CASE-10094,DP1032,A2006,2026-09-21,2026-09-21 11:54:00.000000,Delivery Assignment Issue,Wrong zone,HIGH,15,2026-09-21 11:56:00.000000,2026-09-21 11:58:00,4.0,Resolved,Payment Adjustment,False,L1,False,Resolved,90.5,REVIEW,True,28.5,Low,Synthetic operational record,4.0,11.0,26.7,WITHIN SLA,False,,
CASE-10095,DP1025,A2010,2026-10-01,2026-10-01 23:52:58.542710,Delivery Assignment Issue,No assignment,LOW,60,2026-10-01 23:53:58.542710,,,New,Manager Review,True,L2,False,Resolved,93.7,REVIEW,True,2.0,Low,Synthetic operational record,6.0,54.0,10.0,WITHIN SLA,True,Repeated Issue,2026-10-01 23:52:58.542710
CASE-10096,DP1079,A2012,2026-09-25,2026-09-25 08:20:00.000000,Delivery Partner App Issue,Notification failure,MEDIUM,30,2026-09-25 08:26:00.000000,2026-09-25 08:30:48,10.8,Closed,Payment Adjustment,False,L1,False,Resolved,91.3,REVIEW,True,4.6,Medium,Synthetic operational record,10.8,19.2,36.0,WITHIN SLA,False,,
CASE-10097,DP1035,A2008,2026-10-01,2026-10-01 23:34:13.371684,Other Operational Issue,Communication,LOW,60,2026-10-01 23:39:13.371684,,,Pending,Payment Adjustment,True,L2,False,Resolved,94.0,REVIEW,True,28.4,Medium,Synthetic operational record,24.8,35.2,41.3,WITHIN SLA,True,Repeated Issue,2026-10-01 23:34:13.371684
CASE-10098,DP1055,A2009,2026-09-17,2026-09-17 12:44:00.000000,Route / Navigation Issue,Restricted road,LOW,60,2026-09-17 12:45:00.000000,2026-09-17 13:16:24,32.4,Resolved,Manager Review,False,L1,False,Resolved,91.2,REVIEW,True,19.3,High,Synthetic operational record,32.4,27.6,54.0,WITHIN SLA,False,,
CASE-10099,DP1020,A2006,2026-10-01,2026-10-01 23:30:04.616263,Route / Navigation Issue,GPS drift,MEDIUM,30,2026-10-01 23:34:04.616263,,,New,Manager Review,True,L2,False,Resolved,92.9,REVIEW,True,13.7,Low,Synthetic operational record,28.9,1.1,96.4,AT RISK,True,Repeated Issue,2026-10-01 23:30:04.616263
CASE-10100,DP1044,A2005,2026-10-01,2026-10-01 23:13:46.403559,Verification Issue,Document check,LOW,60,2026-10-01 23:17:46.403559,,,Escalated,Route Support,False,L1,False,Resolved,88.1,FAIL,True,16.1,Low,Synthetic operational record,45.2,14.8,75.4,WITHIN SLA,False,,
CASE-10101,DP1053,A2014,2026-10-01,2026-10-01 23:54:04.928193,Delivery Delay,Late arrival,MEDIUM,30,2026-10-01 23:55:04.928193,,,Escalated,Route Support,True,L2,False,Resolved,96.5,PASS,True,4.4,Low,Synthetic operational record,4.9,25.1,16.4,WITHIN SLA,True,Repeated Issue,2026-10-01 23:54:04.928193
CASE-10102,DP1063,A2017,2026-10-01,2026-10-01 23:53:38.682049,Delivery Delay,Late arrival,HIGH,15,2026-10-01 23:58:38.682049,,,Pending,Manager Review,True,L2,False,Resolved,94.9,REVIEW,True,27.8,Medium,Synthetic operational record,5.4,9.6,35.7,AT RISK,True,High Priority Unresolved + Repeated Issue,2026-10-01 23:53:38.682049
CASE-10103,DP1053,A2006,2026-10-01,2026-10-01 23:56:06.810832,Delivery Delay,Late arrival,HIGH,15,2026-10-01 23:59:06.810832,,,In Progress,Manager Review,True,L2,False,Resolved,85.9,FAIL,True,12.3,Low,Synthetic operational record,2.9,12.1,19.2,WITHIN SLA,True,High Priority Unresolved + Repeated Issue,2026-10-01 23:56:06.810832
CASE-10104,DP1037,A2018,2026-10-01,2026-10-01 10:29:00.000000,Route / Navigation Issue,Incorrect route,LOW,60,2026-10-01 10:36:00.000000,2026-10-01 10:56:54,27.9,Closed,Route Support,False,L1,False,Resolved,99.0,PASS,True,15.6,Low,Synthetic operational record,27.9,32.1,46.5,WITHIN SLA,False,,
CASE-10105,DP1097,A2012,2026-10-01,2026-10-01 23:42:35.619214,Delivery Assignment Issue,Duplicate assignment,MEDIUM,30,2026-10-01 23:43:35.619214,,,Escalated,Technical Fix,True,L2,False,Resolved,93.1,REVIEW,True,26.2,Medium,Synthetic operational record,16.4,13.6,54.7,WITHIN SLA,True,Repeated Issue,2026-10-01 23:42:35.619214
CASE-10106,DP1052,A2004,2026-10-01,2026-10-01 23:17:50.769609,Account / Access Issue,Password reset,LOW,60,2026-10-01 23:23:50.769609,,,Pending,Route Support,True,L2,False,Resolved,94.8,REVIEW,True,18.9,Low,Synthetic operational record,41.2,18.8,68.6,WITHIN SLA,True,Repeated Issue,2026-10-01 23:17:50.769609
CASE-10107,DP1081,A2008,2026-10-01,2026-10-01 23:58:21.617378,Account / Access Issue,Account locked,HIGH,15,2026-10-01 23:59:21.617378,,,Pending,Technical Fix,True,L2,False,Failed,97.8,PASS,False,13.5,Low,Synthetic operational record,0.6,14.4,4.3,WITHIN SLA,False,High Priority Unresolved + SOP Resolution Failed,2026-10-01 23:58:21.617378
CASE-10108,DP1074,A2001,2026-09-23,2026-09-23 13:48:00.000000,Payment Issue,Payment timing,MEDIUM,30,2026-09-23 13:54:00.000000,2026-09-23 14:01:12,13.2,Closed,Payment Adjustment,False,L1,False,Resolved,95.6,PASS,True,2.0,Low,Synthetic operational record,13.2,16.8,44.0,WITHIN SLA,False,,
CASE-10109,DP1056,A2001,2026-09-03,2026-09-03 08:03:00.000000,Delivery Delay,Late arrival,LOW,60,2026-09-03 08:09:00.000000,2026-09-03 08:54:06,51.1,Closed,Payment Adjustment,False,L1,False,Resolved,99.8,PASS,True,26.4,Medium,Synthetic operational record,51.1,8.9,85.2,AT RISK,False,,
CASE-10110,DP1089,A2007,2026-10-01,2026-10-01 23:17:09.076792,Delivery Partner App Issue,Notification failure,LOW,60,2026-10-01 23:20:09.076792,,,Pending,Manager Review,False,L1,False,Resolved,92.5,REVIEW,True,22.9,Medium,Synthetic operational record,41.8,18.2,69.7,WITHIN SLA,False,,
CASE-10111,DP1013,A2010,2026-09-03,2026-09-03 08:42:00.000000,Other Operational Issue,Communication,LOW,60,2026-09-03 08:44:00.000000,2026-09-03 09:07:30,25.5,Resolved,Payment Adjustment,False,L1,False,Resolved,99.2,PASS,True,15.8,Low,Synthetic operational record,25.5,34.5,42.5,WITHIN SLA,False,,
CASE-10112,DP1093,A2016,2026-09-22,2026-09-22 12:30:00.000000,Account / Access Issue,Profile update,LOW,60,2026-09-22 12:31:00.000000,2026-09-22 13:06:30,36.5,Resolved,Manager Review,False,L1,False,Resolved,94.6,REVIEW,True,9.6,Medium,Synthetic operational record,36.5,23.5,60.8,WITHIN SLA,False,,
CASE-10113,DP1086,A2003,2026-09-08,2026-09-08 10:04:00.000000,Other Operational Issue,Other,HIGH,15,2026-09-08 10:07:00.000000,2026-09-08 10:08:00,4.0,Closed,Manager Review,False,L1,False,Resolved,96.5,PASS,True,22.2,Low,Synthetic operational record,4.0,11.0,26.7,WITHIN SLA,False,,
CASE-10114,DP1051,A2017,2026-10-01,2026-10-01 23:42:22.000407,Payment Issue,Payment timing,MEDIUM,30,2026-10-01 23:47:22.000407,,,Pending,Manager Review,False,L1,False,Resolved,96.0,PASS,True,27.8,Low,Synthetic operational record,16.6,13.4,55.4,WITHIN SLA,False,,
CASE-10115,DP1074,A2005,2026-10-01,2026-10-01 23:57:11.397984,Delivery Partner App Issue,Notification failure,HIGH,15,2026-10-02 00:03:11.397984,,,New,Guidance Provided,True,L2,False,Resolved,100.0,PASS,True,23.2,Medium,Synthetic operational record,1.8,13.2,12.1,WITHIN SLA,True,High Priority Unresolved + Repeated Issue,2026-10-01 23:57:11.397984
CASE-10116,DP1053,A2003,2026-10-01,2026-10-01 23:53:12.708894,Delivery Assignment Issue,Wrong zone,LOW,60,2026-10-01 23:55:12.708894,,,In Progress,Route Support,True,L2,False,Resolved,97.6,PASS,True,41.7,Medium,Synthetic operational record,5.8,54.2,9.6,WITHIN SLA,True,Repeated Issue,2026-10-01 23:53:12.708894
CASE-10117,DP1027,A2014,2026-09-11,2026-09-11 11:57:00.000000,Delivery Partner App Issue,Login error,MEDIUM,30,2026-09-11 11:58:00.000000,2026-09-11 12:09:00,12.0,Closed,Technical Fix,False,L1,False,Resolved,91.8,REVIEW,True,30.5,Medium,Synthetic operational record,12.0,18.0,40.0,WITHIN SLA,False,,
CASE-10118,DP1080,A2016,2026-09-06,2026-09-06 14:23:00.000000,Delivery Partner App Issue,Sync delay,LOW,60,2026-09-06 14:27:00.000000,2026-09-06 14:54:24,31.4,Closed,Payment Adjustment,False,L1,False,Resolved,90.8,REVIEW,True,20.7,Medium,Synthetic operational record,31.4,28.6,52.3,WITHIN SLA,False,,
CASE-10119,DP1025,A2013,2026-09-02,2026-09-02 10:29:00.000000,Delivery Partner App Issue,Notification failure,MEDIUM,30,2026-09-02 10:34:00.000000,2026-09-02 10:43:12,14.2,Closed,Payment Adjustment,False,L1,False,Resolved,93.8,REVIEW,True,30.9,Low,Synthetic operational record,14.2,15.8,47.3,WITHIN SLA,False,,
CASE-10120,DP1032,A2003,2026-09-23,2026-09-23 08:11:00.000000,Other Operational Issue,Communication,LOW,60,2026-09-23 08:18:00.000000,2026-09-23 09:05:18,54.3,Resolved,Technical Fix,False,L1,False,Resolved,90.2,REVIEW,True,22.6,Low,Synthetic operational record,54.3,5.7,90.5,AT RISK,False,,
CASE-10121,DP1052,A2003,2026-10-01,2026-10-01 12:02:00.000000,Delivery Partner App Issue,Login error,LOW,60,2026-10-01 12:08:00.000000,2026-10-01 12:30:42,28.7,Closed,Manager Review,False,L1,False,Resolved,88.7,FAIL,True,22.5,Low,Synthetic operational record,28.7,31.3,47.8,WITHIN SLA,False,,
CASE-10122,DP1084,A2008,2026-09-13,2026-09-13 13:21:00.000000,Delivery Partner App Issue,Notification failure,MEDIUM,30,2026-09-13 13:25:00.000000,2026-09-13 13:36:06,15.1,Closed,Manager Review,False,L1,False,Resolved,83.4,FAIL,True,37.6,Low,Synthetic operational record,15.1,14.9,50.3,WITHIN SLA,False,,
CASE-10123,DP1039,A2010,2026-09-21,2026-09-21 12:35:00.000000,Account / Access Issue,Account locked,LOW,60,2026-09-21 12:40:00.000000,2026-09-21 13:32:42,57.7,Resolved,Payment Adjustment,False,L1,False,Resolved,86.3,FAIL,True,11.2,Low,Synthetic operational record,57.7,2.3,96.2,AT RISK,False,,
CASE-10124,DP1050,A2020,2026-10-01,2026-10-01 23:15:17.569774,Delivery Delay,Late arrival,MEDIUM,30,2026-10-01 23:20:17.569774,,,In Progress,Guidance Provided,True,L2,False,Resolved,100.0,PASS,True,22.3,Low,Synthetic operational record,43.7,-13.7,145.7,BREACHED,False,SLA Breach,2026-10-01 23:15:17.569774
CASE-10125,DP1005,A2006,2026-09-08,2026-09-08 15:04:00.000000,Verification Issue,Identity mismatch,MEDIUM,30,2026-09-08 15:08:00.000000,2026-09-08 15:16:12,12.2,Closed,Guidance Provided,False,L1,False,Resolved,90.7,REVIEW,True,36.3,Low,Synthetic operational record,12.2,17.8,40.7,WITHIN SLA,False,,
CASE-10126,DP1012,A2004,2026-10-01,2026-10-01 23:03:14.839394,Route / Navigation Issue,Map pin error,LOW,60,2026-10-01 23:08:14.839394,,,New,Technical Fix,False,L1,False,Resolved,100.0,PASS,True,25.7,Medium,Synthetic operational record,55.8,4.2,92.9,AT RISK,False,,
CASE-10127,DP1006,A2019,2026-10-01,2026-10-01 23:56:32.021370,Account / Access Issue,Account locked,HIGH,15,2026-10-01 23:58:32.021370,,,Pending,Manager Review,True,L2,False,Resolved,96.0,PASS,True,17.6,Low,Synthetic operational record,2.5,12.5,16.4,WITHIN SLA,False,High Priority Unresolved,2026-10-01 23:56:32.021370
CASE-10128,DP1008,A2004,2026-10-01,2026-10-01 23:07:43.196466,Route / Navigation Issue,Map pin error,MEDIUM,30,2026-10-01 23:13:43.196466,,,Pending,Payment Adjustment,True,L2,False,Resolved,93.8,REVIEW,True,2.0,Low,Synthetic operational record,51.3,-21.3,170.9,BREACHED,False,SLA Breach,2026-10-01 23:07:43.196466
CASE-10129,DP1087,A2001,2026-10-01,2026-10-01 23:46:44.488005,Delivery Delay,Weather delay,MEDIUM,30,2026-10-01 23:53:44.488005,,,Pending,Guidance Provided,False,L1,False,Resolved,86.5,FAIL,True,2.0,Medium,Synthetic operational record,12.3,17.7,40.9,WITHIN SLA,False,,
CASE-10130,DP1085,A2009,2026-10-01,2026-10-01 23:50:46.241823,Route / Navigation Issue,Map pin error,MEDIUM,30,2026-10-01 23:54:46.241823,,,In Progress,Payment Adjustment,False,L1,False,Resolved,94.0,REVIEW,True,46.9,Medium,Synthetic operational record,8.2,21.8,27.4,WITHIN SLA,False,,
CASE-10131,DP1083,A2009,2026-10-01,2026-10-01 23:50:34.330428,Delivery Delay,Late arrival,MEDIUM,30,2026-10-01 23:54:34.330428,,,Escalated,Manager Review,True,L2,False,Resolved,100.0,PASS,True,25.7,Low,Synthetic operational record,8.4,21.6,28.1,WITHIN SLA,True,Repeated Issue,2026-10-01 23:50:34.330428
CASE-10132,DP1006,A2013,2026-10-01,2026-10-01 23:29:18.652510,Payment Issue,Rate question,MEDIUM,30,2026-10-01 23:33:18.652510,,,In Progress,Payment Adjustment,True,L2,False,Resolved,100.0,PASS,True,15.0,Medium,Synthetic operational record,29.7,0.3,99.0,AT RISK,True,Repeated Issue,2026-10-01 23:29:18.652510
CASE-10133,DP1008,A2018,2026-09-22,2026-09-22 16:59:00.000000,Delivery Delay,Weather delay,HIGH,15,2026-09-22 17:05:00.000000,2026-09-22 17:16:36,17.6,Closed,Payment Adjustment,True,L2,False,Resolved,95.4,PASS,True,26.2,Medium,Synthetic operational record,17.6,-2.6,117.3,BREACHED,True,SLA Breach + Repeated Issue,2026-09-22 16:59:00.000000
CASE-10134,DP1029,A2019,2026-10-01,2026-10-01 23:04:11.919732,Delivery Partner App Issue,Notification failure,MEDIUM,30,2026-10-01 23:06:11.919732,,,In Progress,Guidance Provided,True,L2,False,Resolved,88.3,FAIL,True,10.6,Medium,Synthetic operational record,54.8,-24.8,182.7,BREACHED,False,SLA Breach,2026-10-01 23:04:11.919732
CASE-10135,DP1057,A2006,2026-10-01,2026-10-01 23:22:16.963955,Verification Issue,Identity mismatch,LOW,60,2026-10-01 23:25:16.963955,,,Pending,Manager Review,True,L2,False,Resolved,89.2,FAIL,True,18.0,Low,Synthetic operational record,36.7,23.3,61.2,WITHIN SLA,True,Repeated Issue,2026-10-01 23:22:16.963955
CASE-10136,DP1034,A2020,2026-09-28,2026-09-28 14:59:00.000000,Delivery Assignment Issue,No assignment,LOW,60,2026-09-28 15:04:00.000000,2026-09-28 15:44:00,45.0,Closed,Guidance Provided,False,L1,False,Resolved,89.7,FAIL,True,10.7,Low,Synthetic operational record,45.0,15.0,75.0,WITHIN SLA,True,,
CASE-10137,DP1049,A2013,2026-10-01,2026-10-01 23:49:53.918959,Delivery Partner App Issue,Login error,MEDIUM,30,2026-10-01 23:54:53.918959,,,In Progress,Manager Review,True,L2,False,Resolved,100.0,PASS,True,5.0,Medium,Synthetic operational record,9.1,20.9,30.3,WITHIN SLA,True,Repeated Issue,2026-10-01 23:49:53.918959
CASE-10138,DP1018,A2002,2026-10-01,2026-10-01 23:58:49.724756,Delivery Assignment Issue,Duplicate assignment,LOW,60,2026-10-02 00:01:49.724756,,,In Progress,Technical Fix,True,L2,False,Resolved,100.0,PASS,True,2.0,Low,Synthetic operational record,0.2,59.8,0.3,WITHIN SLA,True,Repeated Issue,2026-10-01 23:58:49.724756
CASE-10139,DP1074,A2019,2026-10-01,2026-10-01 22:32:56.903502,Account / Access Issue,Permission request,LOW,60,2026-10-01 22:33:56.903502,,,Escalated,Guidance Provided,True,L2,False,Resolved,95.0,PASS,True,2.8,Medium,Synthetic operational record,86.1,-26.1,143.4,BREACHED,False,SLA Breach,2026-10-01 22:32:56.903502
CASE-10140,DP1032,A2003,2026-10-01,2026-10-01 23:46:32.792273,Payment Issue,Payment timing,LOW,60,2026-10-01 23:50:32.792273,,,In Progress,Technical Fix,False,L1,False,Resolved,92.5,REVIEW,True,34.3,Medium,Synthetic operational record,12.5,47.5,20.8,WITHIN SLA,False,,
CASE-10141,DP1007,A2012,2026-10-01,2026-10-01 23:34:39.119349,Route / Navigation Issue,Incorrect route,MEDIUM,30,2026-10-01 23:39:39.119349,,,In Progress,Guidance Provided,True,L2,False,Failed,100.0,PASS,False,10.2,Medium,Synthetic operational record,24.3,5.7,81.2,AT RISK,False,SOP Resolution Failed,2026-10-01 23:34:39.119349
CASE-10142,DP1075,A2016,2026-09-07,2026-09-07 08:41:00.000000,Account / Access Issue,Permission request,LOW,60,2026-09-07 08:47:00.000000,2026-09-07 09:05:18,24.3,Resolved,Guidance Provided,False,L1,False,Resolved,89.1,FAIL,True,28.4,High,Synthetic operational record,24.3,35.7,40.5,WITHIN SLA,False,,
CASE-10143,DP1091,A2005,2026-09-30,2026-09-30 12:55:00.000000,Delivery Partner App Issue,Sync delay,MEDIUM,30,2026-09-30 12:56:00.000000,2026-09-30 13:10:36,15.6,Closed,Guidance Provided,False,L1,False,Resolved,94.3,REVIEW,True,33.5,Medium,Synthetic operational record,15.6,14.4,52.0,WITHIN SLA,True,,
CASE-10144,DP1002,A2006,2026-09-09,2026-09-09 08:48:00.000000,Verification Issue,Identity mismatch,MEDIUM,30,2026-09-09 08:49:00.000000,2026-09-09 09:04:06,16.1,Resolved,Route Support,False,L1,False,Resolved,96.3,PASS,True,22.2,Medium,Synthetic operational record,16.1,13.9,53.7,WITHIN SLA,False,,
CASE-10145,DP1044,A2010,2026-09-14,2026-09-14 15:14:00.000000,Delivery Assignment Issue,Duplicate assignment,MEDIUM,30,2026-09-14 15:17:00.000000,2026-09-14 15:27:18,13.3,Resolved,Manager Review,False,L1,False,Resolved,89.7,FAIL,True,18.4,Medium,Synthetic operational record,13.3,16.7,44.3,WITHIN SLA,False,,
CASE-10146,DP1083,A2018,2026-10-01,2026-10-01 13:31:00.000000,Delivery Assignment Issue,Duplicate assignment,LOW,60,2026-10-01 13:35:00.000000,2026-10-01 14:15:06,44.1,Closed,Technical Fix,False,L1,False,Resolved,90.8,REVIEW,True,23.6,Low,Synthetic operational record,44.1,15.9,73.5,WITHIN SLA,True,,
CASE-10147,DP1071,A2005,2026-09-20,2026-09-20 16:21:00.000000,Route / Navigation Issue,Incorrect route,MEDIUM,30,2026-09-20 16:22:00.000000,2026-09-20 16:37:48,16.8,Resolved,Route Support,False,L1,False,Resolved,90.4,REVIEW,True,17.0,Medium,Synthetic operational record,16.8,13.2,56.0,WITHIN SLA,False,,
CASE-10148,DP1086,A2014,2026-09-29,2026-09-29 10:47:00.000000,Account / Access Issue,Password reset,MEDIUM,30,2026-09-29 10:49:00.000000,2026-09-29 10:58:18,11.3,Resolved,Technical Fix,False,L1,False,Resolved,100.0,PASS,True,36.4,Medium,Synthetic operational record,11.3,18.7,37.7,WITHIN SLA,False,,
CASE-10149,DP1042,A2010,2026-10-01,2026-10-01 13:11:00.000000,Delivery Assignment Issue,Wrong zone,MEDIUM,30,2026-10-01 13:14:00.000000,2026-10-01 13:25:48,14.8,Resolved,Payment Adjustment,False,L1,False,Resolved,100.0,PASS,True,44.5,High,Synthetic operational record,14.8,15.2,49.3,WITHIN SLA,False,,
CASE-10150,DP1038,A2003,2026-09-29,2026-09-29 09:10:00.000000,Delivery Delay,Traffic delay,MEDIUM,30,2026-09-29 09:12:00.000000,2026-09-29 09:27:24,17.4,Resolved,Technical Fix,False,L1,False,Resolved,94.6,REVIEW,True,39.4,Low,Synthetic operational record,17.4,12.6,58.0,WITHIN SLA,True,,
CASE-10151,DP1071,A2015,2026-09-04,2026-09-04 16:50:00.000000,Delivery Assignment Issue,Duplicate assignment,LOW,60,2026-09-04 16:55:00.000000,2026-09-04 18:13:48,83.8,Resolved,Manager Review,True,L2,False,Resolved,92.7,REVIEW,True,2.0,Low,Synthetic operational record,83.8,-23.8,139.7,BREACHED,True,SLA Breach + Repeated Issue,2026-09-04 16:50:00.000000
CASE-10152,DP1016,A2017,2026-10-01,2026-10-01 23:44:00.289134,Delivery Delay,Traffic delay,HIGH,15,2026-10-01 23:45:00.289134,,,Pending,Payment Adjustment,True,L2,False,Failed,91.0,REVIEW,False,16.8,Medium,Synthetic operational record,15.0,0.0,100.0,AT RISK,True,High Priority Unresolved + Repeated Issue + SOP Resolution Failed,2026-10-01 23:44:00.289134
CASE-10153,DP1024,A2012,2026-10-01,2026-10-01 23:47:01.455052,Route / Navigation Issue,Incorrect route,LOW,60,2026-10-01 23:54:01.455052,,,New,Payment Adjustment,True,L2,False,Resolved,94.0,REVIEW,True,22.0,Low,Synthetic operational record,12.0,48.0,20.0,WITHIN SLA,True,Repeated Issue,2026-10-01 23:47:01.455052
CASE-10154,DP1061,A2004,2026-10-01,2026-10-01 23:57:13.585280,Route / Navigation Issue,Incorrect route,MEDIUM,30,2026-10-01 23:59:13.585280,,,Pending,Manager Review,False,L1,False,Resolved,91.2,REVIEW,True,27.6,Medium,Synthetic operational record,1.8,28.2,5.9,WITHIN SLA,False,,
CASE-10155,DP1067,A2004,2026-10-01,2026-10-01 23:58:40.135440,Route / Navigation Issue,Map pin error,MEDIUM,30,2026-10-02 00:02:40.135440,,,In Progress,Route Support,False,L1,False,Resolved,93.5,REVIEW,True,2.0,Low,Synthetic operational record,0.3,29.7,1.1,WITHIN SLA,False,,
CASE-10156,DP1012,A2009,2026-09-27,2026-09-27 09:03:00.000000,Delivery Partner App Issue,Login error,LOW,60,2026-09-27 09:10:00.000000,2026-09-27 09:39:12,36.2,Resolved,Guidance Provided,False,L1,False,Resolved,96.1,PASS,True,2.0,Low,Synthetic operational record,36.2,23.8,60.3,WITHIN SLA,False,,
CASE-10157,DP1051,A2011,2026-10-01,2026-10-01 23:53:50.266848,Route / Navigation Issue,Incorrect route,MEDIUM,30,2026-10-01 23:58:50.266848,,,In Progress,Guidance Provided,True,L2,False,Resolved,92.0,REVIEW,True,37.7,Low,Synthetic operational record,5.2,24.8,17.2,WITHIN SLA,True,Repeated Issue,2026-10-01 23:53:50.266848
CASE-10158,DP1037,A2012,2026-09-02,2026-09-02 15:27:00.000000,Route / Navigation Issue,Map pin error,LOW,60,2026-09-02 15:34:00.000000,2026-09-02 15:56:06,29.1,Resolved,Technical Fix,False,L1,False,Resolved,93.1,REVIEW,True,15.3,Medium,Synthetic operational record,29.1,30.9,48.5,WITHIN SLA,False,,
CASE-10159,DP1051,A2005,2026-10-01,2026-10-01 23:45:05.338627,Route / Navigation Issue,Map pin error,MEDIUM,30,2026-10-01 23:46:05.338627,,,Escalated,Guidance Provided,False,L1,False,Resolved,93.1,REVIEW,True,4.2,Low,Synthetic operational record,13.9,16.1,46.4,WITHIN SLA,False,,
CASE-10160,DP1096,A2011,2026-09-08,2026-09-08 09:54:00.000000,Delivery Partner App Issue,Login error,MEDIUM,30,2026-09-08 10:00:00.000000,2026-09-08 10:22:36,28.6,Resolved,Route Support,False,L1,False,Resolved,92.4,REVIEW,True,8.8,Medium,Synthetic operational record,28.6,1.4,95.3,AT RISK,False,,
CASE-10161,DP1008,A2006,2026-10-01,2026-10-01 23:16:33.977331,Delivery Delay,Traffic delay,LOW,60,2026-10-01 23:17:33.977331,,,In Progress,Payment Adjustment,True,L2,False,Resolved,91.8,REVIEW,True,26.7,Medium,Synthetic operational record,42.4,17.6,70.7,WITHIN SLA,True,Repeated Issue,2026-10-01 23:16:33.977331
CASE-10162,DP1100,A2014,2026-10-01,2026-10-01 23:53:40.743586,Payment Issue,Payment timing,LOW,60,2026-10-01 23:58:40.743586,,,In Progress,Guidance Provided,True,L2,False,Resolved,97.8,PASS,True,12.1,Medium,Synthetic operational record,5.3,54.7,8.9,WITHIN SLA,True,Repeated Issue,2026-10-01 23:53:40.743586
CASE-10163,DP1045,A2016,2026-09-24,2026-09-24 10:01:00.000000,Delivery Partner App Issue,Crash,MEDIUM,30,2026-09-24 10:04:00.000000,2026-09-24 10:19:12,18.2,Closed,Payment Adjustment,False,L1,False,Resolved,85.1,FAIL,True,24.9,Low,Synthetic operational record,18.2,11.8,60.7,WITHIN SLA,True,,
CASE-10164,DP1078,A2014,2026-09-24,2026-09-24 14:59:00.000000,Delivery Assignment Issue,No assignment,LOW,60,2026-09-24 15:05:00.000000,2026-09-24 15:53:12,54.2,Resolved,Manager Review,False,L1,False,Resolved,100.0,PASS,True,10.3,Low,Synthetic operational record,54.2,5.8,90.3,AT RISK,True,,
CASE-10165,DP1043,A2001,2026-10-01,2026-10-01 23:56:08.350799,Delivery Delay,Weather delay,HIGH,15,2026-10-01 23:57:08.350799,,,Escalated,Manager Review,True,L2,False,Resolved,94.7,REVIEW,True,2.0,Medium,Synthetic operational record,2.9,12.1,19.1,WITHIN SLA,False,High Priority Unresolved,2026-10-01 23:56:08.350799
CASE-10166,DP1032,A2020,2026-09-03,2026-09-03 12:29:00.000000,Verification Issue,Identity mismatch,MEDIUM,30,2026-09-03 12:36:00.000000,2026-09-03 13:03:30,34.5,Resolved,Manager Review,True,L2,False,Resolved,97.1,PASS,True,39.1,Low,Synthetic operational record,34.5,-4.5,115.0,BREACHED,False,SLA Breach,2026-09-03 12:29:00.000000
CASE-10167,DP1078,A2001,2026-10-01,2026-10-01 23:49:19.171590,Delivery Assignment Issue,Assignment timeout,MEDIUM,30,2026-10-01 23:53:19.171590,,,In Progress,Manager Review,False,L1,False,Resolved,97.6,PASS,True,26.8,Low,Synthetic operational record,9.7,20.3,32.3,WITHIN SLA,False,,
CASE-10168,DP1069,A2020,2026-10-01,2026-10-01 23:10:43.229986,Account / Access Issue,Profile update,LOW,60,2026-10-01 23:14:43.229986,,,Escalated,Route Support,True,L2,False,Failed,90.5,REVIEW,False,18.0,High,Synthetic operational record,48.3,11.7,80.5,WITHIN SLA,False,SOP Resolution Failed,2026-10-01 23:10:43.229986
CASE-10169,DP1015,A2001,2026-09-04,2026-09-04 09:51:00.000000,Delivery Delay,Late arrival,MEDIUM,30,2026-09-04 09:55:00.000000,2026-09-04 10:04:30,13.5,Resolved,Manager Review,False,L1,False,Resolved,89.4,FAIL,True,15.7,Low,Synthetic operational record,13.5,16.5,45.0,WITHIN SLA,False,,
CASE-10170,DP1071,A2011,2026-10-01,2026-10-01 23:57:21.137778,Verification Issue,Document check,HIGH,15,2026-10-01 23:58:21.137778,,,New,Manager Review,True,L2,False,Resolved,88.8,FAIL,True,39.6,Low,Synthetic operational record,1.6,13.4,11.0,WITHIN SLA,False,High Priority Unresolved,2026-10-01 23:57:21.137778
CASE-10171,DP1076,A2003,2026-09-12,2026-09-12 08:42:00.000000,Delivery Delay,Weather delay,LOW,60,2026-09-12 08:45:00.000000,2026-09-12 09:12:48,30.8,Closed,Route Support,False,L1,False,Resolved,92.8,REVIEW,True,29.1,High,Synthetic operational record,30.8,29.2,51.3,WITHIN SLA,False,,
CASE-10172,DP1039,A2002,2026-10-01,2026-10-01 22:50:53.896710,Delivery Delay,Weather delay,LOW,60,2026-10-01 22:55:53.896710,,,In Progress,Payment Adjustment,True,L2,False,Resolved,97.5,PASS,True,35.8,Low,Synthetic operational record,68.1,-8.1,113.5,BREACHED,False,SLA Breach,2026-10-01 22:50:53.896710
CASE-10173,DP1093,A2014,2026-09-09,2026-09-09 14:50:00.000000,Route / Navigation Issue,Restricted road,LOW,60,2026-09-09 14:57:00.000000,2026-09-09 15:58:24,68.4,Resolved,Manager Review,True,L2,False,Resolved,91.1,REVIEW,True,15.0,Low,Synthetic operational record,68.4,-8.4,114.0,BREACHED,True,SLA Breach + Repeated Issue,2026-09-09 14:50:00.000000
CASE-10174,DP1065,A2015,2026-09-16,2026-09-16 09:49:00.000000,Other Operational Issue,Other,MEDIUM,30,2026-09-16 09:56:00.000000,2026-09-16 10:04:54,15.9,Resolved,Payment Adjustment,False,L1,False,Resolved,97.0,PASS,True,22.6,Low,Synthetic operational record,15.9,14.1,53.0,WITHIN SLA,False,,
CASE-10175,DP1034,A2003,2026-09-11,2026-09-11 08:08:00.000000,Delivery Delay,Weather delay,MEDIUM,30,2026-09-11 08:12:00.000000,2026-09-11 08:24:42,16.7,Resolved,Guidance Provided,True,L2,False,Failed,82.2,FAIL,False,26.8,Medium,Synthetic operational record,16.7,13.3,55.7,WITHIN SLA,False,SOP Resolution Failed,2026-09-11 08:08:00.000000
CASE-10176,DP1002,A2020,2026-09-24,2026-09-24 11:20:00.000000,Delivery Delay,Missed handoff,MEDIUM,30,2026-09-24 11:22:00.000000,2026-09-24 11:38:48,18.8,Closed,Guidance Provided,False,L1,False,Resolved,92.1,REVIEW,True,15.4,Medium,Synthetic operational record,18.8,11.2,62.7,WITHIN SLA,False,,
CASE-10177,DP1068,A2007,2026-10-01,2026-10-01 23:43:38.310552,Route / Navigation Issue,Map pin error,MEDIUM,30,2026-10-01 23:47:38.310552,,,New,Payment Adjustment,True,L2,True,Resolved,99.8,PASS,True,20.9,Medium,Synthetic operational record,15.4,14.6,51.2,WITHIN SLA,False,Manager Intervention Required,2026-10-01 23:43:38.310552
CASE-10178,DP1021,A2007,2026-09-26,2026-09-26 10:11:00.000000,Verification Issue,Document check,LOW,60,2026-09-26 10:15:00.000000,2026-09-26 10:33:30,22.5,Closed,Guidance Provided,False,L1,False,Resolved,93.1,REVIEW,True,15.0,High,Synthetic operational record,22.5,37.5,37.5,WITHIN SLA,False,,
CASE-10179,DP1076,A2006,2026-10-01,2026-10-01 23:58:51.558345,Delivery Partner App Issue,Sync delay,LOW,60,2026-10-02 00:01:51.558345,,,Pending,Guidance Provided,False,L1,False,Resolved,89.9,FAIL,True,26.8,Low,Synthetic operational record,0.1,59.9,0.2,WITHIN SLA,False,,
CASE-10180,DP1053,A2010,2026-09-23,2026-09-23 14:01:00.000000,Delivery Delay,Missed handoff,LOW,60,2026-09-23 14:04:00.000000,2026-09-23 14:24:30,23.5,Closed,Technical Fix,False,L1,False,Resolved,90.7,REVIEW,True,6.1,Medium,Synthetic operational record,23.5,36.5,39.2,WITHIN SLA,True,,
CASE-10181,DP1047,A2004,2026-09-28,2026-09-28 09:45:00.000000,Delivery Delay,Weather delay,HIGH,15,2026-09-28 09:52:00.000000,2026-09-28 10:20:48,35.8,Closed,Payment Adjustment,True,L2,False,Resolved,78.9,FAIL,True,28.9,Low,Synthetic operational record,35.8,-20.8,238.7,BREACHED,True,SLA Breach + Repeated Issue,2026-09-28 09:45:00.000000
CASE-10182,DP1017,A2009,2026-09-30,2026-09-30 13:33:00.000000,Other Operational Issue,Policy question,MEDIUM,30,2026-09-30 13:36:00.000000,2026-09-30 13:45:12,12.2,Closed,Payment Adjustment,False,L1,False,Resolved,88.9,FAIL,True,25.7,Medium,Synthetic operational record,12.2,17.8,40.7,WITHIN SLA,False,,
CASE-10183,DP1072,A2005,2026-10-01,2026-10-01 23:58:45.709861,Delivery Delay,Missed handoff,MEDIUM,30,2026-10-01 23:59:45.709861,,,Pending,Payment Adjustment,True,L2,False,Resolved,99.3,PASS,True,19.6,High,Synthetic operational record,0.2,29.8,0.8,WITHIN SLA,True,High Impact + Repeated Issue,2026-10-01 23:58:45.709861
CASE-10184,DP1017,A2002,2026-09-24,2026-09-24 17:45:00.000000,Delivery Delay,Weather delay,MEDIUM,30,2026-09-24 17:51:00.000000,2026-09-24 18:21:48,36.8,Resolved,Payment Adjustment,True,L2,False,Resolved,91.1,REVIEW,True,27.4,Low,Synthetic operational record,36.8,-6.8,122.7,BREACHED,False,SLA Breach,2026-09-24 17:45:00.000000
CASE-10185,DP1042,A2008,2026-09-22,2026-09-22 08:19:00.000000,Other Operational Issue,Other,LOW,60,2026-09-22 08:24:00.000000,2026-09-22 09:16:36,57.6,Resolved,Manager Review,False,L1,False,Resolved,91.7,REVIEW,True,17.6,Medium,Synthetic operational record,57.6,2.4,96.0,AT RISK,False,,
CASE-10186,DP1084,A2014,2026-10-01,2026-10-01 22:39:23.244990,Delivery Delay,Traffic delay,LOW,60,2026-10-01 22:42:23.244990,,,Pending,Technical Fix,True,L2,False,Resolved,82.3,FAIL,True,14.0,Medium,Synthetic operational record,79.6,-19.6,132.7,BREACHED,False,SLA Breach,2026-10-01 22:39:23.244990
CASE-10187,DP1093,A2016,2026-09-13,2026-09-13 15:43:00.000000,Delivery Assignment Issue,Assignment timeout,LOW,60,2026-09-13 15:48:00.000000,2026-09-13 16:18:06,35.1,Resolved,Payment Adjustment,False,L1,False,Resolved,85.8,FAIL,True,28.5,Low,Synthetic operational record,35.1,24.9,58.5,WITHIN SLA,False,,
CASE-10188,DP1099,A2008,2026-10-01,2026-10-01 23:58:11.618517,Delivery Assignment Issue,No assignment,HIGH,15,2026-10-02 00:05:11.618517,,,Escalated,Route Support,True,L2,False,Resolved,100.0,PASS,True,29.0,Medium,Synthetic operational record,0.8,14.2,5.4,WITHIN SLA,False,High Priority Unresolved,2026-10-01 23:58:11.618517
CASE-10189,DP1096,A2007,2026-10-01,2026-10-01 23:32:13.647214,Delivery Partner App Issue,Sync delay,MEDIUM,30,2026-10-01 23:39:13.647214,,,In Progress,Technical Fix,True,L2,False,Resolved,97.1,PASS,True,15.9,High,Synthetic operational record,26.8,3.2,89.2,AT RISK,True,High Impact + Repeated Issue,2026-10-01 23:32:13.647214
CASE-10190,DP1056,A2016,2026-09-16,2026-09-16 11:50:00.000000,Delivery Partner App Issue,Notification failure,MEDIUM,30,2026-09-16 11:56:00.000000,2026-09-16 12:03:42,13.7,Closed,Guidance Provided,False,L1,False,Resolved,87.5,FAIL,True,14.9,Low,Synthetic operational record,13.7,16.3,45.7,WITHIN SLA,False,,
CASE-10191,DP1021,A2014,2026-10-01,2026-10-01 23:15:50.311199,Payment Issue,Adjustment request,LOW,60,2026-10-01 23:20:50.311199,,,In Progress,Guidance Provided,False,L1,False,Resolved,90.8,REVIEW,True,19.8,Low,Synthetic operational record,43.2,16.8,71.9,WITHIN SLA,False,,
CASE-10192,DP1084,A2017,2026-09-15,2026-09-15 13:22:00.000000,Verification Issue,Identity mismatch,LOW,60,2026-09-15 13:23:00.000000,2026-09-15 14:43:06,81.1,Closed,Technical Fix,True,L2,False,Resolved,93.9,REVIEW,True,15.4,High,Synthetic operational record,81.1,-21.1,135.2,BREACHED,True,High Impact + SLA Risk,2026-09-15 13:22:00.000000
CASE-10193,DP1081,A2019,2026-10-01,2026-10-01 23:43:56.587756,Verification Issue,Vehicle verification,MEDIUM,30,2026-10-01 23:47:56.587756,,,In Progress,Technical Fix,False,L1,False,Resolved,88.0,FAIL,True,40.3,Low,Synthetic operational record,15.1,14.9,50.2,WITHIN SLA,False,,
CASE-10194,DP1100,A2017,2026-10-01,2026-10-01 23:56:40.865508,Delivery Partner App Issue,Login error,MEDIUM,30,2026-10-02 00:02:40.865508,,,In Progress,Guidance Provided,True,L2,False,Resolved,84.0,FAIL,True,25.8,Low,Synthetic operational record,2.3,27.7,7.7,WITHIN SLA,True,Repeated Issue,2026-10-01 23:56:40.865508
CASE-10195,DP1066,A2019,2026-10-01,2026-10-01 16:16:00.000000,Delivery Delay,Missed handoff,HIGH,15,2026-10-01 16:22:00.000000,2026-10-01 16:26:24,10.4,Closed,Technical Fix,False,L1,False,Resolved,93.2,REVIEW,True,22.2,Medium,Synthetic operational record,10.4,4.6,69.3,AT RISK,False,,
CASE-10196,DP1015,A2009,2026-09-06,2026-09-06 12:45:00.000000,Delivery Partner App Issue,Crash,MEDIUM,30,2026-09-06 12:51:00.000000,2026-09-06 13:01:36,16.6,Closed,Route Support,False,L1,False,Resolved,96.9,PASS,True,10.8,Medium,Synthetic operational record,16.6,13.4,55.3,WITHIN SLA,False,,
CASE-10197,DP1051,A2008,2026-10-01,2026-10-01 23:31:03.670388,Other Operational Issue,Equipment,MEDIUM,30,2026-10-01 23:38:03.670388,,,Escalated,Manager Review,False,L1,False,Resolved,97.0,PASS,True,30.9,Low,Synthetic operational record,27.9,2.1,93.1,AT RISK,False,,
CASE-10198,DP1045,A2007,2026-09-17,2026-09-17 15:10:00.000000,Delivery Partner App Issue,Notification failure,MEDIUM,30,2026-09-17 15:14:00.000000,2026-09-17 15:22:00,12.0,Closed,Payment Adjustment,False,L1,False,Resolved,98.4,PASS,True,14.7,Low,Synthetic operational record,12.0,18.0,40.0,WITHIN SLA,False,,
CASE-10199,DP1085,A2005,2026-09-14,2026-09-14 10:38:00.000000,Route / Navigation Issue,GPS drift,HIGH,15,2026-09-14 10:39:00.000000,2026-09-14 10:42:00,4.0,Resolved,Guidance Provided,False,L1,False,Resolved,86.2,FAIL,True,14.2,Medium,Synthetic operational record,4.0,11.0,26.7,WITHIN SLA,True,,
CASE-10200,DP1040,A2015,2026-09-15,2026-09-15 16:32:00.000000,Payment Issue,Missing payout,MEDIUM,30,2026-09-15 16:36:00.000000,2026-09-15 16:54:24,22.4,Closed,Route Support,False,L1,False,Resolved,94.3,REVIEW,True,31.3,Low,Synthetic operational record,22.4,7.6,74.7,AT RISK,False,,
CASE-10201,DP1033,A2015,2026-09-11,2026-09-11 08:12:00.000000,Route / Navigation Issue,Incorrect route,MEDIUM,30,2026-09-11 08:15:00.000000,2026-09-11 08:54:00,42.0,Resolved,Guidance Provided,True,L2,False,Resolved,92.7,REVIEW,True,26.6,Medium,Synthetic operational record,42.0,-12.0,140.0,BREACHED,False,SLA Breach,2026-09-11 08:12:00.000000
CASE-10202,DP1009,A2017,2026-10-01,2026-10-01 09:57:00.000000,Payment Issue,Missing payout,HIGH,15,2026-10-01 10:03:00.000000,2026-10-01 10:01:00,4.0,Resolved,Guidance Provided,True,L2,False,Failed,93.6,REVIEW,False,2.0,Medium,Synthetic operational record,4.0,11.0,26.7,WITHIN SLA,False,SOP Resolution Failed,2026-10-01 09:57:00.000000
CASE-10203,DP1084,A2004,2026-09-20,2026-09-20 16:00:00.000000,Verification Issue,Identity mismatch,LOW,60,2026-09-20 16:06:00.000000,2026-09-20 16:53:30,53.5,Resolved,Payment Adjustment,False,L1,False,Resolved,92.9,REVIEW,True,20.1,Low,Synthetic operational record,53.5,6.5,89.2,AT RISK,True,,
CASE-10204,DP1076,A2010,2026-10-01,2026-10-01 23:58:54.313854,Delivery Assignment Issue,Duplicate assignment,HIGH,15,2026-10-02 00:01:54.313854,,,New,Payment Adjustment,True,L2,False,Resolved,90.7,REVIEW,True,23.5,Medium,Synthetic operational record,0.1,14.9,0.6,WITHIN SLA,True,High Priority Unresolved + Repeated Issue,2026-10-01 23:58:54.313854
CASE-10205,DP1005,A2005,2026-09-10,2026-09-10 09:29:00.000000,Account / Access Issue,Permission request,LOW,60,2026-09-10 09:32:00.000000,2026-09-10 09:56:12,27.2,Resolved,Technical Fix,False,L1,False,Resolved,78.9,FAIL,True,17.9,Medium,Synthetic operational record,27.2,32.8,45.3,WITHIN SLA,False,,
CASE-10206,DP1044,A2018,2026-10-01,2026-10-01 23:36:56.343656,Delivery Delay,Missed handoff,MEDIUM,30,2026-10-01 23:38:56.343656,,,Escalated,Manager Review,True,L2,False,Resolved,99.8,PASS,True,23.9,High,Synthetic operational record,22.1,7.9,73.5,AT RISK,True,High Impact + Repeated Issue,2026-10-01 23:36:56.343656
CASE-10207,DP1048,A2006,2026-10-01,2026-10-01 23:47:03.816651,Verification Issue,Document check,MEDIUM,30,2026-10-01 23:48:03.816651,,,In Progress,Guidance Provided,False,L1,False,Resolved,95.6,PASS,True,2.0,Low,Synthetic operational record,11.9,18.1,39.8,WITHIN SLA,False,,
CASE-10208,DP1047,A2003,2026-09-02,2026-09-02 16:27:00.000000,Account / Access Issue,Account locked,MEDIUM,30,2026-09-02 16:30:00.000000,2026-09-02 16:44:06,17.1,Closed,Guidance Provided,False,L1,False,Resolved,86.6,FAIL,True,2.0,Low,Synthetic operational record,17.1,12.9,57.0,WITHIN SLA,False,,
CASE-10209,DP1092,A2012,2026-09-22,2026-09-22 08:42:00.000000,Other Operational Issue,Other,MEDIUM,30,2026-09-22 08:44:00.000000,2026-09-22 09:00:30,18.5,Resolved,Payment Adjustment,False,L1,False,Resolved,96.4,PASS,True,10.3,Medium,Synthetic operational record,18.5,11.5,61.7,WITHIN SLA,False,,
CASE-10210,DP1016,A2018,2026-10-01,2026-10-01 23:57:37.924827,Delivery Assignment Issue,Assignment timeout,MEDIUM,30,2026-10-01 23:59:37.924827,,,In Progress,Payment Adjustment,True,L2,False,Resolved,91.8,REVIEW,True,25.4,Medium,Synthetic operational record,1.4,28.6,4.6,WITHIN SLA,True,Repeated Issue,2026-10-01 23:57:37.924827
CASE-10211,DP1031,A2019,2026-10-01,2026-10-01 23:14:05.078811,Delivery Assignment Issue,Duplicate assignment,LOW,60,2026-10-01 23:21:05.078811,,,Pending,Manager Review,True,L2,False,Failed,91.9,REVIEW,False,2.0,High,Synthetic operational record,44.9,15.1,74.9,WITHIN SLA,True,High Impact + Repeated Issue + SOP Resolution Failed,2026-10-01 23:14:05.078811
CASE-10212,DP1019,A2002,2026-10-01,2026-10-01 23:26:37.663084,Delivery Assignment Issue,No assignment,LOW,60,2026-10-01 23:31:37.663084,,,In Progress,Guidance Provided,False,L1,False,Resolved,90.2,REVIEW,True,11.9,Low,Synthetic operational record,32.4,27.6,54.0,WITHIN SLA,False,,
CASE-10213,DP1025,A2007,2026-10-01,2026-10-01 22:38:35.155619,Delivery Assignment Issue,No assignment,LOW,60,2026-10-01 22:42:35.155619,,,New,Payment Adjustment,True,L2,False,Resolved,96.7,PASS,True,2.0,Low,Synthetic operational record,80.4,-20.4,134.0,BREACHED,False,SLA Breach,2026-10-01 22:38:35.155619
CASE-10214,DP1091,A2004,2026-10-01,2026-10-01 23:49:06.151276,Delivery Delay,Weather delay,MEDIUM,30,2026-10-01 23:51:06.151276,,,Pending,Guidance Provided,True,L2,False,Resolved,90.0,REVIEW,True,19.1,Low,Synthetic operational record,9.9,20.1,33.0,WITHIN SLA,True,Repeated Issue,2026-10-01 23:49:06.151276
CASE-10215,DP1095,A2007,2026-10-01,2026-10-01 23:47:36.251192,Other Operational Issue,Communication,MEDIUM,30,2026-10-01 23:53:36.251192,,,In Progress,Guidance Provided,True,L2,False,Resolved,88.5,FAIL,True,45.5,Medium,Synthetic operational record,11.4,18.6,38.0,WITHIN SLA,True,Repeated Issue,2026-10-01 23:47:36.251192
CASE-10216,DP1005,A2011,2026-10-01,2026-10-01 22:35:08.803381,Other Operational Issue,Communication,LOW,60,2026-10-01 22:40:08.803381,,,In Progress,Payment Adjustment,True,L2,False,Resolved,99.7,PASS,True,19.4,Medium,Synthetic operational record,83.9,-23.9,139.8,BREACHED,False,SLA Breach,2026-10-01 22:35:08.803381
CASE-10217,DP1064,A2006,2026-10-01,2026-10-01 23:57:40.213241,Delivery Delay,Traffic delay,HIGH,15,2026-10-02 00:01:40.213241,,,Escalated,Route Support,True,L2,False,Resolved,93.1,REVIEW,True,20.7,Medium,Synthetic operational record,1.3,13.7,8.9,WITHIN SLA,True,High Priority Unresolved + Repeated Issue,2026-10-01 23:57:40.213241
CASE-10218,DP1024,A2002,2026-10-01,2026-10-01 23:24:03.732663,Route / Navigation Issue,Map pin error,MEDIUM,30,2026-10-01 23:28:03.732663,,,New,Guidance Provided,True,L2,False,Resolved,93.3,REVIEW,True,32.1,Low,Synthetic operational record,34.9,-4.9,116.5,BREACHED,False,SLA Breach,2026-10-01 23:24:03.732663
CASE-10219,DP1020,A2011,2026-09-23,2026-09-23 13:07:00.000000,Account / Access Issue,Account locked,MEDIUM,30,2026-09-23 13:11:00.000000,2026-09-23 13:18:36,11.6,Closed,Manager Review,False,L1,False,Resolved,97.5,PASS,True,22.3,High,Synthetic operational record,11.6,18.4,38.7,WITHIN SLA,False,,
CASE-10220,DP1030,A2002,2026-09-11,2026-09-11 12:13:00.000000,Other Operational Issue,Communication,MEDIUM,30,2026-09-11 12:19:00.000000,2026-09-11 12:29:30,16.5,Closed,Payment Adjustment,False,L1,False,Resolved,90.7,REVIEW,True,19.4,Low,Synthetic operational record,16.5,13.5,55.0,WITHIN SLA,False,,
CASE-10221,DP1020,A2005,2026-10-01,2026-10-01 23:06:26.953943,Delivery Assignment Issue,No assignment,LOW,60,2026-10-01 23:12:26.953943,,,In Progress,Payment Adjustment,True,L2,False,Resolved,91.7,REVIEW,True,33.1,Low,Synthetic operational record,52.6,7.4,87.6,AT RISK,True,Repeated Issue,2026-10-01 23:06:26.953943
CASE-10222,DP1050,A2001,2026-09-18,2026-09-18 15:55:00.000000,Delivery Delay,Late arrival,MEDIUM,30,2026-09-18 15:59:00.000000,2026-09-18 16:10:12,15.2,Resolved,Manager Review,False,L1,False,Resolved,95.5,PASS,True,27.7,Medium,Synthetic operational record,15.2,14.8,50.7,WITHIN SLA,False,,
CASE-10223,DP1100,A2002,2026-10-01,2026-10-01 23:30:56.267652,Account / Access Issue,Account locked,MEDIUM,30,2026-10-01 23:35:56.267652,,,In Progress,Technical Fix,False,L1,False,Resolved,86.3,FAIL,True,25.5,Low,Synthetic operational record,28.1,1.9,93.5,AT RISK,False,,
CASE-10224,DP1059,A2009,2026-10-01,2026-10-01 23:49:34.685110,Delivery Assignment Issue,Duplicate assignment,LOW,60,2026-10-01 23:56:34.685110,,,Pending,Technical Fix,True,L2,False,Resolved,95.1,PASS,True,20.3,Medium,Synthetic operational record,9.4,50.6,15.7,WITHIN SLA,True,Repeated Issue,2026-10-01 23:49:34.685110
CASE-10225,DP1073,A2018,2026-10-01,2026-10-01 23:50:19.494993,Payment Issue,Payment timing,HIGH,15,2026-10-01 23:53:19.494993,,,New,Route Support,True,L2,False,Resolved,90.2,REVIEW,True,17.8,Medium,Synthetic operational record,8.7,6.3,57.8,AT RISK,True,High Priority Unresolved + Repeated Issue,2026-10-01 23:50:19.494993
CASE-10226,DP1050,A2016,2026-09-05,2026-09-05 16:04:00.000000,Other Operational Issue,Policy question,MEDIUM,30,2026-09-05 16:11:00.000000,2026-09-05 16:19:12,15.2,Closed,Guidance Provided,False,L1,False,Resolved,98.3,PASS,True,33.0,Low,Synthetic operational record,15.2,14.8,50.7,WITHIN SLA,False,,
CASE-10227,DP1002,A2002,2026-10-01,2026-10-01 23:49:18.581552,Other Operational Issue,Equipment,MEDIUM,30,2026-10-01 23:54:18.581552,,,In Progress,Manager Review,False,L1,False,Resolved,96.7,PASS,True,18.0,Low,Synthetic operational record,9.7,20.3,32.3,WITHIN SLA,False,,
CASE-10228,DP1009,A2001,2026-10-01,2026-10-01 23:56:16.067468,Account / Access Issue,Password reset,HIGH,15,2026-10-01 23:58:16.067468,,,Pending,Manager Review,True,L2,False,Resolved,96.1,PASS,True,36.8,Low,Synthetic operational record,2.7,12.3,18.2,WITHIN SLA,False,High Priority Unresolved,2026-10-01 23:56:16.067468
CASE-10229,DP1027,A2007,2026-10-01,2026-10-01 23:57:15.434483,Verification Issue,Document check,HIGH,15,2026-10-02 00:04:15.434483,,,In Progress,Manager Review,True,L2,False,Resolved,86.0,FAIL,True,9.4,Medium,Synthetic operational record,1.7,13.3,11.6,WITHIN SLA,True,High Priority Unresolved + Repeated Issue,2026-10-01 23:57:15.434483
CASE-10230,DP1025,A2014,2026-10-01,2026-10-01 22:56:57.250886,Delivery Assignment Issue,Wrong zone,LOW,60,2026-10-01 23:01:57.250886,,,In Progress,Payment Adjustment,True,L2,False,Resolved,93.5,REVIEW,True,39.2,Low,Synthetic operational record,62.0,-2.0,103.4,BREACHED,True,SLA Breach + Repeated Issue,2026-10-01 22:56:57.250886
CASE-10231,DP1085,A2015,2026-09-30,2026-09-30 16:34:00.000000,Payment Issue,Rate question,MEDIUM,30,2026-09-30 16:37:00.000000,2026-09-30 16:52:48,18.8,Resolved,Route Support,False,L1,False,Resolved,88.1,FAIL,True,27.7,Low,Synthetic operational record,18.8,11.2,62.7,WITHIN SLA,False,,
CASE-10232,DP1085,A2017,2026-09-28,2026-09-28 10:53:00.000000,Delivery Delay,Weather delay,MEDIUM,30,2026-09-28 10:55:00.000000,2026-09-28 11:09:00,16.0,Resolved,Manager Review,False,L1,False,Resolved,93.8,REVIEW,True,10.4,Low,Synthetic operational record,16.0,14.0,53.3,WITHIN SLA,False,,
CASE-10233,DP1086,A2007,2026-09-19,2026-09-19 15:00:00.000000,Delivery Delay,Missed handoff,LOW,60,2026-09-19 15:07:00.000000,2026-09-19 15:29:54,29.9,Closed,Guidance Provided,False,L1,False,Resolved,82.4,FAIL,True,28.1,Medium,Synthetic operational record,29.9,30.1,49.8,WITHIN SLA,False,,
CASE-10234,DP1064,A2004,2026-10-01,2026-10-01 23:26:38.036019,Delivery Delay,Missed handoff,LOW,60,2026-10-01 23:32:38.036019,,,New,Technical Fix,False,L1,False,Resolved,86.3,FAIL,True,14.2,Low,Synthetic operational record,32.4,27.6,53.9,WITHIN SLA,False,,
CASE-10235,DP1056,A2001,2026-10-01,2026-10-01 22:40:46.811965,Route / Navigation Issue,Incorrect route,LOW,60,2026-10-01 22:41:46.811965,,,New,Payment Adjustment,True,L2,False,Resolved,99.9,PASS,True,22.4,Low,Synthetic operational record,78.2,-18.2,130.4,BREACHED,False,SLA Breach,2026-10-01 22:40:46.811965
CASE-10236,DP1065,A2003,2026-09-05,2026-09-05 14:09:00.000000,Payment Issue,Missing payout,MEDIUM,30,2026-09-05 14:14:00.000000,2026-09-05 14:27:54,18.9,Resolved,Route Support,False,L1,False,Resolved,95.8,PASS,True,16.2,Low,Synthetic operational record,18.9,11.1,63.0,WITHIN SLA,True,,
CASE-10237,DP1041,A2002,2026-09-25,2026-09-25 09:17:00.000000,Verification Issue,Vehicle verification,MEDIUM,30,2026-09-25 09:18:00.000000,2026-09-25 09:34:12,17.2,Resolved,Route Support,False,L1,False,Resolved,92.2,REVIEW,True,20.4,Low,Synthetic operational record,17.2,12.8,57.3,WITHIN SLA,False,,
CASE-10238,DP1068,A2018,2026-09-03,2026-09-03 16:57:00.000000,Payment Issue,Payment timing,MEDIUM,30,2026-09-03 17:00:00.000000,2026-09-03 17:14:18,17.3,Closed,Manager Review,False,L1,False,Resolved,89.5,FAIL,True,33.3,Low,Synthetic operational record,17.3,12.7,57.7,WITHIN SLA,False,,
CASE-10239,DP1080,A2006,2026-09-30,2026-09-30 09:33:00.000000,Payment Issue,Payment timing,LOW,60,2026-09-30 09:37:00.000000,2026-09-30 10:21:06,48.1,Closed,Payment Adjustment,False,L1,False,Resolved,88.6,FAIL,True,28.2,Low,Synthetic operational record,48.1,11.9,80.2,WITHIN SLA,False,,
CASE-10240,DP1077,A2017,2026-09-29,2026-09-29 17:05:00.000000,Delivery Partner App Issue,Notification failure,LOW,60,2026-09-29 17:07:00.000000,2026-09-29 17:28:30,23.5,Closed,Guidance Provided,False,L1,False,Resolved,95.0,PASS,True,8.5,Medium,Synthetic operational record,23.5,36.5,39.2,WITHIN SLA,False,,
CASE-10241,DP1062,A2012,2026-10-01,2026-10-01 23:36:46.385389,Delivery Assignment Issue,Duplicate assignment,MEDIUM,30,2026-10-01 23:40:46.385389,,,In Progress,Guidance Provided,True,L2,False,Resolved,92.3,REVIEW,True,9.2,Low,Synthetic operational record,22.2,7.8,74.1,AT RISK,True,Repeated Issue,2026-10-01 23:36:46.385389
CASE-10242,DP1006,A2011,2026-09-19,2026-09-19 17:56:00.000000,Account / Access Issue,Profile update,MEDIUM,30,2026-09-19 18:00:00.000000,2026-09-19 18:11:36,15.6,Resolved,Manager Review,False,L1,False,Resolved,100.0,PASS,True,25.2,Low,Synthetic operational record,15.6,14.4,52.0,WITHIN SLA,False,,
CASE-10243,DP1073,A2010,2026-10-01,2026-10-01 23:55:13.888254,Delivery Delay,Late arrival,HIGH,15,2026-10-02 00:00:13.888254,,,Escalated,Payment Adjustment,True,Manager,False,Resolved,93.1,REVIEW,True,26.1,High,Synthetic operational record,3.8,11.2,25.1,WITHIN SLA,True,High Impact + Repeated Issue + High Priority Unresolved,2026-10-01 23:55:13.888254
CASE-10244,DP1037,A2017,2026-09-07,2026-09-07 08:50:00.000000,Delivery Assignment Issue,Assignment timeout,HIGH,15,2026-09-07 08:56:00.000000,2026-09-07 08:54:00,4.0,Resolved,Route Support,False,L1,False,Resolved,94.3,REVIEW,True,13.9,Low,Synthetic operational record,4.0,11.0,26.7,WITHIN SLA,False,,
CASE-10245,DP1075,A2001,2026-10-01,2026-10-01 23:26:49.161810,Verification Issue,Document check,HIGH,15,2026-10-01 23:28:49.161810,,,Pending,Payment Adjustment,True,L2,False,Resolved,87.1,FAIL,True,41.1,Low,Synthetic operational record,32.2,-17.2,214.5,BREACHED,True,SLA Breach + High Priority Unresolved + Repeated Issue,2026-10-01 23:26:49.161810
CASE-10246,DP1054,A2002,2026-10-01,2026-10-01 23:57:11.743826,Delivery Delay,Traffic delay,HIGH,15,2026-10-02 00:03:11.743826,,,In Progress,Manager Review,True,L2,False,Resolved,92.2,REVIEW,True,31.8,Low,Synthetic operational record,1.8,13.2,12.0,WITHIN SLA,False,High Priority Unresolved,2026-10-01 23:57:11.743826
CASE-10247,DP1089,A2009,2026-09-24,2026-09-24 13:53:00.000000,Delivery Partner App Issue,Sync delay,HIGH,15,2026-09-24 13:55:00.000000,2026-09-24 14:05:24,12.4,Resolved,Technical Fix,False,L1,False,Resolved,94.9,REVIEW,True,14.5,Low,Synthetic operational record,12.4,2.6,82.7,AT RISK,False,,
CASE-10248,DP1034,A2008,2026-09-17,2026-09-17 16:05:00.000000,Delivery Assignment Issue,Wrong zone,MEDIUM,30,2026-09-17 16:06:00.000000,2026-09-17 16:22:54,17.9,Closed,Guidance Provided,False,L1,False,Resolved,92.1,REVIEW,True,13.3,Low,Synthetic operational record,17.9,12.1,59.7,WITHIN SLA,False,,
CASE-10249,DP1094,A2011,2026-10-01,2026-10-01 23:15:16.411314,Delivery Partner App Issue,Notification failure,LOW,60,2026-10-01 23:19:16.411314,,,In Progress,Route Support,False,L1,False,Resolved,91.6,REVIEW,True,19.3,Medium,Synthetic operational record,43.7,16.3,72.9,WITHIN SLA,False,,
CASE-10250,DP1085,A2015,2026-09-08,2026-09-08 12:26:00.000000,Route / Navigation Issue,Map pin error,LOW,60,2026-09-08 12:29:00.000000,2026-09-08 12:49:00,23.0,Closed,Payment Adjustment,False,L1,False,Resolved,95.6,PASS,True,18.0,Low,Synthetic operational record,23.0,37.0,38.3,WITHIN SLA,False,,
CASE-10251,DP1034,A2012,2026-09-07,2026-09-07 13:53:00.000000,Delivery Assignment Issue,Assignment timeout,MEDIUM,30,2026-09-07 13:55:00.000000,2026-09-07 14:04:24,11.4,Resolved,Manager Review,False,L1,False,Resolved,100.0,PASS,True,37.1,Medium,Synthetic operational record,11.4,18.6,38.0,WITHIN SLA,False,,
CASE-10252,DP1049,A2006,2026-10-01,2026-10-01 23:04:26.249313,Delivery Partner App Issue,Notification failure,LOW,60,2026-10-01 23:07:26.249313,,,New,Guidance Provided,False,L1,False,Resolved,94.7,REVIEW,True,33.8,High,Synthetic operational record,54.6,5.4,90.9,AT RISK,False,,
CASE-10253,DP1054,A2007,2026-10-01,2026-10-01 23:42:11.813417,Delivery Partner App Issue,Notification failure,LOW,60,2026-10-01 23:49:11.813417,,,In Progress,Technical Fix,True,L2,False,Failed,99.7,PASS,False,22.4,Low,Synthetic operational record,16.8,43.2,28.0,WITHIN SLA,False,SOP Resolution Failed,2026-10-01 23:42:11.813417
CASE-10254,DP1077,A2016,2026-10-01,2026-10-01 23:56:06.770462,Delivery Delay,Traffic delay,HIGH,15,2026-10-02 00:01:06.770462,,,In Progress,Manager Review,True,L2,False,Resolved,97.1,PASS,True,30.1,Medium,Synthetic operational record,2.9,12.1,19.2,WITHIN SLA,True,High Priority Unresolved + Repeated Issue,2026-10-01 23:56:06.770462
CASE-10255,DP1069,A2005,2026-09-09,2026-09-09 15:08:00.000000,Delivery Partner App Issue,Login error,LOW,60,2026-09-09 15:14:00.000000,2026-09-09 15:43:12,35.2,Resolved,Manager Review,False,L1,False,Resolved,99.4,PASS,True,31.9,Low,Synthetic operational record,35.2,24.8,58.7,WITHIN SLA,False,,
CASE-10256,DP1086,A2011,2026-10-01,2026-10-01 23:58:03.815179,Account / Access Issue,Password reset,HIGH,15,2026-10-02 00:00:03.815179,,,In Progress,Guidance Provided,True,L2,False,Resolved,91.0,REVIEW,True,22.7,Low,Synthetic operational record,0.9,14.1,6.2,WITHIN SLA,True,High Priority Unresolved + Repeated Issue,2026-10-01 23:58:03.815179
CASE-10257,DP1037,A2011,2026-10-01,2026-10-01 23:40:23.677556,Delivery Partner App Issue,Crash,MEDIUM,30,2026-10-01 23:41:23.677556,,,Pending,Manager Review,True,L2,False,Resolved,93.0,REVIEW,True,26.8,Medium,Synthetic operational record,18.6,11.4,62.0,WITHIN SLA,True,Repeated Issue,2026-10-01 23:40:23.677556
CASE-10258,DP1051,A2016,2026-09-23,2026-09-23 08:07:00.000000,Route / Navigation Issue,Restricted road,MEDIUM,30,2026-09-23 08:10:00.000000,2026-09-23 08:19:18,12.3,Closed,Guidance Provided,False,L1,False,Resolved,93.0,REVIEW,True,29.1,Low,Synthetic operational record,12.3,17.7,41.0,WITHIN SLA,False,,
CASE-10259,DP1044,A2015,2026-09-08,2026-09-08 09:15:00.000000,Delivery Delay,Weather delay,MEDIUM,30,2026-09-08 09:21:00.000000,2026-09-08 09:40:30,25.5,Resolved,Guidance Provided,False,L1,False,Resolved,96.7,PASS,True,27.9,High,Synthetic operational record,25.5,4.5,85.0,AT RISK,True,,
CASE-10260,DP1091,A2010,2026-10-01,2026-10-01 23:36:32.054069,Delivery Delay,Traffic delay,LOW,60,2026-10-01 23:43:32.054069,,,In Progress,Manager Review,False,L1,False,Resolved,98.0,PASS,True,12.7,Medium,Synthetic operational record,22.5,37.5,37.4,WITHIN SLA,False,,
CASE-10261,DP1031,A2007,2026-09-07,2026-09-07 11:26:00.000000,Delivery Partner App Issue,Crash,MEDIUM,30,2026-09-07 11:27:00.000000,2026-09-07 11:51:48,25.8,Resolved,Guidance Provided,False,L1,False,Resolved,94.6,REVIEW,True,13.9,Low,Synthetic operational record,25.8,4.2,86.0,AT RISK,False,,
CASE-10262,DP1059,A2008,2026-09-25,2026-09-25 17:23:00.000000,Verification Issue,Delivery proof,LOW,60,2026-09-25 17:27:00.000000,2026-09-25 17:51:18,28.3,Closed,Technical Fix,False,L1,False,Resolved,98.4,PASS,True,18.5,Low,Synthetic operational record,28.3,31.7,47.2,WITHIN SLA,False,,
CASE-10263,DP1013,A2009,2026-10-01,2026-10-01 23:58:19.968669,Account / Access Issue,Account locked,HIGH,15,2026-10-02 00:01:19.968669,,,Pending,Guidance Provided,True,L2,True,Resolved,91.2,REVIEW,True,13.5,Medium,Synthetic operational record,0.7,14.3,4.4,WITHIN SLA,False,High Priority Unresolved + Manager Intervention Required,2026-10-01 23:58:19.968669
CASE-10264,DP1086,A2005,2026-10-01,2026-10-01 23:29:18.426860,Delivery Partner App Issue,Sync delay,LOW,60,2026-10-01 23:35:18.426860,,,In Progress,Payment Adjustment,True,L2,False,Failed,98.4,PASS,False,4.3,Low,Synthetic operational record,29.7,30.3,49.5,WITHIN SLA,False,SOP Resolution Failed,2026-10-01 23:29:18.426860
CASE-10265,DP1039,A2013,2026-09-28,2026-09-28 15:58:00.000000,Delivery Partner App Issue,Crash,LOW,60,2026-09-28 16:00:00.000000,2026-09-28 16:50:00,52.0,Resolved,Guidance Provided,False,L1,False,Resolved,99.1,PASS,True,30.1,Low,Synthetic operational record,52.0,8.0,86.7,AT RISK,False,,
CASE-10266,DP1035,A2005,2026-09-08,2026-09-08 10:35:00.000000,Account / Access Issue,Permission request,MEDIUM,30,2026-09-08 10:39:00.000000,2026-09-08 10:52:42,17.7,Resolved,Technical Fix,False,L1,False,Resolved,97.4,PASS,True,26.2,Low,Synthetic operational record,17.7,12.3,59.0,WITHIN SLA,False,,
CASE-10267,DP1059,A2013,2026-09-25,2026-09-25 16:11:00.000000,Delivery Delay,Missed handoff,MEDIUM,30,2026-09-25 16:17:00.000000,2026-09-25 16:37:06,26.1,Resolved,Technical Fix,False,L1,False,Resolved,94.7,REVIEW,True,5.9,Low,Synthetic operational record,26.1,3.9,87.0,AT RISK,False,,
CASE-10268,DP1050,A2016,2026-10-01,2026-10-01 23:56:03.614755,Delivery Partner App Issue,Notification failure,MEDIUM,30,2026-10-02 00:00:03.614755,,,In Progress,Route Support,True,L2,False,Resolved,97.6,PASS,True,19.1,High,Synthetic operational record,2.9,27.1,9.8,WITHIN SLA,True,High Impact + Repeated Issue,2026-10-01 23:56:03.614755
CASE-10269,DP1085,A2020,2026-09-15,2026-09-15 14:11:00.000000,Delivery Assignment Issue,Duplicate assignment,MEDIUM,30,2026-09-15 14:17:00.000000,2026-09-15 14:22:36,11.6,Closed,Payment Adjustment,False,L1,False,Resolved,89.5,FAIL,True,19.8,Low,Synthetic operational record,11.6,18.4,38.7,WITHIN SLA,False,,
CASE-10270,DP1054,A2003,2026-10-01,2026-10-01 22:48:58.185860,Route / Navigation Issue,Restricted road,LOW,60,2026-10-01 22:53:58.185860,,,In Progress,Guidance Provided,True,L2,False,Resolved,95.0,PASS,True,24.2,Low,Synthetic operational record,70.0,-10.0,116.7,BREACHED,False,SLA Breach,2026-10-01 22:48:58.185860
CASE-10271,DP1052,A2016,2026-10-01,2026-10-01 23:47:05.478694,Verification Issue,Vehicle verification,MEDIUM,30,2026-10-01 23:52:05.478694,,,In Progress,Payment Adjustment,True,L2,False,Resolved,95.5,PASS,True,9.0,Medium,Synthetic operational record,11.9,18.1,39.7,WITHIN SLA,True,Repeated Issue,2026-10-01 23:47:05.478694
CASE-10272,DP1011,A2002,2026-10-01,2026-10-01 23:01:36.063221,Delivery Delay,Traffic delay,LOW,60,2026-10-01 23:03:36.063221,,,In Progress,Payment Adjustment,True,L2,False,Resolved,87.4,FAIL,True,5.8,Medium,Synthetic operational record,57.4,2.6,95.7,AT RISK,True,Repeated Issue,2026-10-01 23:01:36.063221
CASE-10273,DP1003,A2007,2026-09-24,2026-09-24 11:58:00.000000,Other Operational Issue,Communication,LOW,60,2026-09-24 12:05:00.000000,2026-09-24 12:39:54,41.9,Resolved,Technical Fix,False,L1,False,Resolved,96.4,PASS,True,28.2,Medium,Synthetic operational record,41.9,18.1,69.8,WITHIN SLA,False,,
CASE-10274,DP1040,A2004,2026-09-19,2026-09-19 16:14:00.000000,Delivery Delay,Traffic delay,LOW,60,2026-09-19 16:16:00.000000,2026-09-19 16:35:30,21.5,Resolved,Payment Adjustment,False,L1,False,Resolved,87.8,FAIL,True,3.6,High,Synthetic operational record,21.5,38.5,35.8,WITHIN SLA,False,,
CASE-10275,DP1100,A2004,2026-10-01,2026-10-01 23:02:44.871126,Delivery Assignment Issue,Duplicate assignment,LOW,60,2026-10-01 23:09:44.871126,,,In Progress,Technical Fix,True,L2,False,Failed,91.9,REVIEW,False,19.2,Low,Synthetic operational record,56.3,3.7,93.8,AT RISK,False,SOP Resolution Failed,2026-10-01 23:02:44.871126
CASE-10276,DP1092,A2004,2026-09-03,2026-09-03 14:11:00.000000,Delivery Delay,Traffic delay,LOW,60,2026-09-03 14:18:00.000000,2026-09-03 14:48:30,37.5,Resolved,Technical Fix,False,L1,False,Resolved,94.2,REVIEW,True,18.1,Low,Synthetic operational record,37.5,22.5,62.5,WITHIN SLA,False,,
CASE-10277,DP1063,A2001,2026-10-01,2026-10-01 23:51:31.334166,Payment Issue,Adjustment request,MEDIUM,30,2026-10-01 23:55:31.334166,,,Pending,Route Support,False,L1,False,Resolved,90.3,REVIEW,True,20.5,Medium,Synthetic operational record,7.5,22.5,24.9,WITHIN SLA,False,,
CASE-10278,DP1064,A2017,2026-09-26,2026-09-26 10:00:00.000000,Delivery Assignment Issue,No assignment,LOW,60,2026-09-26 10:07:00.000000,2026-09-26 10:21:54,21.9,Resolved,Technical Fix,False,L1,False,Resolved,94.4,REVIEW,True,25.0,Low,Synthetic operational record,21.9,38.1,36.5,WITHIN SLA,True,,
CASE-10279,DP1040,A2002,2026-09-28,2026-09-28 13:30:00.000000,Delivery Partner App Issue,Crash,LOW,60,2026-09-28 13:36:00.000000,2026-09-28 13:58:18,28.3,Closed,Technical Fix,True,L2,False,Failed,94.3,REVIEW,False,41.2,Medium,Synthetic operational record,28.3,31.7,47.2,WITHIN SLA,False,SOP Resolution Failed,2026-09-28 13:30:00.000000
CASE-10280,DP1018,A2008,2026-09-11,2026-09-11 08:35:00.000000,Payment Issue,Adjustment request,MEDIUM,30,2026-09-11 08:41:00.000000,2026-09-11 08:50:06,15.1,Resolved,Guidance Provided,False,L1,False,Resolved,89.9,FAIL,True,2.8,Low,Synthetic operational record,15.1,14.9,50.3,WITHIN SLA,False,,
CASE-10281,DP1001,A2014,2026-10-01,2026-10-01 23:38:29.924292,Route / Navigation Issue,GPS drift,LOW,60,2026-10-01 23:39:29.924292,,,In Progress,Route Support,False,L1,False,Resolved,96.8,PASS,True,32.5,Medium,Synthetic operational record,20.5,39.5,34.2,WITHIN SLA,False,,
CASE-10282,DP1034,A2020,2026-09-13,2026-09-13 16:24:00.000000,Delivery Partner App Issue,Sync delay,MEDIUM,30,2026-09-13 16:25:00.000000,2026-09-13 16:40:00,16.0,Closed,Route Support,False,L1,False,Resolved,90.2,REVIEW,True,2.0,Medium,Synthetic operational record,16.0,14.0,53.3,WITHIN SLA,False,,
CASE-10283,DP1032,A2018,2026-09-08,2026-09-08 17:12:00.000000,Payment Issue,Rate question,HIGH,15,2026-09-08 17:13:00.000000,2026-09-08 17:26:42,14.7,Closed,Route Support,False,L1,False,Resolved,100.0,PASS,True,38.7,Medium,Synthetic operational record,14.7,0.3,98.0,AT RISK,False,,
CASE-10284,DP1020,A2003,2026-09-30,2026-09-30 09:01:00.000000,Route / Navigation Issue,Incorrect route,MEDIUM,30,2026-09-30 09:02:00.000000,2026-09-30 09:39:54,38.9,Resolved,Guidance Provided,True,L2,False,Resolved,93.5,REVIEW,True,2.0,Low,Synthetic operational record,38.9,-8.9,129.7,BREACHED,False,SLA Breach,2026-09-30 09:01:00.000000
CASE-10285,DP1026,A2020,2026-09-21,2026-09-21 17:23:00.000000,Route / Navigation Issue,Restricted road,HIGH,15,2026-09-21 17:29:00.000000,2026-09-21 17:27:00,4.0,Closed,Payment Adjustment,False,Manager,False,Resolved,88.1,FAIL,True,51.2,High,Synthetic operational record,4.0,11.0,26.7,WITHIN SLA,False,,
CASE-10286,DP1003,A2014,2026-09-11,2026-09-11 08:40:00.000000,Verification Issue,Document check,LOW,60,2026-09-11 08:42:00.000000,2026-09-11 09:30:36,50.6,Resolved,Technical Fix,False,L1,False,Resolved,89.1,FAIL,True,17.3,Medium,Synthetic operational record,50.6,9.4,84.3,AT RISK,False,,
CASE-10287,DP1061,A2004,2026-09-28,2026-09-28 12:44:00.000000,Account / Access Issue,Password reset,LOW,60,2026-09-28 12:45:00.000000,2026-09-28 13:13:18,29.3,Resolved,Route Support,False,L1,False,Resolved,99.7,PASS,True,37.5,Medium,Synthetic operational record,29.3,30.7,48.8,WITHIN SLA,False,,
CASE-10288,DP1093,A2009,2026-09-02,2026-09-02 16:24:00.000000,Route / Navigation Issue,GPS drift,MEDIUM,30,2026-09-02 16:31:00.000000,2026-09-02 16:40:30,16.5,Closed,Technical Fix,False,L1,False,Resolved,92.0,REVIEW,True,35.0,Medium,Synthetic operational record,16.5,13.5,55.0,WITHIN SLA,False,,
CASE-10289,DP1070,A2019,2026-10-01,2026-10-01 23:50:56.687457,Delivery Partner App Issue,Crash,MEDIUM,30,2026-10-01 23:52:56.687457,,,Escalated,Payment Adjustment,False,L1,False,Resolved,87.2,FAIL,True,16.8,Low,Synthetic operational record,8.1,21.9,26.9,WITHIN SLA,False,,
CASE-10290,DP1045,A2008,2026-09-09,2026-09-09 08:10:00.000000,Delivery Delay,Traffic delay,HIGH,15,2026-09-09 08:16:00.000000,2026-09-09 08:14:00,4.0,Resolved,Payment Adjustment,False,L1,False,Resolved,98.3,PASS,True,17.7,Low,Synthetic operational record,4.0,11.0,26.7,WITHIN SLA,True,,
CASE-10291,DP1043,A2004,2026-10-01,2026-10-01 23:57:18.359310,Route / Navigation Issue,Restricted road,LOW,60,2026-10-02 00:04:18.359310,,,Pending,Route Support,False,L1,False,Resolved,91.9,REVIEW,True,12.0,Low,Synthetic operational record,1.7,58.3,2.8,WITHIN SLA,False,,
CASE-10292,DP1031,A2018,2026-09-25,2026-09-25 13:06:00.000000,Delivery Assignment Issue,Duplicate assignment,MEDIUM,30,2026-09-25 13:10:00.000000,2026-09-25 13:40:00,34.0,Resolved,Route Support,True,L2,False,Resolved,97.3,PASS,True,31.4,Medium,Synthetic operational record,34.0,-4.0,113.3,BREACHED,False,SLA Breach,2026-09-25 13:06:00.000000
CASE-10293,DP1015,A2020,2026-10-01,2026-10-01 23:44:42.826049,Delivery Partner App Issue,Login error,MEDIUM,30,2026-10-01 23:51:42.826049,,,New,Manager Review,True,L2,False,Resolved,98.7,PASS,True,16.9,Medium,Synthetic operational record,14.3,15.7,47.6,WITHIN SLA,True,Repeated Issue,2026-10-01 23:44:42.826049
CASE-10294,DP1060,A2020,2026-09-28,2026-09-28 09:16:00.000000,Delivery Assignment Issue,Duplicate assignment,LOW,60,2026-09-28 09:23:00.000000,2026-09-28 09:47:42,31.7,Closed,Payment Adjustment,False,L1,False,Resolved,95.4,PASS,True,12.2,Low,Synthetic operational record,31.7,28.3,52.8,WITHIN SLA,True,,
CASE-10295,DP1057,A2020,2026-09-02,2026-09-02 09:14:00.000000,Delivery Delay,Late arrival,LOW,60,2026-09-02 09:16:00.000000,2026-09-02 09:51:24,37.4,Resolved,Manager Review,True,L2,False,Failed,100.0,PASS,False,28.4,High,Synthetic operational record,37.4,22.6,62.3,WITHIN SLA,False,SOP Resolution Failed,2026-09-02 09:14:00.000000
CASE-10296,DP1001,A2018,2026-10-01,2026-10-01 23:55:46.519801,Payment Issue,Missing payout,HIGH,15,2026-10-01 23:57:46.519801,,,Pending,Manager Review,True,L2,False,Resolved,85.4,FAIL,True,11.2,Low,Synthetic operational record,3.2,11.8,21.5,WITHIN SLA,True,High Priority Unresolved + Repeated Issue,2026-10-01 23:55:46.519801
CASE-10297,DP1042,A2010,2026-10-01,2026-10-01 23:17:08.993730,Delivery Partner App Issue,Sync delay,LOW,60,2026-10-01 23:20:08.993730,,,Pending,Payment Adjustment,True,L2,False,Resolved,89.9,FAIL,True,18.1,Medium,Synthetic operational record,41.9,18.1,69.8,WITHIN SLA,True,Repeated Issue,2026-10-01 23:17:08.993730
CASE-10298,DP1028,A2004,2026-09-18,2026-09-18 15:18:00.000000,Account / Access Issue,Profile update,MEDIUM,30,2026-09-18 15:22:00.000000,2026-09-18 15:36:36,18.6,Resolved,Route Support,False,L1,False,Resolved,92.7,REVIEW,True,23.3,Low,Synthetic operational record,18.6,11.4,62.0,WITHIN SLA,False,,
CASE-10299,DP1018,A2013,2026-09-12,2026-09-12 17:29:00.000000,Other Operational Issue,Communication,MEDIUM,30,2026-09-12 17:35:00.000000,2026-09-12 17:42:36,13.6,Resolved,Manager Review,False,L1,False,Resolved,100.0,PASS,True,14.3,Low,Synthetic operational record,13.6,16.4,45.3,WITHIN SLA,False,,
CASE-10300,DP1071,A2005,2026-10-01,2026-10-01 15:39:00.000000,Delivery Assignment Issue,No assignment,MEDIUM,30,2026-10-01 15:41:00.000000,2026-10-01 15:57:30,18.5,Closed,Manager Review,False,L1,False,Resolved,100.0,PASS,True,16.1,Low,Synthetic operational record,18.5,11.5,61.7,WITHIN SLA,False,,
CASE-10301,DP1053,A2010,2026-10-01,2026-10-01 23:38:01.029258,Other Operational Issue,Communication,MEDIUM,30,2026-10-01 23:40:01.029258,,,Pending,Technical Fix,False,L1,False,Resolved,100.0,PASS,True,40.4,Medium,Synthetic operational record,21.0,9.0,69.9,AT RISK,False,,
CASE-10302,DP1064,A2014,2026-10-01,2026-10-01 23:42:34.339442,Delivery Partner App Issue,Crash,HIGH,15,2026-10-01 23:45:34.339442,,,Pending,Route Support,True,L2,False,Resolved,90.0,REVIEW,True,19.5,Medium,Synthetic operational record,16.4,-1.4,109.5,BREACHED,False,SLA Breach + High Priority Unresolved,2026-10-01 23:42:34.339442
CASE-10303,DP1072,A2019,2026-09-15,2026-09-15 16:19:00.000000,Other Operational Issue,Other,LOW,60,2026-09-15 16:21:00.000000,2026-09-15 17:06:42,47.7,Resolved,Payment Adjustment,False,L1,False,Resolved,90.6,REVIEW,True,17.7,Low,Synthetic operational record,47.7,12.3,79.5,WITHIN SLA,False,,
CASE-10304,DP1099,A2006,2026-09-18,2026-09-18 09:49:00.000000,Other Operational Issue,Policy question,LOW,60,2026-09-18 09:56:00.000000,2026-09-18 10:27:18,38.3,Resolved,Guidance Provided,False,L1,False,Resolved,89.9,FAIL,True,19.9,Low,Synthetic operational record,38.3,21.7,63.8,WITHIN SLA,False,,
CASE-10305,DP1081,A2006,2026-10-01,2026-10-01 23:43:56.536879,Delivery Partner App Issue,Login error,MEDIUM,30,2026-10-01 23:46:56.536879,,,New,Technical Fix,False,L1,False,Resolved,90.1,REVIEW,True,27.5,Medium,Synthetic operational record,15.1,14.9,50.2,WITHIN SLA,False,,
CASE-10306,DP1063,A2015,2026-09-22,2026-09-22 14:33:00.000000,Verification Issue,Vehicle verification,MEDIUM,30,2026-09-22 14:40:00.000000,2026-09-22 14:58:06,25.1,Resolved,Manager Review,False,L1,False,Resolved,100.0,PASS,True,9.6,Low,Synthetic operational record,25.1,4.9,83.7,AT RISK,False,,
CASE-10307,DP1088,A2001,2026-10-01,2026-10-01 23:29:40.204811,Other Operational Issue,Other,LOW,60,2026-10-01 23:30:40.204811,,,In Progress,Manager Review,True,L2,False,Failed,92.8,REVIEW,False,27.1,Medium,Synthetic operational record,29.3,30.7,48.9,WITHIN SLA,True,Repeated Issue + SOP Resolution Failed,2026-10-01 23:29:40.204811
CASE-10308,DP1048,A2012,2026-10-01,2026-10-01 23:56:01.791973,Account / Access Issue,Permission request,LOW,60,2026-10-01 23:57:01.791973,,,Pending,Route Support,False,L1,False,Resolved,93.4,REVIEW,True,25.1,Low,Synthetic operational record,3.0,57.0,5.0,WITHIN SLA,False,,
CASE-10309,DP1099,A2015,2026-09-09,2026-09-09 14:54:00.000000,Other Operational Issue,Other,LOW,60,2026-09-09 15:00:00.000000,2026-09-09 15:42:36,48.6,Closed,Manager Review,False,L1,False,Resolved,97.9,PASS,True,2.0,Medium,Synthetic operational record,48.6,11.4,81.0,WITHIN SLA,False,,
CASE-10310,DP1077,A2012,2026-09-27,2026-09-27 17:31:00.000000,Delivery Delay,Late arrival,LOW,60,2026-09-27 17:33:00.000000,2026-09-27 18:03:30,32.5,Resolved,Payment Adjustment,False,L1,False,Resolved,85.7,FAIL,True,43.5,Medium,Synthetic operational record,32.5,27.5,54.2,WITHIN SLA,False,,
CASE-10311,DP1066,A2008,2026-09-17,2026-09-17 11:08:00.000000,Delivery Partner App Issue,Login error,LOW,60,2026-09-17 11:09:00.000000,2026-09-17 12:35:06,87.1,Resolved,Route Support,True,L2,False,Resolved,94.3,REVIEW,True,39.5,Low,Synthetic operational record,87.1,-27.1,145.2,BREACHED,True,SLA Breach + Repeated Issue,2026-09-17 11:08:00.000000
CASE-10312,DP1091,A2017,2026-10-01,2026-10-01 23:58:37.233113,Account / Access Issue,Account locked,HIGH,15,2026-10-02 00:03:37.233113,,,Pending,Guidance Provided,True,L2,False,Resolved,88.5,FAIL,True,12.4,Medium,Synthetic operational record,0.4,14.6,2.5,WITHIN SLA,True,High Priority Unresolved + Repeated Issue,2026-10-01 23:58:37.233113
CASE-10313,DP1052,A2008,2026-10-01,2026-10-01 23:29:03.984054,Route / Navigation Issue,Restricted road,LOW,60,2026-10-01 23:31:03.984054,,,In Progress,Technical Fix,False,L1,False,Resolved,92.5,REVIEW,True,8.5,Low,Synthetic operational record,29.9,30.1,49.9,WITHIN SLA,False,,
CASE-10314,DP1073,A2015,2026-09-23,2026-09-23 10:25:00.000000,Route / Navigation Issue,Map pin error,HIGH,15,2026-09-23 10:26:00.000000,2026-09-23 11:06:42,41.7,Closed,Guidance Provided,True,Manager,True,Resolved,91.1,REVIEW,True,24.7,High,Synthetic operational record,41.7,-26.7,278.0,BREACHED,False,High Impact + SLA Risk + Manager Intervention Required,2026-09-23 10:25:00.000000
CASE-10315,DP1029,A2010,2026-09-24,2026-09-24 13:25:00.000000,Payment Issue,Adjustment request,HIGH,15,2026-09-24 13:28:00.000000,2026-09-24 13:29:00,4.0,Resolved,Manager Review,False,L1,False,Resolved,90.8,REVIEW,True,4.9,Medium,Synthetic operational record,4.0,11.0,26.7,WITHIN SLA,False,,
CASE-10316,DP1097,A2001,2026-10-01,2026-10-01 23:36:40.937897,Delivery Delay,Missed handoff,LOW,60,2026-10-01 23:40:40.937897,,,In Progress,Route Support,False,L1,False,Resolved,95.1,PASS,True,38.4,Low,Synthetic operational record,22.3,37.7,37.2,WITHIN SLA,False,,
CASE-10317,DP1063,A2011,2026-10-01,2026-10-01 23:38:49.904318,Delivery Partner App Issue,Login error,MEDIUM,30,2026-10-01 23:42:49.904318,,,In Progress,Manager Review,True,L2,False,Resolved,95.1,PASS,True,16.4,Medium,Synthetic operational record,20.2,9.8,67.2,AT RISK,True,Repeated Issue,2026-10-01 23:38:49.904318
CASE-10318,DP1079,A2001,2026-10-01,2026-10-01 15:26:00.000000,Verification Issue,Delivery proof,MEDIUM,30,2026-10-01 15:31:00.000000,2026-10-01 15:42:00,16.0,Closed,Payment Adjustment,False,L1,False,Resolved,92.9,REVIEW,True,41.5,Low,Synthetic operational record,16.0,14.0,53.3,WITHIN SLA,False,,
CASE-10319,DP1047,A2019,2026-10-01,2026-10-01 23:44:13.772286,Delivery Partner App Issue,Login error,MEDIUM,30,2026-10-01 23:45:13.772286,,,In Progress,Payment Adjustment,True,L2,False,Resolved,95.9,PASS,True,12.1,Medium,Synthetic operational record,14.8,15.2,49.2,WITHIN SLA,True,Repeated Issue,2026-10-01 23:44:13.772286
CASE-10320,DP1087,A2013,2026-10-01,2026-10-01 22:45:17.294323,Verification Issue,Delivery proof,LOW,60,2026-10-01 22:48:17.294323,,,Pending,Route Support,True,L2,False,Resolved,89.7,FAIL,True,20.7,High,Synthetic operational record,73.7,-13.7,122.9,BREACHED,True,High Impact + SLA Risk,2026-10-01 22:45:17.294323
CASE-10321,DP1008,A2008,2026-10-01,2026-10-01 23:19:51.737507,Account / Access Issue,Account locked,LOW,60,2026-10-01 23:22:51.737507,,,In Progress,Payment Adjustment,True,L2,False,Resolved,97.4,PASS,True,37.2,Medium,Synthetic operational record,39.1,20.9,65.2,WITHIN SLA,True,Repeated Issue,2026-10-01 23:19:51.737507
CASE-10322,DP1012,A2010,2026-10-01,2026-10-01 22:46:00.231129,Delivery Delay,Traffic delay,LOW,60,2026-10-01 22:49:00.231129,,,In Progress,Technical Fix,True,L2,False,Resolved,93.0,REVIEW,True,18.1,Low,Synthetic operational record,73.0,-13.0,121.7,BREACHED,False,SLA Breach,2026-10-01 22:46:00.231129
CASE-10323,DP1051,A2013,2026-09-23,2026-09-23 12:19:00.000000,Delivery Delay,Late arrival,MEDIUM,30,2026-09-23 12:23:00.000000,2026-09-23 12:36:24,17.4,Closed,Technical Fix,False,L1,False,Resolved,91.6,REVIEW,True,25.3,Medium,Synthetic operational record,17.4,12.6,58.0,WITHIN SLA,False,,
CASE-10324,DP1074,A2006,2026-10-01,2026-10-01 23:58:49.446800,Delivery Assignment Issue,Duplicate assignment,HIGH,15,2026-10-02 00:00:49.446800,,,In Progress,Payment Adjustment,True,L2,False,Resolved,90.0,REVIEW,True,35.1,Low,Synthetic operational record,0.2,14.8,1.2,WITHIN SLA,False,High Priority Unresolved,2026-10-01 23:58:49.446800
CASE-10325,DP1081,A2006,2026-10-01,2026-10-01 23:41:42.748781,Other Operational Issue,Equipment,MEDIUM,30,2026-10-01 23:46:42.748781,,,New,Guidance Provided,True,L2,False,Resolved,92.8,REVIEW,True,15.3,Low,Synthetic operational record,17.3,12.7,57.6,WITHIN SLA,True,Repeated Issue,2026-10-01 23:41:42.748781
CASE-10326,DP1045,A2009,2026-09-14,2026-09-14 13:07:00.000000,Verification Issue,Identity mismatch,MEDIUM,30,2026-09-14 13:14:00.000000,2026-09-14 13:24:42,17.7,Resolved,Guidance Provided,False,L1,False,Resolved,100.0,PASS,True,6.9,Medium,Synthetic operational record,17.7,12.3,59.0,WITHIN SLA,False,,
CASE-10327,DP1065,A2006,2026-09-04,2026-09-04 09:39:00.000000,Payment Issue,Payment timing,HIGH,15,2026-09-04 09:44:00.000000,2026-09-04 09:43:00,4.0,Closed,Guidance Provided,False,L1,False,Resolved,93.7,REVIEW,True,4.5,Low,Synthetic operational record,4.0,11.0,26.7,WITHIN SLA,False,,
CASE-10328,DP1056,A2016,2026-09-30,2026-09-30 13:54:00.000000,Delivery Partner App Issue,Login error,MEDIUM,30,2026-09-30 13:57:00.000000,2026-09-30 14:04:30,10.5,Resolved,Guidance Provided,False,L1,False,Resolved,88.3,FAIL,True,29.0,Low,Synthetic operational record,10.5,19.5,35.0,WITHIN SLA,True,,
CASE-10329,DP1097,A2003,2026-10-01,2026-10-01 23:05:49.650841,Delivery Assignment Issue,Duplicate assignment,LOW,60,2026-10-01 23:09:49.650841,,,In Progress,Guidance Provided,True,L2,False,Failed,98.6,PASS,False,26.7,Low,Synthetic operational record,53.2,6.8,88.6,AT RISK,False,SOP Resolution Failed,2026-10-01 23:05:49.650841
CASE-10330,DP1066,A2017,2026-09-14,2026-09-14 15:14:00.000000,Delivery Delay,Weather delay,HIGH,15,2026-09-14 15:19:00.000000,2026-09-14 15:18:00,4.0,Closed,Guidance Provided,False,Manager,False,Resolved,91.6,REVIEW,True,34.7,High,Synthetic operational record,4.0,11.0,26.7,WITHIN SLA,True,,
CASE-10331,DP1042,A2007,2026-10-01,2026-10-01 23:43:11.442016,Other Operational Issue,Other,MEDIUM,30,2026-10-01 23:49:11.442016,,,Pending,Guidance Provided,True,L2,False,Resolved,95.4,PASS,True,18.7,High,Synthetic operational record,15.8,14.2,52.7,WITHIN SLA,True,High Impact + Repeated Issue,2026-10-01 23:43:11.442016
CASE-10332,DP1097,A2012,2026-09-23,2026-09-23 16:57:00.000000,Verification Issue,Document check,LOW,60,2026-09-23 17:00:00.000000,2026-09-23 17:20:00,23.0,Closed,Manager Review,False,L1,False,Resolved,91.0,REVIEW,True,4.8,Low,Synthetic operational record,23.0,37.0,38.3,WITHIN SLA,False,,
CASE-10333,DP1011,A2004,2026-10-01,2026-10-01 23:43:25.486721,Delivery Assignment Issue,No assignment,MEDIUM,30,2026-10-01 23:44:25.486721,,,Escalated,Guidance Provided,False,L1,False,Resolved,100.0,PASS,True,2.0,Low,Synthetic operational record,15.6,14.4,51.9,WITHIN SLA,False,,
CASE-10334,DP1099,A2008,2026-10-01,2026-10-01 23:57:36.358637,Account / Access Issue,Permission request,HIGH,15,2026-10-02 00:02:36.358637,,,Pending,Payment Adjustment,True,L2,False,Resolved,91.0,REVIEW,True,56.4,Medium,Synthetic operational record,1.4,13.6,9.3,WITHIN SLA,True,High Priority Unresolved + Repeated Issue,2026-10-01 23:57:36.358637
CASE-10335,DP1016,A2016,2026-09-25,2026-09-25 11:12:00.000000,Payment Issue,Missing payout,LOW,60,2026-09-25 11:17:00.000000,2026-09-25 11:50:24,38.4,Resolved,Guidance Provided,False,L1,False,Resolved,100.0,PASS,True,28.3,Low,Synthetic operational record,38.4,21.6,64.0,WITHIN SLA,False,,
CASE-10336,DP1029,A2006,2026-09-10,2026-09-10 10:15:00.000000,Account / Access Issue,Permission request,MEDIUM,30,2026-09-10 10:16:00.000000,2026-09-10 10:27:18,12.3,Resolved,Manager Review,False,L1,False,Resolved,88.8,FAIL,True,23.6,High,Synthetic operational record,12.3,17.7,41.0,WITHIN SLA,False,,
CASE-10337,DP1083,A2003,2026-10-01,2026-10-01 23:36:13.821932,Delivery Assignment Issue,Duplicate assignment,LOW,60,2026-10-01 23:41:13.821932,,,Escalated,Technical Fix,True,L2,False,Failed,92.5,REVIEW,False,25.3,Medium,Synthetic operational record,22.8,37.2,37.9,WITHIN SLA,True,Repeated Issue + SOP Resolution Failed,2026-10-01 23:36:13.821932
CASE-10338,DP1074,A2011,2026-10-01,2026-10-01 22:43:01.482403,Route / Navigation Issue,Restricted road,LOW,60,2026-10-01 22:44:01.482403,,,Escalated,Route Support,True,L2,False,Resolved,100.0,PASS,True,4.8,Medium,Synthetic operational record,76.0,-16.0,126.6,BREACHED,False,SLA Breach,2026-10-01 22:43:01.482403
CASE-10339,DP1098,A2004,2026-09-17,2026-09-17 17:09:00.000000,Other Operational Issue,Equipment,LOW,60,2026-09-17 17:14:00.000000,2026-09-17 17:36:00,27.0,Closed,Route Support,True,L2,False,Failed,94.8,REVIEW,False,12.5,Low,Synthetic operational record,27.0,33.0,45.0,WITHIN SLA,True,SOP Resolution Failed,2026-09-17 17:09:00.000000
CASE-10340,DP1075,A2007,2026-09-17,2026-09-17 11:01:00.000000,Delivery Assignment Issue,Wrong zone,MEDIUM,30,2026-09-17 11:07:00.000000,2026-09-17 11:12:54,11.9,Resolved,Route Support,True,L2,True,Resolved,100.0,PASS,True,42.9,Medium,Synthetic operational record,11.9,18.1,39.7,WITHIN SLA,False,Manager Intervention Required,2026-09-17 11:01:00.000000
CASE-10341,DP1064,A2010,2026-09-17,2026-09-17 09:32:00.000000,Route / Navigation Issue,Restricted road,HIGH,15,2026-09-17 09:33:00.000000,2026-09-17 09:36:00,4.0,Resolved,Route Support,False,Manager,False,Resolved,92.7,REVIEW,True,29.9,High,Synthetic operational record,4.0,11.0,26.7,WITHIN SLA,False,,
CASE-10342,DP1035,A2012,2026-09-26,2026-09-26 15:12:00.000000,Other Operational Issue,Equipment,LOW,60,2026-09-26 15:18:00.000000,2026-09-26 15:49:42,37.7,Resolved,Payment Adjustment,False,L1,False,Resolved,95.3,PASS,True,12.8,Low,Synthetic operational record,37.7,22.3,62.8,WITHIN SLA,False,,
CASE-10343,DP1001,A2013,2026-10-01,2026-10-01 23:39:38.895383,Delivery Partner App Issue,Sync delay,LOW,60,2026-10-01 23:40:38.895383,,,Pending,Route Support,False,L1,False,Resolved,100.0,PASS,True,7.3,Medium,Synthetic operational record,19.4,40.6,32.3,WITHIN SLA,False,,
CASE-10344,DP1013,A2014,2026-09-18,2026-09-18 10:00:00.000000,Delivery Partner App Issue,Login error,LOW,60,2026-09-18 10:02:00.000000,2026-09-18 10:47:06,47.1,Resolved,Manager Review,False,L1,False,Resolved,86.4,FAIL,True,15.8,Low,Synthetic operational record,47.1,12.9,78.5,WITHIN SLA,False,,
CASE-10345,DP1030,A2017,2026-09-05,2026-09-05 15:36:00.000000,Route / Navigation Issue,Incorrect route,LOW,60,2026-09-05 15:41:00.000000,2026-09-05 16:05:00,29.0,Closed,Technical Fix,False,L1,False,Resolved,85.8,FAIL,True,18.2,High,Synthetic operational record,29.0,31.0,48.3,WITHIN SLA,False,,
CASE-10346,DP1005,A2002,2026-10-01,2026-10-01 23:52:15.400277,Payment Issue,Adjustment request,MEDIUM,30,2026-10-01 23:55:15.400277,,,Pending,Manager Review,False,L1,False,Resolved,90.0,REVIEW,True,46.6,Medium,Synthetic operational record,6.7,23.3,22.5,WITHIN SLA,False,,
CASE-10347,DP1051,A2008,2026-10-01,2026-10-01 23:35:11.602243,Delivery Partner App Issue,Sync delay,MEDIUM,30,2026-10-01 23:42:11.602243,,,New,Manager Review,False,L1,False,Resolved,98.1,PASS,True,19.7,Low,Synthetic operational record,23.8,6.2,79.4,AT RISK,False,,
CASE-10348,DP1078,A2001,2026-09-03,2026-09-03 11:35:00.000000,Delivery Delay,Late arrival,MEDIUM,30,2026-09-03 11:42:00.000000,2026-09-03 12:25:00,50.0,Resolved,Route Support,True,L2,False,Resolved,86.0,FAIL,True,7.7,Low,Synthetic operational record,50.0,-20.0,166.7,BREACHED,False,SLA Breach,2026-09-03 11:35:00.000000
CASE-10349,DP1097,A2001,2026-10-01,2026-10-01 23:47:16.650496,Verification Issue,Identity mismatch,MEDIUM,30,2026-10-01 23:54:16.650496,,,Pending,Manager Review,False,L1,False,Resolved,97.0,PASS,True,21.3,Low,Synthetic operational record,11.7,18.3,39.1,WITHIN SLA,False,,
CASE-10350,DP1049,A2005,2026-09-20,2026-09-20 09:48:00.000000,Delivery Assignment Issue,Wrong zone,MEDIUM,30,2026-09-20 09:49:00.000000,2026-09-20 10:06:00,18.0,Closed,Guidance Provided,False,L1,False,Resolved,96.6,PASS,True,25.2,Low,Synthetic operational record,18.0,12.0,60.0,WITHIN SLA,False,,
CASE-10351,DP1088,A2012,2026-09-15,2026-09-15 15:33:00.000000,Payment Issue,Adjustment request,LOW,60,2026-09-15 15:35:00.000000,2026-09-15 16:17:30,44.5,Resolved,Payment Adjustment,False,L1,False,Resolved,100.0,PASS,True,6.6,Medium,Synthetic operational record,44.5,15.5,74.2,WITHIN SLA,False,,
CASE-10352,DP1099,A2018,2026-09-12,2026-09-12 09:34:00.000000,Account / Access Issue,Permission request,LOW,60,2026-09-12 09:36:00.000000,2026-09-12 10:05:06,31.1,Resolved,Route Support,False,L1,False,Resolved,99.2,PASS,True,26.8,Low,Synthetic operational record,31.1,28.9,51.8,WITHIN SLA,False,,
CASE-10353,DP1086,A2016,2026-09-27,2026-09-27 15:46:00.000000,Delivery Delay,Late arrival,HIGH,15,2026-09-27 15:51:00.000000,2026-09-27 15:50:00,4.0,Resolved,Manager Review,False,Manager,False,Resolved,95.8,PASS,True,36.5,High,Synthetic operational record,4.0,11.0,26.7,WITHIN SLA,False,,
CASE-10354,DP1047,A2013,2026-09-22,2026-09-22 15:58:00.000000,Account / Access Issue,Permission request,MEDIUM,30,2026-09-22 16:02:00.000000,2026-09-22 16:33:06,35.1,Resolved,Guidance Provided,True,L2,False,Resolved,100.0,PASS,True,23.7,Low,Synthetic operational record,35.1,-5.1,117.0,BREACHED,False,SLA Breach,2026-09-22 15:58:00.000000
CASE-10355,DP1033,A2016,2026-10-01,2026-10-01 23:56:22.714820,Delivery Delay,Missed handoff,HIGH,15,2026-10-02 00:02:22.714820,,,New,Manager Review,True,L2,False,Failed,96.7,PASS,False,12.4,Medium,Synthetic operational record,2.6,12.4,17.5,WITHIN SLA,False,High Priority Unresolved + SOP Resolution Failed,2026-10-01 23:56:22.714820
CASE-10356,DP1098,A2004,2026-09-17,2026-09-17 08:11:00.000000,Other Operational Issue,Policy question,HIGH,15,2026-09-17 08:13:00.000000,2026-09-17 08:15:00,4.0,Closed,Guidance Provided,False,Manager,False,Resolved,91.7,REVIEW,True,15.7,High,Synthetic operational record,4.0,11.0,26.7,WITHIN SLA,False,,
CASE-10357,DP1025,A2017,2026-09-19,2026-09-19 10:43:00.000000,Route / Navigation Issue,Map pin error,MEDIUM,30,2026-09-19 10:45:00.000000,2026-09-19 11:04:36,21.6,Closed,Technical Fix,False,L1,False,Resolved,88.3,FAIL,True,2.1,Medium,Synthetic operational record,21.6,8.4,72.0,AT RISK,False,,
CASE-10358,DP1042,A2018,2026-09-25,2026-09-25 12:41:00.000000,Delivery Partner App Issue,Crash,HIGH,15,2026-09-25 12:46:00.000000,2026-09-25 12:51:06,10.1,Resolved,Route Support,False,L1,False,Resolved,91.2,REVIEW,True,20.4,Medium,Synthetic operational record,10.1,4.9,67.3,AT RISK,True,,
CASE-10359,DP1008,A2002,2026-09-29,2026-09-29 13:57:00.000000,Account / Access Issue,Profile update,MEDIUM,30,2026-09-29 14:02:00.000000,2026-09-29 14:17:54,20.9,Resolved,Technical Fix,False,L1,False,Resolved,93.8,REVIEW,True,25.7,High,Synthetic operational record,20.9,9.1,69.7,AT RISK,False,,
CASE-10360,DP1080,A2010,2026-10-01,2026-10-01 23:36:48.103224,Delivery Delay,Missed handoff,LOW,60,2026-10-01 23:41:48.103224,,,New,Manager Review,True,L2,False,Resolved,94.9,REVIEW,True,11.2,Medium,Synthetic operational record,22.2,37.8,37.0,WITHIN SLA,True,Repeated Issue,2026-10-01 23:36:48.103224
CASE-10361,DP1065,A2017,2026-10-01,2026-10-01 23:01:25.046531,Delivery Partner App Issue,Crash,LOW,60,2026-10-01 23:04:25.046531,,,Pending,Manager Review,False,L1,False,Resolved,83.3,FAIL,True,45.3,Medium,Synthetic operational record,57.6,2.4,96.0,AT RISK,False,,
CASE-10362,DP1009,A2010,2026-09-13,2026-09-13 16:45:00.000000,Delivery Partner App Issue,Login error,LOW,60,2026-09-13 16:49:00.000000,2026-09-13 17:23:48,38.8,Resolved,Guidance Provided,False,L1,False,Resolved,92.9,REVIEW,True,31.5,Low,Synthetic operational record,38.8,21.2,64.7,WITHIN SLA,False,,
CASE-10363,DP1023,A2017,2026-10-01,2026-10-01 23:05:15.118128,Route / Navigation Issue,Map pin error,LOW,60,2026-10-01 23:12:15.118128,,,Escalated,Technical Fix,False,L1,False,Resolved,94.1,REVIEW,True,2.0,Low,Synthetic operational record,53.7,6.3,89.6,AT RISK,False,,
CASE-10364,DP1056,A2019,2026-10-01,2026-10-01 23:45:25.650004,Delivery Partner App Issue,Login error,MEDIUM,30,2026-10-01 23:50:25.650004,,,New,Guidance Provided,True,L2,False,Failed,96.7,PASS,False,2.0,Low,Synthetic operational record,13.6,16.4,45.2,WITHIN SLA,True,Repeated Issue + SOP Resolution Failed,2026-10-01 23:45:25.650004
CASE-10365,DP1055,A2010,2026-10-01,2026-10-01 23:46:59.746237,Delivery Assignment Issue,No assignment,MEDIUM,30,2026-10-01 23:53:59.746237,,,Escalated,Route Support,False,L1,False,Resolved,100.0,PASS,True,10.2,Medium,Synthetic operational record,12.0,18.0,40.0,WITHIN SLA,False,,
CASE-10366,DP1081,A2002,2026-09-23,2026-09-23 15:25:00.000000,Delivery Partner App Issue,Sync delay,MEDIUM,30,2026-09-23 15:29:00.000000,2026-09-23 15:40:00,15.0,Resolved,Manager Review,False,L1,False,Resolved,94.9,REVIEW,True,40.9,Medium,Synthetic operational record,15.0,15.0,50.0,WITHIN SLA,False,,
CASE-10367,DP1027,A2007,2026-10-01,2026-10-01 23:44:19.129954,Delivery Delay,Weather delay,MEDIUM,30,2026-10-01 23:45:19.129954,,,Pending,Route Support,True,L2,False,Resolved,89.5,FAIL,True,32.7,Medium,Synthetic operational record,14.7,15.3,48.9,WITHIN SLA,True,Repeated Issue,2026-10-01 23:44:19.129954
CASE-10368,DP1093,A2005,2026-10-01,2026-10-01 23:31:46.206330,Payment Issue,Adjustment request,LOW,60,2026-10-01 23:37:46.206330,,,Pending,Guidance Provided,False,L1,False,Resolved,84.9,FAIL,True,41.5,High,Synthetic operational record,27.2,32.8,45.4,WITHIN SLA,False,,
CASE-10369,DP1045,A2010,2026-10-01,2026-10-01 23:51:15.732789,Delivery Delay,Late arrival,MEDIUM,30,2026-10-01 23:55:15.732789,,,In Progress,Guidance Provided,True,L2,False,Resolved,97.4,PASS,True,22.1,Low,Synthetic operational record,7.7,22.3,25.8,WITHIN SLA,True,Repeated Issue,2026-10-01 23:51:15.732789
CASE-10370,DP1083,A2012,2026-09-30,2026-09-30 13:20:00.000000,Delivery Assignment Issue,Assignment timeout,MEDIUM,30,2026-09-30 13:21:00.000000,2026-09-30 13:37:06,17.1,Resolved,Guidance Provided,True,L2,False,Failed,89.7,FAIL,False,19.5,High,Synthetic operational record,17.1,12.9,57.0,WITHIN SLA,False,SOP Resolution Failed,2026-09-30 13:20:00.000000
CASE-10371,DP1024,A2010,2026-09-30,2026-09-30 08:08:00.000000,Delivery Partner App Issue,Sync delay,LOW,60,2026-09-30 08:09:00.000000,2026-09-30 09:33:18,85.3,Closed,Payment Adjustment,True,L2,False,Failed,98.3,PASS,False,7.0,Low,Synthetic operational record,85.3,-25.3,142.2,BREACHED,False,SLA Breach + SOP Resolution Failed,2026-09-30 08:08:00.000000
CASE-10372,DP1004,A2004,2026-10-01,2026-10-01 23:04:04.157035,Route / Navigation Issue,Map pin error,LOW,60,2026-10-01 23:07:04.157035,,,Pending,Route Support,False,L1,False,Resolved,100.0,PASS,True,26.2,Low,Synthetic operational record,54.9,5.1,91.6,AT RISK,False,,
CASE-10373,DP1006,A2007,2026-10-01,2026-10-01 23:15:38.188196,Payment Issue,Adjustment request,LOW,60,2026-10-01 23:17:38.188196,,,New,Guidance Provided,True,L2,False,Resolved,86.3,FAIL,True,19.6,Medium,Synthetic operational record,43.4,16.6,72.3,WITHIN SLA,True,Repeated Issue,2026-10-01 23:15:38.188196
CASE-10374,DP1038,A2014,2026-09-10,2026-09-10 11:02:00.000000,Route / Navigation Issue,Map pin error,LOW,60,2026-09-10 11:07:00.000000,2026-09-10 12:29:12,87.2,Resolved,Manager Review,True,L2,False,Failed,96.8,PASS,False,19.2,Low,Synthetic operational record,87.2,-27.2,145.3,BREACHED,False,SLA Breach + SOP Resolution Failed,2026-09-10 11:02:00.000000
CASE-10375,DP1096,A2001,2026-09-21,2026-09-21 09:48:00.000000,Delivery Partner App Issue,Notification failure,MEDIUM,30,2026-09-21 09:53:00.000000,2026-09-21 10:01:54,13.9,Resolved,Technical Fix,False,L1,False,Resolved,100.0,PASS,True,41.4,Medium,Synthetic operational record,13.9,16.1,46.3,WITHIN SLA,True,,
CASE-10376,DP1005,A2005,2026-10-01,2026-10-01 23:33:44.225529,Delivery Partner App Issue,Notification failure,MEDIUM,30,2026-10-01 23:36:44.225529,,,Pending,Payment Adjustment,False,L1,False,Resolved,99.1,PASS,True,20.5,Medium,Synthetic operational record,25.3,4.7,84.2,AT RISK,False,,
CASE-10377,DP1037,A2018,2026-10-01,2026-10-01 23:15:41.604396,Delivery Assignment Issue,Wrong zone,MEDIUM,30,2026-10-01 23:16:41.604396,,,Pending,Route Support,True,L2,False,Resolved,83.5,FAIL,True,38.0,Medium,Synthetic operational record,43.3,-13.3,144.4,BREACHED,True,SLA Breach + Repeated Issue,2026-10-01 23:15:41.604396
CASE-10378,DP1011,A2002,2026-10-01,2026-10-01 23:07:19.238256,Delivery Delay,Traffic delay,LOW,60,2026-10-01 23:08:19.238256,,,New,Payment Adjustment,True,L2,False,Resolved,89.7,FAIL,True,2.9,Low,Synthetic operational record,51.7,8.3,86.1,AT RISK,True,Repeated Issue,2026-10-01 23:07:19.238256
CASE-10379,DP1094,A2009,2026-10-01,2026-10-01 23:52:34.582437,Payment Issue,Adjustment request,MEDIUM,30,2026-10-01 23:59:34.582437,,,Pending,Payment Adjustment,False,L1,False,Resolved,87.6,FAIL,True,54.3,Low,Synthetic operational record,6.4,23.6,21.4,WITHIN SLA,False,,
CASE-10380,DP1068,A2005,2026-10-01,2026-10-01 23:49:27.942511,Account / Access Issue,Profile update,MEDIUM,30,2026-10-01 23:52:27.942511,,,Escalated,Technical Fix,True,L2,True,Failed,96.6,PASS,False,17.5,Low,Synthetic operational record,9.5,20.5,31.8,WITHIN SLA,False,Manager Intervention Required + SOP Resolution Failed,2026-10-01 23:49:27.942511
CASE-10381,DP1077,A2003,2026-10-01,2026-10-01 23:27:55.493485,Payment Issue,Missing payout,LOW,60,2026-10-01 23:28:55.493485,,,Escalated,Payment Adjustment,False,L1,False,Resolved,96.1,PASS,True,30.5,Low,Synthetic operational record,31.1,28.9,51.8,WITHIN SLA,False,,
CASE-10382,DP1072,A2009,2026-10-01,2026-10-01 23:56:39.202867,Delivery Delay,Traffic delay,MEDIUM,30,2026-10-02 00:01:39.202867,,,New,Technical Fix,False,L1,False,Resolved,80.5,FAIL,True,32.4,Low,Synthetic operational record,2.3,27.7,7.8,WITHIN SLA,False,,
CASE-10383,DP1066,A2011,2026-09-10,2026-09-10 08:17:00.000000,Delivery Delay,Missed handoff,MEDIUM,30,2026-09-10 08:24:00.000000,2026-09-10 09:14:54,57.9,Resolved,Technical Fix,True,L2,False,Resolved,92.5,REVIEW,True,16.0,Low,Synthetic operational record,57.9,-27.9,193.0,BREACHED,False,SLA Breach,2026-09-10 08:17:00.000000
CASE-10384,DP1078,A2004,2026-09-30,2026-09-30 11:04:00.000000,Delivery Partner App Issue,Sync delay,MEDIUM,30,2026-09-30 11:05:00.000000,2026-09-30 11:57:18,53.3,Resolved,Route Support,True,L2,False,Resolved,98.0,PASS,True,31.8,Medium,Synthetic operational record,53.3,-23.3,177.7,BREACHED,False,SLA Breach,2026-09-30 11:04:00.000000
CASE-10385,DP1001,A2002,2026-10-01,2026-10-01 22:38:54.661868,Delivery Delay,Missed handoff,LOW,60,2026-10-01 22:45:54.661868,,,In Progress,Manager Review,True,L2,False,Resolved,94.7,REVIEW,True,32.5,High,Synthetic operational record,80.1,-20.1,133.5,BREACHED,True,High Impact + SLA Risk,2026-10-01 22:38:54.661868
CASE-10386,DP1087,A2003,2026-09-26,2026-09-26 16:18:00.000000,Payment Issue,Rate question,MEDIUM,30,2026-09-26 16:24:00.000000,2026-09-26 16:36:30,18.5,Resolved,Manager Review,False,L1,False,Resolved,94.7,REVIEW,True,13.4,Medium,Synthetic operational record,18.5,11.5,61.7,WITHIN SLA,False,,
CASE-10387,DP1074,A2014,2026-10-01,2026-10-01 22:43:47.595242,Payment Issue,Payment timing,LOW,60,2026-10-01 22:45:47.595242,,,New,Technical Fix,True,L2,False,Resolved,92.2,REVIEW,True,13.6,Low,Synthetic operational record,75.2,-15.2,125.3,BREACHED,True,SLA Breach + Repeated Issue,2026-10-01 22:43:47.595242
CASE-10388,DP1074,A2018,2026-10-01,2026-10-01 23:30:51.348759,Delivery Partner App Issue,Sync delay,LOW,60,2026-10-01 23:36:51.348759,,,In Progress,Technical Fix,True,L2,False,Resolved,88.7,FAIL,True,22.5,Medium,Synthetic operational record,28.1,31.9,46.9,WITHIN SLA,True,Repeated Issue,2026-10-01 23:30:51.348759
CASE-10389,DP1040,A2004,2026-10-01,2026-10-01 23:58:15.971719,Verification Issue,Identity mismatch,LOW,60,2026-10-02 00:01:15.971719,,,Pending,Guidance Provided,False,L1,False,Resolved,93.9,REVIEW,True,20.6,Low,Synthetic operational record,0.7,59.3,1.2,WITHIN SLA,False,,
CASE-10390,DP1081,A2007,2026-09-26,2026-09-26 16:17:00.000000,Other Operational Issue,Equipment,HIGH,15,2026-09-26 16:22:00.000000,2026-09-26 16:52:18,35.3,Resolved,Technical Fix,True,L2,False,Resolved,94.3,REVIEW,True,38.7,Low,Synthetic operational record,35.3,-20.3,235.3,BREACHED,False,SLA Breach,2026-09-26 16:17:00.000000
CASE-10391,DP1039,A2007,2026-10-01,2026-10-01 22:40:01.251016,Delivery Partner App Issue,Login error,LOW,60,2026-10-01 22:41:01.251016,,,Escalated,Payment Adjustment,True,L2,False,Resolved,97.1,PASS,True,30.4,Low,Synthetic operational record,79.0,-19.0,131.6,BREACHED,True,SLA Breach + Repeated Issue,2026-10-01 22:40:01.251016
CASE-10392,DP1005,A2008,2026-10-01,2026-10-01 23:34:03.647336,Route / Navigation Issue,Incorrect route,MEDIUM,30,2026-10-01 23:36:03.647336,,,New,Technical Fix,False,L1,False,Resolved,97.5,PASS,True,21.2,High,Synthetic operational record,24.9,5.1,83.1,AT RISK,False,,
CASE-10393,DP1091,A2005,2026-09-12,2026-09-12 11:01:00.000000,Verification Issue,Vehicle verification,LOW,60,2026-09-12 11:07:00.000000,2026-09-12 12:18:18,77.3,Resolved,Route Support,True,L2,False,Failed,94.4,REVIEW,False,29.3,Medium,Synthetic operational record,77.3,-17.3,128.8,BREACHED,False,SLA Breach + SOP Resolution Failed,2026-09-12 11:01:00.000000
CASE-10394,DP1024,A2002,2026-09-15,2026-09-15 08:24:00.000000,Delivery Assignment Issue,Duplicate assignment,HIGH,15,2026-09-15 08:30:00.000000,2026-09-15 08:42:42,18.7,Resolved,Guidance Provided,True,L2,False,Resolved,99.5,PASS,True,2.0,Low,Synthetic operational record,18.7,-3.7,124.7,BREACHED,False,SLA Breach,2026-09-15 08:24:00.000000
CASE-10395,DP1011,A2011,2026-09-10,2026-09-10 11:08:00.000000,Verification Issue,Document check,MEDIUM,30,2026-09-10 11:09:00.000000,2026-09-10 11:40:36,32.6,Closed,Payment Adjustment,True,L2,False,Resolved,92.1,REVIEW,True,14.6,Medium,Synthetic operational record,32.6,-2.6,108.7,BREACHED,False,SLA Breach,2026-09-10 11:08:00.000000
CASE-10396,DP1063,A2008,2026-09-06,2026-09-06 16:46:00.000000,Route / Navigation Issue,Map pin error,HIGH,15,2026-09-06 16:48:00.000000,2026-09-06 16:50:00,4.0,Closed,Technical Fix,False,Manager,False,Resolved,86.8,FAIL,True,25.5,High,Synthetic operational record,4.0,11.0,26.7,WITHIN SLA,False,,
CASE-10397,DP1024,A2007,2026-09-22,2026-09-22 17:07:00.000000,Other Operational Issue,Policy question,LOW,60,2026-09-22 17:12:00.000000,2026-09-22 17:34:30,27.5,Resolved,Payment Adjustment,False,L1,False,Resolved,96.4,PASS,True,35.4,Low,Synthetic operational record,27.5,32.5,45.8,WITHIN SLA,False,,
CASE-10398,DP1086,A2006,2026-10-01,2026-10-01 23:46:23.038514,Other Operational Issue,Other,LOW,60,2026-10-01 23:53:23.038514,,,Pending,Guidance Provided,True,L2,False,Resolved,94.6,REVIEW,True,24.4,Medium,Synthetic operational record,12.6,47.4,21.0,WITHIN SLA,True,Repeated Issue,2026-10-01 23:46:23.038514
CASE-10399,DP1045,A2019,2026-10-01,2026-10-01 23:16:22.747187,Delivery Partner App Issue,Notification failure,MEDIUM,30,2026-10-01 23:21:22.747187,,,In Progress,Payment Adjustment,True,L2,False,Resolved,96.5,PASS,True,39.5,Low,Synthetic operational record,42.6,-12.6,142.1,BREACHED,False,SLA Breach,2026-10-01 23:16:22.747187
CASE-10400,DP1001,A2013,2026-10-01,2026-10-01 23:56:15.608670,Delivery Delay,Traffic delay,LOW,60,2026-10-02 00:01:15.608670,,,Pending,Route Support,True,L2,False,Resolved,87.7,FAIL,True,32.4,Low,Synthetic operational record,2.7,57.3,4.6,WITHIN SLA,True,Repeated Issue,2026-10-01 23:56:15.608670
CASE-10401,DP1096,A2009,2026-10-01,2026-10-01 23:40:18.946970,Delivery Delay,Late arrival,MEDIUM,30,2026-10-01 23:43:18.946970,,,In Progress,Manager Review,False,L1,False,Resolved,100.0,PASS,True,16.1,Medium,Synthetic operational record,18.7,11.3,62.3,WITHIN SLA,False,,
CASE-10402,DP1052,A2005,2026-09-10,2026-09-10 13:32:00.000000,Delivery Partner App Issue,Sync delay,HIGH,15,2026-09-10 13:33:00.000000,2026-09-10 14:04:12,32.2,Resolved,Technical Fix,True,L2,False,Resolved,97.6,PASS,True,20.3,Low,Synthetic operational record,32.2,-17.2,214.7,BREACHED,False,SLA Breach,2026-09-10 13:32:00.000000
CASE-10403,DP1027,A2017,2026-10-01,2026-10-01 23:07:38.338053,Payment Issue,Payment timing,MEDIUM,30,2026-10-01 23:13:38.338053,,,In Progress,Payment Adjustment,True,L2,False,Resolved,92.6,REVIEW,True,26.9,Medium,Synthetic operational record,51.4,-21.4,171.2,BREACHED,False,SLA Breach,2026-10-01 23:07:38.338053
CASE-10404,DP1068,A2018,2026-09-05,2026-09-05 16:25:00.000000,Other Operational Issue,Equipment,HIGH,15,2026-09-05 16:31:00.000000,2026-09-05 16:49:06,24.1,Closed,Route Support,True,L2,False,Resolved,89.3,FAIL,True,16.6,Low,Synthetic operational record,24.1,-9.1,160.7,BREACHED,False,SLA Breach,2026-09-05 16:25:00.000000
CASE-10405,DP1054,A2001,2026-09-19,2026-09-19 17:44:00.000000,Delivery Partner App Issue,Crash,MEDIUM,30,2026-09-19 17:48:00.000000,2026-09-19 18:01:06,17.1,Resolved,Payment Adjustment,False,L1,False,Resolved,99.4,PASS,True,40.4,Medium,Synthetic operational record,17.1,12.9,57.0,WITHIN SLA,False,,
CASE-10406,DP1003,A2019,2026-10-01,2026-10-01 22:37:02.278824,Delivery Delay,Late arrival,LOW,60,2026-10-01 22:41:02.278824,,,Pending,Payment Adjustment,True,L2,False,Resolved,88.5,FAIL,True,8.7,Medium,Synthetic operational record,82.0,-22.0,136.6,BREACHED,False,SLA Breach,2026-10-01 22:37:02.278824
CASE-10407,DP1076,A2014,2026-09-28,2026-09-28 14:36:00.000000,Account / Access Issue,Password reset,MEDIUM,30,2026-09-28 14:38:00.000000,2026-09-28 15:01:30,25.5,Resolved,Technical Fix,True,L2,True,Resolved,100.0,PASS,True,25.8,Medium,Synthetic operational record,25.5,4.5,85.0,AT RISK,False,Manager Intervention Required,2026-09-28 14:36:00.000000
CASE-10408,DP1041,A2002,2026-09-11,2026-09-11 13:16:00.000000,Payment Issue,Payment timing,LOW,60,2026-09-11 13:20:00.000000,2026-09-11 14:14:24,58.4,Resolved,Manager Review,False,L1,False,Resolved,90.9,REVIEW,True,30.8,Medium,Synthetic operational record,58.4,1.6,97.3,AT RISK,False,,
CASE-10409,DP1070,A2016,2026-10-01,2026-10-01 23:47:34.611328,Delivery Delay,Traffic delay,MEDIUM,30,2026-10-01 23:49:34.611328,,,In Progress,Route Support,False,L1,False,Resolved,100.0,PASS,True,18.2,Medium,Synthetic operational record,11.4,18.6,38.1,WITHIN SLA,False,,
CASE-10410,DP1090,A2003,2026-09-22,2026-09-22 09:29:00.000000,Other Operational Issue,Other,LOW,60,2026-09-22 09:32:00.000000,2026-09-22 10:17:00,48.0,Closed,Manager Review,False,L1,False,Resolved,93.1,REVIEW,True,15.5,Low,Synthetic operational record,48.0,12.0,80.0,WITHIN SLA,False,,
CASE-10411,DP1062,A2002,2026-09-22,2026-09-22 13:50:00.000000,Delivery Delay,Missed handoff,LOW,60,2026-09-22 13:51:00.000000,2026-09-22 14:46:48,56.8,Closed,Route Support,True,L2,True,Resolved,100.0,PASS,True,21.1,Low,Synthetic operational record,56.8,3.2,94.7,AT RISK,False,Manager Intervention Required,2026-09-22 13:50:00.000000
CASE-10412,DP1068,A2003,2026-10-01,2026-10-01 23:54:47.281961,Delivery Partner App Issue,Notification failure,MEDIUM,30,2026-10-01 23:59:47.281961,,,In Progress,Technical Fix,False,L1,False,Resolved,90.3,REVIEW,True,31.7,Medium,Synthetic operational record,4.2,25.8,14.0,WITHIN SLA,False,,
CASE-10413,DP1026,A2010,2026-10-01,2026-10-01 23:49:06.653629,Delivery Partner App Issue,Notification failure,LOW,60,2026-10-01 23:51:06.653629,,,Escalated,Technical Fix,False,L1,False,Resolved,94.1,REVIEW,True,16.0,Low,Synthetic operational record,9.9,50.1,16.5,WITHIN SLA,False,,
CASE-10414,DP1024,A2013,2026-09-23,2026-09-23 12:12:00.000000,Other Operational Issue,Communication,LOW,60,2026-09-23 12:18:00.000000,2026-09-23 12:33:06,21.1,Resolved,Guidance Provided,True,L2,False,Failed,98.0,PASS,False,9.2,Low,Synthetic operational record,21.1,38.9,35.2,WITHIN SLA,True,SOP Resolution Failed,2026-09-23 12:12:00.000000
CASE-10415,DP1042,A2009,2026-10-01,2026-10-01 22:59:07.660303,Delivery Assignment Issue,Duplicate assignment,MEDIUM,30,2026-10-01 23:03:07.660303,,,New,Route Support,True,L2,False,Resolved,97.3,PASS,True,35.8,High,Synthetic operational record,59.9,-29.9,199.6,BREACHED,True,High Impact + SLA Risk,2026-10-01 22:59:07.660303
CASE-10416,DP1086,A2003,2026-09-12,2026-09-12 11:16:00.000000,Delivery Delay,Missed handoff,LOW,60,2026-09-12 11:23:00.000000,2026-09-12 11:58:24,42.4,Resolved,Route Support,False,L1,False,Resolved,99.5,PASS,True,26.8,Low,Synthetic operational record,42.4,17.6,70.7,WITHIN SLA,False,,
CASE-10417,DP1053,A2004,2026-10-01,2026-10-01 23:45:31.478956,Delivery Partner App Issue,Login error,MEDIUM,30,2026-10-01 23:47:31.478956,,,In Progress,Technical Fix,False,L1,False,Resolved,91.6,REVIEW,True,34.1,Low,Synthetic operational record,13.5,16.5,44.9,WITHIN SLA,False,,
CASE-10418,DP1035,A2018,2026-10-01,2026-10-01 23:52:09.842939,Payment Issue,Rate question,LOW,60,2026-10-01 23:54:09.842939,,,In Progress,Guidance Provided,True,L2,False,Resolved,94.4,REVIEW,True,31.1,Medium,Synthetic operational record,6.8,53.2,11.4,WITHIN SLA,True,Repeated Issue,2026-10-01 23:52:09.842939
CASE-10419,DP1078,A2020,2026-10-01,2026-10-01 23:47:33.887206,Other Operational Issue,Equipment,LOW,60,2026-10-01 23:49:33.887206,,,Pending,Manager Review,False,L1,False,Resolved,100.0,PASS,True,48.2,Medium,Synthetic operational record,11.4,48.6,19.1,WITHIN SLA,False,,
CASE-10420,DP1086,A2016,2026-10-01,2026-10-01 23:48:27.836236,Delivery Delay,Late arrival,LOW,60,2026-10-01 23:53:27.836236,,,In Progress,Technical Fix,True,L2,False,Resolved,90.5,REVIEW,True,35.4,Medium,Synthetic operational record,10.5,49.5,17.6,WITHIN SLA,True,Repeated Issue,2026-10-01 23:48:27.836236
CASE-10421,DP1091,A2003,2026-09-12,2026-09-12 14:35:00.000000,Other Operational Issue,Equipment,MEDIUM,30,2026-09-12 14:36:00.000000,2026-09-12 14:58:18,23.3,Closed,Payment Adjustment,False,L1,False,Resolved,96.9,PASS,True,13.3,Low,Synthetic operational record,23.3,6.7,77.7,AT RISK,False,,
CASE-10422,DP1030,A2017,2026-10-01,2026-10-01 23:58:07.817177,Delivery Assignment Issue,Duplicate assignment,HIGH,15,2026-10-02 00:03:07.817177,,,Pending,Guidance Provided,True,L2,False,Resolved,92.9,REVIEW,True,27.6,Low,Synthetic operational record,0.9,14.1,5.8,WITHIN SLA,True,High Priority Unresolved + Repeated Issue,2026-10-01 23:58:07.817177
CASE-10423,DP1071,A2014,2026-09-28,2026-09-28 10:21:00.000000,Delivery Delay,Weather delay,LOW,60,2026-09-28 10:27:00.000000,2026-09-28 10:47:30,26.5,Closed,Guidance Provided,False,L1,False,Resolved,95.0,PASS,True,15.3,Medium,Synthetic operational record,26.5,33.5,44.2,WITHIN SLA,False,,
CASE-10424,DP1060,A2011,2026-10-01,2026-10-01 23:40:31.714284,Account / Access Issue,Account locked,HIGH,15,2026-10-01 23:45:31.714284,,,Pending,Manager Review,True,L2,False,Resolved,94.4,REVIEW,True,16.6,Low,Synthetic operational record,18.5,-3.5,123.1,BREACHED,False,SLA Breach + High Priority Unresolved,2026-10-01 23:40:31.714284
CASE-10425,DP1045,A2003,2026-09-29,2026-09-29 10:47:00.000000,Delivery Delay,Late arrival,MEDIUM,30,2026-09-29 10:48:00.000000,2026-09-29 11:05:36,18.6,Closed,Route Support,False,L1,False,Resolved,90.1,REVIEW,True,5.0,Medium,Synthetic operational record,18.6,11.4,62.0,WITHIN SLA,False,,
CASE-10426,DP1040,A2020,2026-09-02,2026-09-02 14:28:00.000000,Delivery Assignment Issue,Assignment timeout,MEDIUM,30,2026-09-02 14:32:00.000000,2026-09-02 14:40:36,12.6,Resolved,Guidance Provided,False,L1,False,Resolved,92.7,REVIEW,True,18.6,Low,Synthetic operational record,12.6,17.4,42.0,WITHIN SLA,False,,
CASE-10427,DP1012,A2009,2026-09-04,2026-09-04 08:24:00.000000,Account / Access Issue,Permission request,MEDIUM,30,2026-09-04 08:28:00.000000,2026-09-04 08:37:48,13.8,Resolved,Guidance Provided,False,L1,False,Resolved,94.7,REVIEW,True,28.5,Low,Synthetic operational record,13.8,16.2,46.0,WITHIN SLA,False,,
CASE-10428,DP1028,A2001,2026-09-30,2026-09-30 12:57:00.000000,Payment Issue,Payment timing,MEDIUM,30,2026-09-30 13:00:00.000000,2026-09-30 13:26:36,29.6,Resolved,Payment Adjustment,False,L1,False,Resolved,93.5,REVIEW,True,21.2,Low,Synthetic operational record,29.6,0.4,98.7,AT RISK,True,,
CASE-10429,DP1055,A2005,2026-09-05,2026-09-05 14:32:00.000000,Delivery Delay,Traffic delay,MEDIUM,30,2026-09-05 14:36:00.000000,2026-09-05 14:47:30,15.5,Closed,Route Support,False,L1,False,Resolved,100.0,PASS,True,8.8,Low,Synthetic operational record,15.5,14.5,51.7,WITHIN SLA,False,,
CASE-10430,DP1089,A2009,2026-10-01,2026-10-01 23:48:57.567120,Other Operational Issue,Other,MEDIUM,30,2026-10-01 23:54:57.567120,,,In Progress,Payment Adjustment,True,L2,False,Resolved,99.0,PASS,True,3.7,Low,Synthetic operational record,10.0,20.0,33.5,WITHIN SLA,True,Repeated Issue,2026-10-01 23:48:57.567120
CASE-10431,DP1087,A2002,2026-09-28,2026-09-28 10:22:00.000000,Delivery Assignment Issue,No assignment,MEDIUM,30,2026-09-28 10:28:00.000000,2026-09-28 10:37:18,15.3,Resolved,Manager Review,False,L1,False,Resolved,95.4,PASS,True,47.3,Medium,Synthetic operational record,15.3,14.7,51.0,WITHIN SLA,False,,
CASE-10432,DP1019,A2007,2026-10-01,2026-10-01 23:33:38.235141,Delivery Assignment Issue,No assignment,LOW,60,2026-10-01 23:36:38.235141,,,Escalated,Route Support,True,L2,False,Resolved,90.2,REVIEW,True,25.9,Medium,Synthetic operational record,25.4,34.6,42.3,WITHIN SLA,True,Repeated Issue,2026-10-01 23:33:38.235141
CASE-10433,DP1068,A2010,2026-09-14,2026-09-14 17:42:00.000000,Delivery Partner App Issue,Login error,LOW,60,2026-09-14 17:45:00.000000,2026-09-14 18:03:00,21.0,Resolved,Route Support,False,L1,False,Resolved,89.9,FAIL,True,12.1,Low,Synthetic operational record,21.0,39.0,35.0,WITHIN SLA,True,,
CASE-10434,DP1009,A2019,2026-09-15,2026-09-15 12:35:00.000000,Payment Issue,Missing payout,MEDIUM,30,2026-09-15 12:37:00.000000,2026-09-15 13:18:30,43.5,Closed,Technical Fix,True,L2,False,Failed,100.0,PASS,False,27.5,Medium,Synthetic operational record,43.5,-13.5,145.0,BREACHED,False,SLA Breach + SOP Resolution Failed,2026-09-15 12:35:00.000000
CASE-10435,DP1068,A2002,2026-09-28,2026-09-28 14:21:00.000000,Delivery Assignment Issue,Assignment timeout,LOW,60,2026-09-28 14:24:00.000000,2026-09-28 14:44:18,23.3,Resolved,Route Support,True,L2,False,Failed,89.0,FAIL,False,48.3,Low,Synthetic operational record,23.3,36.7,38.8,WITHIN SLA,False,SOP Resolution Failed,2026-09-28 14:21:00.000000
CASE-10436,DP1035,A2012,2026-10-01,2026-10-01 23:27:13.205278,Route / Navigation Issue,Map pin error,LOW,60,2026-10-01 23:31:13.205278,,,In Progress,Manager Review,False,L1,False,Resolved,94.6,REVIEW,True,29.4,Low,Synthetic operational record,31.8,28.2,53.0,WITHIN SLA,False,,
CASE-10437,DP1045,A2019,2026-10-01,2026-10-01 23:25:37.959178,Delivery Assignment Issue,Assignment timeout,LOW,60,2026-10-01 23:30:37.959178,,,Pending,Guidance Provided,True,L2,False,Resolved,95.8,PASS,True,2.0,Medium,Synthetic operational record,33.4,26.6,55.6,WITHIN SLA,True,Repeated Issue,2026-10-01 23:25:37.959178
CASE-10438,DP1072,A2017,2026-09-13,2026-09-13 16:38:00.000000,Route / Navigation Issue,Map pin error,LOW,60,2026-09-13 16:40:00.000000,2026-09-13 17:29:42,51.7,Resolved,Route Support,False,L1,False,Resolved,92.4,REVIEW,True,53.8,Medium,Synthetic operational record,51.7,8.3,86.2,AT RISK,False,,
CASE-10439,DP1043,A2019,2026-10-01,2026-10-01 23:50:40.789916,Delivery Assignment Issue,No assignment,MEDIUM,30,2026-10-01 23:52:40.789916,,,New,Manager Review,False,L1,False,Resolved,89.0,FAIL,True,2.0,Medium,Synthetic operational record,8.3,21.7,27.7,WITHIN SLA,False,,
CASE-10440,DP1081,A2004,2026-10-01,2026-10-01 23:54:41.863883,Payment Issue,Rate question,MEDIUM,30,2026-10-01 23:55:41.863883,,,New,Payment Adjustment,False,L1,False,Resolved,90.1,REVIEW,True,19.5,Low,Synthetic operational record,4.3,25.7,14.3,WITHIN SLA,False,,
CASE-10441,DP1054,A2017,2026-10-01,2026-10-01 23:58:30.300204,Payment Issue,Missing payout,MEDIUM,30,2026-10-01 23:59:30.300204,,,In Progress,Route Support,True,L2,False,Resolved,91.3,REVIEW,True,8.4,Low,Synthetic operational record,0.5,29.5,1.6,WITHIN SLA,True,Repeated Issue,2026-10-01 23:58:30.300204
CASE-10442,DP1100,A2020,2026-10-01,2026-10-01 23:25:47.055457,Route / Navigation Issue,Map pin error,LOW,60,2026-10-01 23:26:47.055457,,,Escalated,Technical Fix,False,L1,False,Resolved,90.5,REVIEW,True,13.1,Medium,Synthetic operational record,33.2,26.8,55.4,WITHIN SLA,False,,
CASE-10443,DP1064,A2007,2026-09-24,2026-09-24 13:20:00.000000,Delivery Delay,Missed handoff,MEDIUM,30,2026-09-24 13:22:00.000000,2026-09-24 13:37:36,17.6,Closed,Guidance Provided,False,L1,False,Resolved,100.0,PASS,True,25.4,Medium,Synthetic operational record,17.6,12.4,58.7,WITHIN SLA,False,,
CASE-10444,DP1030,A2010,2026-10-01,2026-10-01 13:14:00.000000,Payment Issue,Payment timing,MEDIUM,30,2026-10-01 13:19:00.000000,2026-10-01 13:32:24,18.4,Resolved,Manager Review,False,L1,False,Resolved,94.0,REVIEW,True,2.0,Medium,Synthetic operational record,18.4,11.6,61.3,WITHIN SLA,False,,
CASE-10445,DP1078,A2011,2026-10-01,2026-10-01 23:57:48.303984,Account / Access Issue,Permission request,MEDIUM,30,2026-10-02 00:03:48.303984,,,In Progress,Technical Fix,True,L2,False,Resolved,91.4,REVIEW,True,20.9,High,Synthetic operational record,1.2,28.8,4.0,WITHIN SLA,True,High Impact + Repeated Issue,2026-10-01 23:57:48.303984
CASE-10446,DP1041,A2010,2026-09-08,2026-09-08 17:57:00.000000,Delivery Delay,Traffic delay,MEDIUM,30,2026-09-08 18:04:00.000000,2026-09-08 18:13:36,16.6,Resolved,Route Support,False,L1,False,Resolved,94.5,REVIEW,True,35.8,Low,Synthetic operational record,16.6,13.4,55.3,WITHIN SLA,False,,
CASE-10447,DP1054,A2006,2026-09-24,2026-09-24 09:04:00.000000,Delivery Assignment Issue,Wrong zone,MEDIUM,30,2026-09-24 09:08:00.000000,2026-09-24 09:50:54,46.9,Closed,Technical Fix,True,L2,False,Resolved,97.3,PASS,True,11.9,Medium,Synthetic operational record,46.9,-16.9,156.3,BREACHED,True,SLA Breach + Repeated Issue,2026-09-24 09:04:00.000000
CASE-10448,DP1014,A2020,2026-10-01,2026-10-01 23:35:01.335167,Account / Access Issue,Permission request,MEDIUM,30,2026-10-01 23:39:01.335167,,,Escalated,Technical Fix,False,L1,False,Resolved,92.3,REVIEW,True,5.3,Medium,Synthetic operational record,24.0,6.0,79.9,AT RISK,False,,
CASE-10449,DP1012,A2020,2026-09-02,2026-09-02 11:34:00.000000,Payment Issue,Missing payout,HIGH,15,2026-09-02 11:41:00.000000,2026-09-02 11:38:00,4.0,Resolved,Route Support,False,L1,False,Resolved,98.5,PASS,True,20.3,Low,Synthetic operational record,4.0,11.0,26.7,WITHIN SLA,False,,
CASE-10450,DP1058,A2008,2026-10-01,2026-10-01 23:29:37.613218,Delivery Partner App Issue,Notification failure,MEDIUM,30,2026-10-01 23:31:37.613218,,,In Progress,Technical Fix,False,L1,False,Resolved,87.6,FAIL,True,17.9,Low,Synthetic operational record,29.4,0.6,97.9,AT RISK,False,,
CASE-10451,DP1019,A2017,2026-09-02,2026-09-02 12:56:00.000000,Delivery Delay,Late arrival,MEDIUM,30,2026-09-02 13:01:00.000000,2026-09-02 13:25:06,29.1,Closed,Manager Review,False,L1,False,Resolved,99.9,PASS,True,14.9,Medium,Synthetic operational record,29.1,0.9,97.0,AT RISK,False,,
CASE-10452,DP1100,A2008,2026-09-08,2026-09-08 16:33:00.000000,Delivery Partner App Issue,Crash,MEDIUM,30,2026-09-08 16:39:00.000000,2026-09-08 17:02:24,29.4,Closed,Guidance Provided,False,L1,False,Resolved,94.0,REVIEW,True,7.7,Low,Synthetic operational record,29.4,0.6,98.0,AT RISK,False,,
CASE-10453,DP1086,A2016,2026-10-01,2026-10-01 22:45:39.468434,Delivery Assignment Issue,Duplicate assignment,LOW,60,2026-10-01 22:49:39.468434,,,New,Guidance Provided,True,L2,False,Resolved,93.8,REVIEW,True,28.2,Medium,Synthetic operational record,73.3,-13.3,122.2,BREACHED,False,SLA Breach,2026-10-01 22:45:39.468434
CASE-10454,DP1071,A2012,2026-09-15,2026-09-15 08:11:00.000000,Verification Issue,Identity mismatch,HIGH,15,2026-09-15 08:13:00.000000,2026-09-15 08:15:00,4.0,Closed,Guidance Provided,False,L1,False,Resolved,90.5,REVIEW,True,29.1,Medium,Synthetic operational record,4.0,11.0,26.7,WITHIN SLA,False,,
CASE-10455,DP1074,A2010,2026-10-01,2026-10-01 23:29:10.675608,Delivery Partner App Issue,Sync delay,LOW,60,2026-10-01 23:34:10.675608,,,In Progress,Technical Fix,True,L2,False,Resolved,87.9,FAIL,True,9.2,Low,Synthetic operational record,29.8,30.2,49.7,WITHIN SLA,True,Repeated Issue,2026-10-01 23:29:10.675608
CASE-10456,DP1060,A2003,2026-10-01,2026-10-01 23:28:30.305888,Verification Issue,Document check,LOW,60,2026-10-01 23:35:30.305888,,,New,Guidance Provided,False,L1,False,Resolved,85.7,FAIL,True,10.9,Low,Synthetic operational record,30.5,29.5,50.8,WITHIN SLA,False,,
CASE-10457,DP1007,A2014,2026-10-01,2026-10-01 23:58:44.699583,Other Operational Issue,Communication,HIGH,15,2026-10-02 00:00:44.699583,,,Escalated,Technical Fix,True,L2,False,Resolved,90.2,REVIEW,True,23.6,Medium,Synthetic operational record,0.3,14.7,1.7,WITHIN SLA,False,High Priority Unresolved,2026-10-01 23:58:44.699583
CASE-10458,DP1040,A2007,2026-09-02,2026-09-02 09:18:00.000000,Route / Navigation Issue,Incorrect route,MEDIUM,30,2026-09-02 09:22:00.000000,2026-09-02 09:34:30,16.5,Resolved,Guidance Provided,False,L1,False,Resolved,96.9,PASS,True,10.4,Low,Synthetic operational record,16.5,13.5,55.0,WITHIN SLA,False,,
CASE-10459,DP1050,A2005,2026-09-15,2026-09-15 11:58:00.000000,Route / Navigation Issue,Incorrect route,LOW,60,2026-09-15 11:59:00.000000,2026-09-15 13:17:42,79.7,Resolved,Route Support,True,L2,False,Resolved,89.2,FAIL,True,24.1,Medium,Synthetic operational record,79.7,-19.7,132.8,BREACHED,True,SLA Breach + Repeated Issue,2026-09-15 11:58:00.000000
CASE-10460,DP1092,A2004,2026-09-25,2026-09-25 12:06:00.000000,Route / Navigation Issue,Restricted road,LOW,60,2026-09-25 12:08:00.000000,2026-09-25 12:42:12,36.2,Closed,Guidance Provided,False,L1,False,Resolved,86.3,FAIL,True,39.6,Low,Synthetic operational record,36.2,23.8,60.3,WITHIN SLA,False,,
CASE-10461,DP1022,A2020,2026-09-27,2026-09-27 09:52:00.000000,Other Operational Issue,Equipment,LOW,60,2026-09-27 09:58:00.000000,2026-09-27 10:51:24,59.4,Closed,Manager Review,False,L1,False,Resolved,89.5,FAIL,True,21.3,High,Synthetic operational record,59.4,0.6,99.0,AT RISK,False,,
CASE-10462,DP1050,A2003,2026-10-01,2026-10-01 23:56:03.961852,Payment Issue,Rate question,MEDIUM,30,2026-10-02 00:00:03.961852,,,New,Manager Review,False,L1,False,Resolved,92.1,REVIEW,True,7.4,Low,Synthetic operational record,2.9,27.1,9.8,WITHIN SLA,False,,
CASE-10463,DP1035,A2016,2026-10-01,2026-10-01 23:13:36.727036,Delivery Partner App Issue,Sync delay,LOW,60,2026-10-01 23:15:36.727036,,,Pending,Route Support,True,L2,False,Resolved,92.3,REVIEW,True,26.7,Low,Synthetic operational record,45.4,14.6,75.6,WITHIN SLA,True,Repeated Issue,2026-10-01 23:13:36.727036
CASE-10464,DP1014,A2018,2026-10-01,2026-10-01 23:56:35.554143,Delivery Delay,Traffic delay,HIGH,15,2026-10-01 23:59:35.554143,,,Escalated,Route Support,True,L2,False,Resolved,93.4,REVIEW,True,19.9,Medium,Synthetic operational record,2.4,12.6,16.0,WITHIN SLA,True,High Priority Unresolved + Repeated Issue,2026-10-01 23:56:35.554143
CASE-10465,DP1011,A2001,2026-09-25,2026-09-25 13:09:00.000000,Delivery Delay,Late arrival,HIGH,15,2026-09-25 13:10:00.000000,2026-09-25 13:13:00,4.0,Resolved,Route Support,False,L1,False,Resolved,99.2,PASS,True,20.2,Low,Synthetic operational record,4.0,11.0,26.7,WITHIN SLA,False,,
CASE-10466,DP1037,A2012,2026-09-27,2026-09-27 16:46:00.000000,Delivery Partner App Issue,Notification failure,MEDIUM,30,2026-09-27 16:52:00.000000,2026-09-27 16:57:36,11.6,Closed,Manager Review,False,L1,False,Resolved,100.0,PASS,True,27.7,Low,Synthetic operational record,11.6,18.4,38.7,WITHIN SLA,False,,
CASE-10467,DP1009,A2012,2026-10-01,2026-10-01 23:17:33.507558,Route / Navigation Issue,Restricted road,MEDIUM,30,2026-10-01 23:24:33.507558,,,Pending,Payment Adjustment,True,L2,False,Resolved,100.0,PASS,True,30.3,Low,Synthetic operational record,41.4,-11.4,138.1,BREACHED,False,SLA Breach,2026-10-01 23:17:33.507558
CASE-10468,DP1007,A2008,2026-10-01,2026-10-01 23:24:54.396029,Delivery Partner App Issue,Crash,LOW,60,2026-10-01 23:25:54.396029,,,In Progress,Route Support,False,L1,False,Resolved,85.9,FAIL,True,22.4,Medium,Synthetic operational record,34.1,25.9,56.8,WITHIN SLA,False,,
CASE-10469,DP1036,A2014,2026-10-01,2026-10-01 23:35:35.703156,Other Operational Issue,Equipment,LOW,60,2026-10-01 23:37:35.703156,,,In Progress,Payment Adjustment,True,L2,False,Failed,89.7,FAIL,False,21.3,Medium,Synthetic operational record,23.4,36.6,39.0,WITHIN SLA,False,SOP Resolution Failed,2026-10-01 23:35:35.703156
CASE-10470,DP1021,A2009,2026-09-21,2026-09-21 12:18:00.000000,Delivery Assignment Issue,Assignment timeout,MEDIUM,30,2026-09-21 12:24:00.000000,2026-09-21 13:01:18,43.3,Closed,Route Support,True,L2,False,Resolved,97.5,PASS,True,46.8,Low,Synthetic operational record,43.3,-13.3,144.3,BREACHED,False,SLA Breach,2026-09-21 12:18:00.000000
CASE-10471,DP1056,A2009,2026-09-27,2026-09-27 10:59:00.000000,Delivery Partner App Issue,Notification failure,LOW,60,2026-09-27 11:06:00.000000,2026-09-27 11:26:24,27.4,Closed,Technical Fix,False,L1,False,Resolved,91.7,REVIEW,True,36.4,Low,Synthetic operational record,27.4,32.6,45.7,WITHIN SLA,False,,
CASE-10472,DP1002,A2009,2026-10-01,2026-10-01 23:01:32.786601,Delivery Partner App Issue,Sync delay,LOW,60,2026-10-01 23:07:32.786601,,,In Progress,Guidance Provided,False,L1,False,Resolved,98.3,PASS,True,32.0,Low,Synthetic operational record,57.5,2.5,95.8,AT RISK,False,,
CASE-10473,DP1031,A2017,2026-10-01,2026-10-01 22:59:07.595902,Delivery Assignment Issue,Wrong zone,LOW,60,2026-10-01 23:05:07.595902,,,In Progress,Manager Review,True,L2,False,Resolved,95.0,PASS,True,23.6,High,Synthetic operational record,59.9,0.1,99.8,AT RISK,True,High Impact + Repeated Issue,2026-10-01 22:59:07.595902
CASE-10474,DP1046,A2013,2026-10-01,2026-10-01 23:22:23.551687,Delivery Assignment Issue,Assignment timeout,LOW,60,2026-10-01 23:29:23.551687,,,Escalated,Route Support,False,L1,False,Resolved,100.0,PASS,True,9.9,Low,Synthetic operational record,36.6,23.4,61.0,WITHIN SLA,False,,
CASE-10475,DP1097,A2008,2026-10-01,2026-10-01 23:46:20.070565,Delivery Partner App Issue,Crash,MEDIUM,30,2026-10-01 23:49:20.070565,,,New,Route Support,True,L2,False,Resolved,99.2,PASS,True,35.5,Medium,Synthetic operational record,12.7,17.3,42.2,WITHIN SLA,True,Repeated Issue,2026-10-01 23:46:20.070565
CASE-10476,DP1064,A2019,2026-10-01,2026-10-01 23:31:30.161210,Delivery Assignment Issue,No assignment,MEDIUM,30,2026-10-01 23:38:30.161210,,,New,Technical Fix,True,L2,False,Resolved,99.3,PASS,True,23.7,Low,Synthetic operational record,27.5,2.5,91.7,AT RISK,True,Repeated Issue,2026-10-01 23:31:30.161210
CASE-10477,DP1089,A2017,2026-09-29,2026-09-29 16:30:00.000000,Delivery Assignment Issue,Duplicate assignment,MEDIUM,30,2026-09-29 16:37:00.000000,2026-09-29 16:48:54,18.9,Closed,Route Support,False,L1,False,Resolved,91.9,REVIEW,True,15.1,Medium,Synthetic operational record,18.9,11.1,63.0,WITHIN SLA,True,,
CASE-10478,DP1035,A2019,2026-09-14,2026-09-14 15:20:00.000000,Payment Issue,Missing payout,MEDIUM,30,2026-09-14 15:22:00.000000,2026-09-14 15:30:36,10.6,Closed,Payment Adjustment,False,L1,False,Resolved,93.5,REVIEW,True,19.1,High,Synthetic operational record,10.6,19.4,35.3,WITHIN SLA,False,,
CASE-10479,DP1045,A2015,2026-09-02,2026-09-02 13:34:00.000000,Payment Issue,Rate question,HIGH,15,2026-09-02 13:35:00.000000,2026-09-02 13:38:00,4.0,Closed,Guidance Provided,False,L1,False,Resolved,92.5,REVIEW,True,10.4,Low,Synthetic operational record,4.0,11.0,26.7,WITHIN SLA,False,,
CASE-10480,DP1043,A2008,2026-10-01,2026-10-01 23:17:52.180285,Payment Issue,Payment timing,MEDIUM,30,2026-10-01 23:21:52.180285,,,Pending,Manager Review,True,L2,False,Resolved,86.5,FAIL,True,34.7,Medium,Synthetic operational record,41.1,-11.1,137.1,BREACHED,False,SLA Breach,2026-10-01 23:17:52.180285
CASE-10481,DP1089,A2016,2026-10-01,2026-10-01 14:48:00.000000,Payment Issue,Missing payout,HIGH,15,2026-10-01 14:54:00.000000,2026-10-01 15:10:06,22.1,Resolved,Manager Review,True,L2,False,Resolved,100.0,PASS,True,30.2,Low,Synthetic operational record,22.1,-7.1,147.3,BREACHED,False,SLA Breach,2026-10-01 14:48:00.000000
CASE-10482,DP1096,A2007,2026-09-27,2026-09-27 10:20:00.000000,Delivery Partner App Issue,Notification failure,MEDIUM,30,2026-09-27 10:26:00.000000,2026-09-27 10:31:12,11.2,Closed,Manager Review,False,L1,False,Resolved,97.7,PASS,True,24.2,Medium,Synthetic operational record,11.2,18.8,37.3,WITHIN SLA,True,,
CASE-10483,DP1097,A2006,2026-10-01,2026-10-01 13:30:00.000000,Delivery Partner App Issue,Sync delay,LOW,60,2026-10-01 13:31:00.000000,2026-10-01 13:54:30,24.5,Resolved,Payment Adjustment,False,L1,False,Resolved,92.3,REVIEW,True,21.5,Low,Synthetic operational record,24.5,35.5,40.8,WITHIN SLA,False,,
CASE-10484,DP1076,A2010,2026-09-22,2026-09-22 15:42:00.000000,Delivery Assignment Issue,Duplicate assignment,HIGH,15,2026-09-22 15:45:00.000000,2026-09-22 15:56:24,14.4,Resolved,Technical Fix,False,L1,False,Resolved,100.0,PASS,True,13.8,Low,Synthetic operational record,14.4,0.6,96.0,AT RISK,True,,
CASE-10485,DP1051,A2020,2026-09-21,2026-09-21 11:10:00.000000,Verification Issue,Delivery proof,LOW,60,2026-09-21 11:16:00.000000,2026-09-21 11:44:00,34.0,Closed,Guidance Provided,False,L1,False,Resolved,90.8,REVIEW,True,2.0,Low,Synthetic operational record,34.0,26.0,56.7,WITHIN SLA,False,,
CASE-10486,DP1055,A2012,2026-10-01,2026-10-01 23:06:11.825741,Other Operational Issue,Equipment,LOW,60,2026-10-01 23:07:11.825741,,,Pending,Route Support,False,L1,False,Resolved,84.8,FAIL,True,5.0,Low,Synthetic operational record,52.8,7.2,88.0,AT RISK,False,,
CASE-10487,DP1099,A2008,2026-09-27,2026-09-27 12:48:00.000000,Other Operational Issue,Equipment,LOW,60,2026-09-27 12:54:00.000000,2026-09-27 13:18:30,30.5,Closed,Manager Review,False,L1,False,Resolved,99.0,PASS,True,13.1,High,Synthetic operational record,30.5,29.5,50.8,WITHIN SLA,False,,
CASE-10488,DP1029,A2010,2026-10-01,2026-10-01 23:44:43.660340,Delivery Delay,Weather delay,MEDIUM,30,2026-10-01 23:47:43.660340,,,In Progress,Guidance Provided,True,L2,False,Resolved,87.6,FAIL,True,11.3,Medium,Synthetic operational record,14.3,15.7,47.6,WITHIN SLA,True,Repeated Issue,2026-10-01 23:44:43.660340
CASE-10489,DP1035,A2006,2026-09-05,2026-09-05 08:54:00.000000,Delivery Delay,Traffic delay,MEDIUM,30,2026-09-05 08:55:00.000000,2026-09-05 09:06:42,12.7,Closed,Route Support,False,L1,False,Resolved,93.0,REVIEW,True,25.5,Low,Synthetic operational record,12.7,17.3,42.3,WITHIN SLA,False,,
CASE-10490,DP1090,A2014,2026-10-01,2026-10-01 23:34:47.925298,Delivery Assignment Issue,Assignment timeout,MEDIUM,30,2026-10-01 23:36:47.925298,,,Pending,Guidance Provided,True,L2,False,Resolved,95.0,PASS,True,31.7,Low,Synthetic operational record,24.2,5.8,80.7,AT RISK,True,Repeated Issue,2026-10-01 23:34:47.925298
CASE-10491,DP1039,A2008,2026-10-01,2026-10-01 23:57:39.876036,Verification Issue,Delivery proof,HIGH,15,2026-10-02 00:03:39.876036,,,Pending,Route Support,True,L2,False,Resolved,95.9,PASS,True,20.5,Medium,Synthetic operational record,1.3,13.7,8.9,WITHIN SLA,False,High Priority Unresolved,2026-10-01 23:57:39.876036
CASE-10492,DP1024,A2012,2026-09-23,2026-09-23 09:24:00.000000,Verification Issue,Vehicle verification,LOW,60,2026-09-23 09:31:00.000000,2026-09-23 10:26:18,62.3,Closed,Guidance Provided,True,L2,False,Resolved,98.2,PASS,True,38.9,Low,Synthetic operational record,62.3,-2.3,103.8,BREACHED,False,SLA Breach,2026-09-23 09:24:00.000000
CASE-10493,DP1057,A2008,2026-09-05,2026-09-05 11:39:00.000000,Account / Access Issue,Profile update,MEDIUM,30,2026-09-05 11:40:00.000000,2026-09-05 12:12:12,33.2,Resolved,Manager Review,True,L2,False,Resolved,96.9,PASS,True,12.6,Low,Synthetic operational record,33.2,-3.2,110.7,BREACHED,True,SLA Breach + Repeated Issue,2026-09-05 11:39:00.000000
CASE-10494,DP1033,A2007,2026-10-01,2026-10-01 23:46:14.078829,Account / Access Issue,Account locked,LOW,60,2026-10-01 23:50:14.078829,,,Escalated,Guidance Provided,True,L2,False,Resolved,96.7,PASS,True,20.4,Medium,Synthetic operational record,12.8,47.2,21.3,WITHIN SLA,True,Repeated Issue,2026-10-01 23:46:14.078829
CASE-10495,DP1090,A2020,2026-10-01,2026-10-01 23:19:02.392996,Payment Issue,Payment timing,MEDIUM,30,2026-10-01 23:21:02.392996,,,Pending,Payment Adjustment,True,L2,False,Resolved,90.0,REVIEW,True,21.4,Low,Synthetic operational record,40.0,-10.0,133.2,BREACHED,False,SLA Breach,2026-10-01 23:19:02.392996
CASE-10496,DP1091,A2007,2026-09-14,2026-09-14 17:53:00.000000,Verification Issue,Document check,LOW,60,2026-09-14 17:58:00.000000,2026-09-14 18:26:42,33.7,Closed,Route Support,False,L1,False,Resolved,95.5,PASS,True,35.1,Low,Synthetic operational record,33.7,26.3,56.2,WITHIN SLA,True,,
CASE-10497,DP1031,A2002,2026-09-22,2026-09-22 12:56:00.000000,Verification Issue,Identity mismatch,LOW,60,2026-09-22 13:02:00.000000,2026-09-22 14:02:48,66.8,Closed,Manager Review,True,L2,False,Resolved,86.5,FAIL,True,23.3,Low,Synthetic operational record,66.8,-6.8,111.3,BREACHED,False,SLA Breach,2026-09-22 12:56:00.000000
CASE-10498,DP1053,A2008,2026-10-01,2026-10-01 23:20:59.828132,Delivery Assignment Issue,Wrong zone,MEDIUM,30,2026-10-01 23:27:59.828132,,,Pending,Technical Fix,True,L2,False,Resolved,100.0,PASS,True,23.6,Low,Synthetic operational record,38.0,-8.0,126.7,BREACHED,False,SLA Breach,2026-10-01 23:20:59.828132
CASE-10499,DP1099,A2011,2026-10-01,2026-10-01 23:33:15.658024,Other Operational Issue,Communication,MEDIUM,30,2026-10-01 23:36:15.658024,,,New,Manager Review,True,L2,False,Resolved,87.0,FAIL,True,2.1,Medium,Synthetic operational record,25.7,4.3,85.8,AT RISK,True,Repeated Issue,2026-10-01 23:33:15.658024
CASE-10500,DP1075,A2002,2026-10-01,2026-10-01 23:32:33.625232,Delivery Partner App Issue,Crash,MEDIUM,30,2026-10-01 23:35:33.625232,,,In Progress,Guidance Provided,True,L2,False,Resolved,92.3,REVIEW,True,11.2,Medium,Synthetic operational record,26.4,3.6,88.1,AT RISK,True,Repeated Issue,2026-10-01 23:32:33.625232
CASE-10501,DP1022,A2007,2026-09-08,2026-09-08 10:31:00.000000,Other Operational Issue,Other,MEDIUM,30,2026-09-08 10:34:00.000000,2026-09-08 10:47:54,16.9,Closed,Payment Adjustment,False,L1,False,Resolved,87.4,FAIL,True,35.2,High,Synthetic operational record,16.9,13.1,56.3,WITHIN SLA,False,,
CASE-10502,DP1060,A2004,2026-09-05,2026-09-05 15:15:00.000000,Verification Issue,Identity mismatch,MEDIUM,30,2026-09-05 15:21:00.000000,2026-09-05 15:42:00,27.0,Closed,Manager Review,False,L1,False,Resolved,90.3,REVIEW,True,2.0,Low,Synthetic operational record,27.0,3.0,90.0,AT RISK,True,,
CASE-10503,DP1062,A2011,2026-09-15,2026-09-15 10:50:00.000000,Delivery Partner App Issue,Sync delay,MEDIUM,30,2026-09-15 10:54:00.000000,2026-09-15 11:02:42,12.7,Closed,Technical Fix,False,L1,False,Resolved,94.1,REVIEW,True,38.1,Medium,Synthetic operational record,12.7,17.3,42.3,WITHIN SLA,False,,
CASE-10504,DP1066,A2015,2026-10-01,2026-10-01 22:59:56.671771,Route / Navigation Issue,Restricted road,LOW,60,2026-10-01 23:00:56.671771,,,New,Payment Adjustment,False,L1,False,Resolved,91.4,REVIEW,True,28.0,High,Synthetic operational record,59.1,0.9,98.4,AT RISK,False,,
CASE-10505,DP1003,A2020,2026-09-16,2026-09-16 14:49:00.000000,Delivery Partner App Issue,Notification failure,LOW,60,2026-09-16 14:56:00.000000,2026-09-16 15:45:00,56.0,Resolved,Payment Adjustment,False,L1,False,Resolved,99.7,PASS,True,13.0,Medium,Synthetic operational record,56.0,4.0,93.3,AT RISK,False,,
CASE-10506,DP1030,A2008,2026-10-01,2026-10-01 23:55:40.524578,Verification Issue,Vehicle verification,LOW,60,2026-10-01 23:56:40.524578,,,Escalated,Technical Fix,False,L1,False,Resolved,95.1,PASS,True,12.0,High,Synthetic operational record,3.3,56.7,5.5,WITHIN SLA,False,,
CASE-10507,DP1086,A2018,2026-10-01,2026-10-01 23:24:17.836198,Verification Issue,Vehicle verification,LOW,60,2026-10-01 23:31:17.836198,,,Escalated,Route Support,False,L1,False,Resolved,91.7,REVIEW,True,44.8,High,Synthetic operational record,34.7,25.3,57.8,WITHIN SLA,False,,
CASE-10508,DP1025,A2005,2026-10-01,2026-10-01 23:48:34.650740,Route / Navigation Issue,Incorrect route,MEDIUM,30,2026-10-01 23:50:34.650740,,,In Progress,Payment Adjustment,True,L2,False,Resolved,93.3,REVIEW,True,38.9,Medium,Synthetic operational record,10.4,19.6,34.7,WITHIN SLA,True,Repeated Issue,2026-10-01 23:48:34.650740
CASE-10509,DP1030,A2016,2026-10-01,2026-10-01 23:51:43.802629,Account / Access Issue,Password reset,MEDIUM,30,2026-10-01 23:55:43.802629,,,Pending,Route Support,False,L1,False,Resolved,100.0,PASS,True,20.6,High,Synthetic operational record,7.3,22.7,24.2,WITHIN SLA,False,,
CASE-10510,DP1033,A2012,2026-10-01,2026-10-01 23:31:45.879070,Delivery Partner App Issue,Crash,MEDIUM,30,2026-10-01 23:34:45.879070,,,In Progress,Payment Adjustment,True,L2,False,Failed,98.5,PASS,False,23.6,Medium,Synthetic operational record,27.2,2.8,90.8,AT RISK,False,SOP Resolution Failed,2026-10-01 23:31:45.879070
CASE-10511,DP1018,A2016,2026-09-17,2026-09-17 15:14:00.000000,Delivery Assignment Issue,Duplicate assignment,MEDIUM,30,2026-09-17 15:19:00.000000,2026-09-17 15:27:00,13.0,Resolved,Manager Review,False,L1,False,Resolved,88.3,FAIL,True,14.2,Low,Synthetic operational record,13.0,17.0,43.3,WITHIN SLA,False,,
CASE-10512,DP1016,A2016,2026-10-01,2026-10-01 23:31:50.813896,Payment Issue,Adjustment request,MEDIUM,30,2026-10-01 23:34:50.813896,,,In Progress,Payment Adjustment,True,L2,False,Resolved,90.6,REVIEW,True,23.6,Medium,Synthetic operational record,27.2,2.8,90.5,AT RISK,True,Repeated Issue,2026-10-01 23:31:50.813896
CASE-10513,DP1035,A2011,2026-10-01,2026-10-01 23:10:44.016564,Delivery Partner App Issue,Notification failure,MEDIUM,30,2026-10-01 23:13:44.016564,,,New,Route Support,True,L2,False,Resolved,96.4,PASS,True,13.9,Medium,Synthetic operational record,48.3,-18.3,160.9,BREACHED,False,SLA Breach,2026-10-01 23:10:44.016564
CASE-10514,DP1088,A2006,2026-10-01,2026-10-01 22:54:32.604729,Delivery Delay,Missed handoff,LOW,60,2026-10-01 22:58:32.604729,,,In Progress,Route Support,True,L2,False,Resolved,95.8,PASS,True,21.1,Low,Synthetic operational record,64.5,-4.5,107.4,BREACHED,False,SLA Breach,2026-10-01 22:54:32.604729
CASE-10515,DP1001,A2011,2026-10-01,2026-10-01 10:25:00.000000,Delivery Assignment Issue,Duplicate assignment,LOW,60,2026-10-01 10:32:00.000000,2026-10-01 11:12:30,47.5,Closed,Manager Review,False,L1,False,Resolved,88.7,FAIL,True,43.7,Low,Synthetic operational record,47.5,12.5,79.2,WITHIN SLA,True,,
CASE-10516,DP1029,A2017,2026-10-01,2026-10-01 23:45:22.703738,Payment Issue,Payment timing,MEDIUM,30,2026-10-01 23:47:22.703738,,,Escalated,Manager Review,False,L1,False,Resolved,97.7,PASS,True,20.9,Low,Synthetic operational record,13.6,16.4,45.4,WITHIN SLA,False,,
CASE-10517,DP1007,A2020,2026-09-28,2026-09-28 16:08:00.000000,Payment Issue,Rate question,MEDIUM,30,2026-09-28 16:10:00.000000,2026-09-28 16:29:18,21.3,Closed,Technical Fix,False,L1,False,Resolved,89.5,FAIL,True,9.4,Medium,Synthetic operational record,21.3,8.7,71.0,AT RISK,False,,
CASE-10518,DP1057,A2019,2026-09-04,2026-09-04 09:36:00.000000,Account / Access Issue,Permission request,LOW,60,2026-09-04 09:37:00.000000,2026-09-04 10:53:54,77.9,Resolved,Technical Fix,True,L2,False,Resolved,100.0,PASS,True,5.6,Low,Synthetic operational record,77.9,-17.9,129.8,BREACHED,False,SLA Breach,2026-09-04 09:36:00.000000
CASE-10519,DP1026,A2004,2026-09-18,2026-09-18 14:36:00.000000,Delivery Assignment Issue,No assignment,LOW,60,2026-09-18 14:42:00.000000,2026-09-18 15:08:06,32.1,Resolved,Technical Fix,False,L1,False,Resolved,96.6,PASS,True,23.5,Low,Synthetic operational record,32.1,27.9,53.5,WITHIN SLA,False,,
CASE-10520,DP1080,A2012,2026-10-01,2026-10-01 15:33:00.000000,Account / Access Issue,Permission request,MEDIUM,30,2026-10-01 15:38:00.000000,2026-10-01 15:56:48,23.8,Resolved,Payment Adjustment,False,L1,False,Resolved,88.3,FAIL,True,12.9,Low,Synthetic operational record,23.8,6.2,79.3,AT RISK,False,,
CASE-10521,DP1059,A2003,2026-10-01,2026-10-01 23:53:31.442439,Payment Issue,Rate question,MEDIUM,30,2026-10-01 23:58:31.442439,,,Pending,Payment Adjustment,False,L1,False,Resolved,91.4,REVIEW,True,25.0,Low,Synthetic operational record,5.5,24.5,18.3,WITHIN SLA,False,,
CASE-10522,DP1079,A2014,2026-09-21,2026-09-21 13:32:00.000000,Payment Issue,Missing payout,LOW,60,2026-09-21 13:33:00.000000,2026-09-21 14:12:54,40.9,Resolved,Guidance Provided,False,L1,False,Resolved,91.3,REVIEW,True,2.6,High,Synthetic operational record,40.9,19.1,68.2,WITHIN SLA,False,,
CASE-10523,DP1064,A2020,2026-10-01,2026-10-01 23:52:04.187644,Delivery Delay,Traffic delay,MEDIUM,30,2026-10-01 23:58:04.187644,,,Escalated,Manager Review,True,L2,False,Resolved,94.8,REVIEW,True,30.3,Low,Synthetic operational record,6.9,23.1,23.1,WITHIN SLA,True,Repeated Issue,2026-10-01 23:52:04.187644
CASE-10524,DP1044,A2002,2026-09-17,2026-09-17 11:02:00.000000,Payment Issue,Adjustment request,HIGH,15,2026-09-17 11:08:00.000000,2026-09-17 11:06:00,4.0,Closed,Manager Review,False,L1,False,Resolved,93.0,REVIEW,True,9.3,Low,Synthetic operational record,4.0,11.0,26.7,WITHIN SLA,False,,
CASE-10525,DP1087,A2014,2026-09-04,2026-09-04 16:45:00.000000,Delivery Assignment Issue,No assignment,LOW,60,2026-09-04 16:52:00.000000,2026-09-04 17:17:42,32.7,Closed,Route Support,False,L1,False,Resolved,88.3,FAIL,True,22.6,Low,Synthetic operational record,32.7,27.3,54.5,WITHIN SLA,False,,
CASE-10526,DP1048,A2019,2026-10-01,2026-10-01 23:32:39.181202,Delivery Delay,Traffic delay,HIGH,15,2026-10-01 23:39:39.181202,,,In Progress,Technical Fix,True,L2,False,Resolved,87.0,FAIL,True,17.9,Medium,Synthetic operational record,26.3,-11.3,175.6,BREACHED,True,SLA Breach + High Priority Unresolved + Repeated Issue,2026-10-01 23:32:39.181202
CASE-10527,DP1095,A2017,2026-09-23,2026-09-23 11:38:00.000000,Delivery Partner App Issue,Login error,LOW,60,2026-09-23 11:40:00.000000,2026-09-23 12:16:00,38.0,Resolved,Manager Review,True,L2,True,Failed,96.7,PASS,False,42.6,Medium,Synthetic operational record,38.0,22.0,63.3,WITHIN SLA,False,Manager Intervention Required + SOP Resolution Failed,2026-09-23 11:38:00.000000
CASE-10528,DP1100,A2008,2026-10-01,2026-10-01 23:48:02.916380,Payment Issue,Missing payout,MEDIUM,30,2026-10-01 23:53:02.916380,,,In Progress,Technical Fix,False,L1,False,Resolved,95.4,PASS,True,24.1,Low,Synthetic operational record,11.0,19.0,36.5,WITHIN SLA,False,,
CASE-10529,DP1059,A2003,2026-10-01,2026-10-01 23:57:10.676115,Delivery Delay,Weather delay,MEDIUM,30,2026-10-02 00:00:10.676115,,,New,Technical Fix,True,L2,False,Resolved,94.5,REVIEW,True,45.3,Low,Synthetic operational record,1.8,28.2,6.1,WITHIN SLA,True,Repeated Issue,2026-10-01 23:57:10.676115
CASE-10530,DP1068,A2019,2026-10-01,2026-10-01 23:32:38.731551,Payment Issue,Rate question,LOW,60,2026-10-01 23:37:38.731551,,,Escalated,Manager Review,True,L2,False,Failed,95.4,PASS,False,28.7,Medium,Synthetic operational record,26.4,33.6,43.9,WITHIN SLA,False,SOP Resolution Failed,2026-10-01 23:32:38.731551
CASE-10531,DP1026,A2019,2026-09-29,2026-09-29 08:47:00.000000,Account / Access Issue,Permission request,HIGH,15,2026-09-29 08:50:00.000000,2026-09-29 08:51:00,4.0,Resolved,Manager Review,False,L1,False,Resolved,90.9,REVIEW,True,39.1,Medium,Synthetic operational record,4.0,11.0,26.7,WITHIN SLA,False,,
CASE-10532,DP1082,A2012,2026-10-01,2026-10-01 23:47:38.692487,Delivery Assignment Issue,Wrong zone,MEDIUM,30,2026-10-01 23:52:38.692487,,,Escalated,Payment Adjustment,False,L1,False,Resolved,94.9,REVIEW,True,19.5,Medium,Synthetic operational record,11.4,18.6,37.9,WITHIN SLA,False,,
CASE-10533,DP1068,A2020,2026-10-01,2026-10-01 23:55:54.332970,Other Operational Issue,Policy question,HIGH,15,2026-10-02 00:02:54.332970,,,In Progress,Guidance Provided,True,L2,False,Resolved,100.0,PASS,True,26.1,Low,Synthetic operational record,3.1,11.9,20.6,WITHIN SLA,False,High Priority Unresolved,2026-10-01 23:55:54.332970
CASE-10534,DP1091,A2001,2026-09-22,2026-09-22 14:46:00.000000,Verification Issue,Vehicle verification,LOW,60,2026-09-22 14:51:00.000000,2026-09-22 16:10:12,84.2,Closed,Guidance Provided,True,L2,False,Resolved,99.9,PASS,True,36.6,High,Synthetic operational record,84.2,-24.2,140.3,BREACHED,False,High Impact + SLA Risk,2026-09-22 14:46:00.000000
CASE-10535,DP1027,A2013,2026-09-21,2026-09-21 15:54:00.000000,Other Operational Issue,Equipment,HIGH,15,2026-09-21 16:01:00.000000,2026-09-21 16:01:36,7.6,Closed,Manager Review,False,L1,False,Resolved,92.6,REVIEW,True,32.9,Medium,Synthetic operational record,7.6,7.4,50.7,AT RISK,False,,
CASE-10536,DP1079,A2001,2026-09-30,2026-09-30 16:29:00.000000,Account / Access Issue,Permission request,HIGH,15,2026-09-30 16:36:00.000000,2026-09-30 16:33:00,4.0,Resolved,Technical Fix,False,L1,False,Resolved,91.4,REVIEW,True,28.4,Low,Synthetic operational record,4.0,11.0,26.7,WITHIN SLA,False,,
CASE-10537,DP1048,A2019,2026-09-24,2026-09-24 17:48:00.000000,Delivery Partner App Issue,Login error,MEDIUM,30,2026-09-24 17:49:00.000000,2026-09-24 18:05:00,17.0,Closed,Route Support,False,L1,False,Resolved,79.7,FAIL,True,18.1,High,Synthetic operational record,17.0,13.0,56.7,WITHIN SLA,False,,
CASE-10538,DP1019,A2014,2026-10-01,2026-10-01 23:46:48.647000,Delivery Delay,Late arrival,LOW,60,2026-10-01 23:53:48.647000,,,In Progress,Technical Fix,False,L1,False,Resolved,99.3,PASS,True,20.1,Medium,Synthetic operational record,12.2,47.8,20.3,WITHIN SLA,False,,
CASE-10539,DP1018,A2019,2026-10-01,2026-10-01 23:11:43.481510,Delivery Partner App Issue,Sync delay,MEDIUM,30,2026-10-01 23:17:43.481510,,,Escalated,Payment Adjustment,True,L2,False,Resolved,97.9,PASS,True,35.7,Medium,Synthetic operational record,47.3,-17.3,157.6,BREACHED,False,SLA Breach,2026-10-01 23:11:43.481510
CASE-10540,DP1057,A2012,2026-09-04,2026-09-04 13:03:00.000000,Account / Access Issue,Account locked,MEDIUM,30,2026-09-04 13:06:00.000000,2026-09-04 13:15:54,12.9,Closed,Manager Review,False,L1,False,Resolved,91.3,REVIEW,True,38.2,Medium,Synthetic operational record,12.9,17.1,43.0,WITHIN SLA,True,,
CASE-10541,DP1032,A2002,2026-09-14,2026-09-14 17:07:00.000000,Delivery Delay,Traffic delay,HIGH,15,2026-09-14 17:12:00.000000,2026-09-14 17:11:00,4.0,Closed,Payment Adjustment,False,L1,False,Resolved,86.8,FAIL,True,14.9,Low,Synthetic operational record,4.0,11.0,26.7,WITHIN SLA,True,,
CASE-10542,DP1011,A2001,2026-09-04,2026-09-04 14:26:00.000000,Delivery Assignment Issue,Wrong zone,MEDIUM,30,2026-09-04 14:31:00.000000,2026-09-04 14:41:36,15.6,Closed,Payment Adjustment,False,L1,False,Resolved,88.2,FAIL,True,13.1,Low,Synthetic operational record,15.6,14.4,52.0,WITHIN SLA,False,,
CASE-10543,DP1043,A2007,2026-09-07,2026-09-07 16:50:00.000000,Other Operational Issue,Communication,LOW,60,2026-09-07 16:56:00.000000,2026-09-07 17:18:12,28.2,Resolved,Payment Adjustment,False,L1,False,Resolved,96.2,PASS,True,11.2,Low,Synthetic operational record,28.2,31.8,47.0,WITHIN SLA,False,,
CASE-10544,DP1066,A2015,2026-09-27,2026-09-27 10:21:00.000000,Delivery Partner App Issue,Notification failure,LOW,60,2026-09-27 10:27:00.000000,2026-09-27 11:05:06,44.1,Closed,Technical Fix,False,L1,False,Resolved,93.6,REVIEW,True,32.0,Medium,Synthetic operational record,44.1,15.9,73.5,WITHIN SLA,False,,
CASE-10545,DP1032,A2004,2026-10-01,2026-10-01 23:43:24.388680,Delivery Delay,Traffic delay,MEDIUM,30,2026-10-01 23:44:24.388680,,,Pending,Payment Adjustment,True,L2,False,Resolved,97.5,PASS,True,10.8,Low,Synthetic operational record,15.6,14.4,52.0,WITHIN SLA,True,Repeated Issue,2026-10-01 23:43:24.388680
CASE-10546,DP1096,A2018,2026-10-01,2026-10-01 23:55:51.351284,Verification Issue,Identity mismatch,HIGH,15,2026-10-01 23:56:51.351284,,,In Progress,Payment Adjustment,True,L2,False,Resolved,94.4,REVIEW,True,31.8,Low,Synthetic operational record,3.1,11.9,21.0,WITHIN SLA,True,High Priority Unresolved + Repeated Issue,2026-10-01 23:55:51.351284
CASE-10547,DP1078,A2005,2026-10-01,2026-10-01 22:59:18.711765,Delivery Partner App Issue,Notification failure,LOW,60,2026-10-01 23:01:18.711765,,,In Progress,Guidance Provided,True,L2,False,Resolved,98.8,PASS,True,28.5,High,Synthetic operational record,59.7,0.3,99.5,AT RISK,True,High Impact + Repeated Issue,2026-10-01 22:59:18.711765
CASE-10548,DP1052,A2010,2026-10-01,2026-10-01 23:20:02.525513,Delivery Delay,Late arrival,MEDIUM,30,2026-10-01 23:24:02.525513,,,Escalated,Payment Adjustment,True,L2,False,Resolved,95.8,PASS,True,15.5,Low,Synthetic operational record,39.0,-9.0,129.9,BREACHED,False,SLA Breach,2026-10-01 23:20:02.525513
CASE-10549,DP1094,A2005,2026-10-01,2026-10-01 23:50:49.886949,Account / Access Issue,Profile update,HIGH,15,2026-10-01 23:56:49.886949,,,Pending,Route Support,True,L2,False,Resolved,98.1,PASS,True,40.8,Medium,Synthetic operational record,8.2,6.8,54.5,AT RISK,True,High Priority Unresolved + Repeated Issue,2026-10-01 23:50:49.886949
CASE-10550,DP1044,A2010,2026-09-28,2026-09-28 12:20:00.000000,Delivery Partner App Issue,Crash,LOW,60,2026-09-28 12:25:00.000000,2026-09-28 12:55:24,35.4,Resolved,Guidance Provided,False,L1,False,Resolved,83.6,FAIL,True,4.5,Low,Synthetic operational record,35.4,24.6,59.0,WITHIN SLA,False,,
CASE-10551,DP1014,A2010,2026-09-08,2026-09-08 09:49:00.000000,Delivery Delay,Late arrival,LOW,60,2026-09-08 09:50:00.000000,2026-09-08 10:26:06,37.1,Closed,Manager Review,False,L1,False,Resolved,87.8,FAIL,True,41.9,Low,Synthetic operational record,37.1,22.9,61.8,WITHIN SLA,False,,
CASE-10552,DP1004,A2001,2026-10-01,2026-10-01 23:47:38.569463,Delivery Assignment Issue,No assignment,MEDIUM,30,2026-10-01 23:53:38.569463,,,Pending,Manager Review,False,L1,False,Resolved,92.2,REVIEW,True,25.8,Low,Synthetic operational record,11.4,18.6,37.9,WITHIN SLA,False,,
CASE-10553,DP1094,A2012,2026-09-02,2026-09-02 11:58:00.000000,Route / Navigation Issue,GPS drift,MEDIUM,30,2026-09-02 12:02:00.000000,2026-09-02 12:47:06,49.1,Resolved,Route Support,True,L2,False,Resolved,99.4,PASS,True,2.0,Low,Synthetic operational record,49.1,-19.1,163.7,BREACHED,False,SLA Breach,2026-09-02 11:58:00.000000
CASE-10554,DP1096,A2016,2026-09-15,2026-09-15 14:13:00.000000,Delivery Partner App Issue,Crash,LOW,60,2026-09-15 14:16:00.000000,2026-09-15 15:39:18,86.3,Resolved,Guidance Provided,True,L2,False,Resolved,100.0,PASS,True,41.1,Low,Synthetic operational record,86.3,-26.3,143.8,BREACHED,True,SLA Breach + Repeated Issue,2026-09-15 14:13:00.000000
CASE-10555,DP1074,A2019,2026-10-01,2026-10-01 23:58:58.756380,Other Operational Issue,Communication,HIGH,15,2026-10-02 00:04:58.756380,,,Pending,Payment Adjustment,True,L2,False,Resolved,93.2,REVIEW,True,33.7,Low,Synthetic operational record,0.0,15.0,0.1,WITHIN SLA,True,High Priority Unresolved + Repeated Issue,2026-10-01 23:58:58.756380
CASE-10556,DP1011,A2007,2026-10-01,2026-10-01 23:56:34.146066,Account / Access Issue,Password reset,MEDIUM,30,2026-10-01 23:59:34.146066,,,Escalated,Manager Review,False,L1,False,Resolved,90.9,REVIEW,True,16.9,Medium,Synthetic operational record,2.4,27.6,8.1,WITHIN SLA,False,,
CASE-10557,DP1030,A2018,2026-09-13,2026-09-13 14:31:00.000000,Delivery Assignment Issue,Wrong zone,HIGH,15,2026-09-13 14:36:00.000000,2026-09-13 14:35:00,4.0,Resolved,Guidance Provided,False,L1,False,Resolved,84.2,FAIL,True,10.4,Low,Synthetic operational record,4.0,11.0,26.7,WITHIN SLA,False,,
CASE-10558,DP1005,A2018,2026-09-12,2026-09-12 14:59:00.000000,Payment Issue,Missing payout,HIGH,15,2026-09-12 15:01:00.000000,2026-09-12 15:03:00,4.0,Resolved,Route Support,False,L1,False,Resolved,98.3,PASS,True,3.2,Low,Synthetic operational record,4.0,11.0,26.7,WITHIN SLA,False,,
CASE-10559,DP1006,A2020,2026-10-01,2026-10-01 23:41:46.071046,Delivery Delay,Missed handoff,MEDIUM,30,2026-10-01 23:44:46.071046,,,Escalated,Manager Review,True,L2,False,Resolved,91.2,REVIEW,True,51.0,Low,Synthetic operational record,17.2,12.8,57.4,WITHIN SLA,True,Repeated Issue,2026-10-01 23:41:46.071046
CASE-10560,DP1025,A2008,2026-10-01,2026-10-01 23:43:51.543418,Route / Navigation Issue,Incorrect route,MEDIUM,30,2026-10-01 23:47:51.543418,,,Escalated,Guidance Provided,False,L1,False,Resolved,100.0,PASS,True,10.9,Low,Synthetic operational record,15.1,14.9,50.5,WITHIN SLA,False,,
CASE-10561,DP1058,A2018,2026-09-28,2026-09-28 10:10:00.000000,Delivery Delay,Weather delay,LOW,60,2026-09-28 10:15:00.000000,2026-09-28 10:37:30,27.5,Closed,Technical Fix,False,L1,False,Resolved,90.3,REVIEW,True,6.8,Low,Synthetic operational record,27.5,32.5,45.8,WITHIN SLA,False,,
CASE-10562,DP1007,A2012,2026-10-01,2026-10-01 23:31:39.034141,Delivery Partner App Issue,Login error,MEDIUM,30,2026-10-01 23:38:39.034141,,,New,Route Support,True,L2,False,Resolved,100.0,PASS,True,25.2,Low,Synthetic operational record,27.3,2.7,91.2,AT RISK,True,Repeated Issue,2026-10-01 23:31:39.034141
CASE-10563,DP1099,A2002,2026-10-01,2026-10-01 23:16:40.253382,Delivery Partner App Issue,Sync delay,LOW,60,2026-10-01 23:19:40.253382,,,Escalated,Manager Review,True,L2,False,Resolved,97.7,PASS,True,2.3,Medium,Synthetic operational record,42.3,17.7,70.5,WITHIN SLA,True,Repeated Issue,2026-10-01 23:16:40.253382
CASE-10564,DP1046,A2006,2026-09-06,2026-09-06 16:38:00.000000,Other Operational Issue,Communication,MEDIUM,30,2026-09-06 16:45:00.000000,2026-09-06 16:51:42,13.7,Resolved,Route Support,False,L1,False,Resolved,88.9,FAIL,True,10.2,Medium,Synthetic operational record,13.7,16.3,45.7,WITHIN SLA,False,,
CASE-10565,DP1027,A2014,2026-10-01,2026-10-01 23:01:34.109134,Delivery Delay,Traffic delay,LOW,60,2026-10-01 23:07:34.109134,,,New,Payment Adjustment,False,L1,False,Resolved,95.2,PASS,True,33.9,Medium,Synthetic operational record,57.4,2.6,95.7,AT RISK,False,,
CASE-10566,DP1052,A2004,2026-10-01,2026-10-01 23:10:38.325558,Account / Access Issue,Profile update,MEDIUM,30,2026-10-01 23:13:38.325558,,,Pending,Route Support,True,L2,False,Resolved,97.9,PASS,True,27.6,Medium,Synthetic operational record,48.4,-18.4,161.2,BREACHED,False,SLA Breach,2026-10-01 23:10:38.325558
CASE-10567,DP1080,A2009,2026-10-01,2026-10-01 23:15:22.922081,Delivery Delay,Late arrival,LOW,60,2026-10-01 23:16:22.922081,,,Escalated,Payment Adjustment,True,L2,False,Failed,92.9,REVIEW,False,17.4,Low,Synthetic operational record,43.6,16.4,72.7,WITHIN SLA,True,Repeated Issue + SOP Resolution Failed,2026-10-01 23:15:22.922081
CASE-10568,DP1032,A2016,2026-09-26,2026-09-26 11:13:00.000000,Other Operational Issue,Communication,LOW,60,2026-09-26 11:15:00.000000,2026-09-26 11:53:18,40.3,Resolved,Payment Adjustment,False,L1,False,Resolved,98.2,PASS,True,22.2,Low,Synthetic operational record,40.3,19.7,67.2,WITHIN SLA,True,,
CASE-10569,DP1005,A2003,2026-09-18,2026-09-18 10:52:00.000000,Delivery Partner App Issue,Login error,LOW,60,2026-09-18 10:57:00.000000,2026-09-18 11:58:54,66.9,Closed,Route Support,True,L2,False,Resolved,98.1,PASS,True,16.7,Low,Synthetic operational record,66.9,-6.9,111.5,BREACHED,False,SLA Breach,2026-09-18 10:52:00.000000
CASE-10570,DP1006,A2010,2026-09-19,2026-09-19 09:21:00.000000,Delivery Partner App Issue,Notification failure,MEDIUM,30,2026-09-19 09:27:00.000000,2026-09-19 09:39:42,18.7,Resolved,Guidance Provided,False,L1,False,Resolved,97.0,PASS,True,21.3,Medium,Synthetic operational record,18.7,11.3,62.3,WITHIN SLA,False,,
CASE-10571,DP1086,A2005,2026-10-01,2026-10-01 23:43:34.809407,Other Operational Issue,Policy question,MEDIUM,30,2026-10-01 23:48:34.809407,,,In Progress,Technical Fix,True,L2,True,Resolved,93.9,REVIEW,True,12.9,Low,Synthetic operational record,15.4,14.6,51.4,WITHIN SLA,False,Manager Intervention Required,2026-10-01 23:43:34.809407
CASE-10572,DP1012,A2011,2026-09-18,2026-09-18 12:27:00.000000,Other Operational Issue,Policy question,LOW,60,2026-09-18 12:33:00.000000,2026-09-18 13:04:36,37.6,Resolved,Guidance Provided,False,L1,False,Resolved,88.1,FAIL,True,15.0,Low,Synthetic operational record,37.6,22.4,62.7,WITHIN SLA,True,,
CASE-10573,DP1064,A2005,2026-09-21,2026-09-21 13:07:00.000000,Delivery Assignment Issue,Wrong zone,HIGH,15,2026-09-21 13:08:00.000000,2026-09-21 13:11:00,4.0,Resolved,Route Support,True,Manager,False,Failed,93.6,REVIEW,False,14.7,High,Synthetic operational record,4.0,11.0,26.7,WITHIN SLA,False,SOP Resolution Failed,2026-09-21 13:07:00.000000
CASE-10574,DP1039,A2020,2026-10-01,2026-10-01 23:58:59.690413,Payment Issue,Missing payout,HIGH,15,2026-10-02 00:02:59.690413,,,Pending,Route Support,True,L2,False,Resolved,94.9,REVIEW,True,13.3,Low,Synthetic operational record,0.0,15.0,0.0,WITHIN SLA,False,High Priority Unresolved,2026-10-01 23:58:59.690413
CASE-10575,DP1078,A2002,2026-09-21,2026-09-21 17:23:00.000000,Delivery Delay,Weather delay,LOW,60,2026-09-21 17:30:00.000000,2026-09-21 18:42:06,79.1,Closed,Guidance Provided,True,L2,False,Resolved,84.6,FAIL,True,34.5,Low,Synthetic operational record,79.1,-19.1,131.8,BREACHED,False,SLA Breach,2026-09-21 17:23:00.000000
CASE-10576,DP1007,A2020,2026-10-01,2026-10-01 23:57:36.082441,Payment Issue,Missing payout,MEDIUM,30,2026-10-02 00:00:36.082441,,,Escalated,Guidance Provided,True,L2,False,Resolved,94.8,REVIEW,True,31.2,High,Synthetic operational record,1.4,28.6,4.7,WITHIN SLA,True,High Impact + Repeated Issue,2026-10-01 23:57:36.082441
CASE-10577,DP1090,A2016,2026-10-01,2026-10-01 23:27:50.427957,Delivery Assignment Issue,Wrong zone,MEDIUM,30,2026-10-01 23:34:50.427957,,,In Progress,Technical Fix,True,L2,True,Resolved,93.5,REVIEW,True,10.8,Low,Synthetic operational record,31.2,-1.2,103.9,BREACHED,False,SLA Breach + Manager Intervention Required,2026-10-01 23:27:50.427957
CASE-10578,DP1070,A2018,2026-09-17,2026-09-17 09:05:00.000000,Account / Access Issue,Profile update,LOW,60,2026-09-17 09:06:00.000000,2026-09-17 09:41:06,36.1,Resolved,Technical Fix,False,L1,False,Resolved,87.5,FAIL,True,7.7,Low,Synthetic operational record,36.1,23.9,60.2,WITHIN SLA,False,,
CASE-10579,DP1045,A2018,2026-10-01,2026-10-01 23:36:33.969183,Delivery Assignment Issue,Wrong zone,MEDIUM,30,2026-10-01 23:43:33.969183,,,In Progress,Payment Adjustment,True,L2,False,Resolved,92.3,REVIEW,True,20.1,Low,Synthetic operational record,22.4,7.6,74.8,AT RISK,True,Repeated Issue,2026-10-01 23:36:33.969183
CASE-10580,DP1021,A2004,2026-10-01,2026-10-01 22:46:56.117528,Route / Navigation Issue,Restricted road,LOW,60,2026-10-01 22:52:56.117528,,,Pending,Payment Adjustment,True,L2,False,Resolved,92.4,REVIEW,True,47.9,Low,Synthetic operational record,72.1,-12.1,120.1,BREACHED,False,SLA Breach,2026-10-01 22:46:56.117528
CASE-10581,DP1098,A2019,2026-10-01,2026-10-01 23:58:53.535416,Delivery Partner App Issue,Crash,HIGH,15,2026-10-02 00:03:53.535416,,,In Progress,Technical Fix,True,Manager,False,Resolved,100.0,PASS,True,9.7,High,Synthetic operational record,0.1,14.9,0.7,WITHIN SLA,False,High Priority Unresolved,2026-10-01 23:58:53.535416
CASE-10582,DP1031,A2012,2026-09-16,2026-09-16 09:57:00.000000,Delivery Partner App Issue,Notification failure,HIGH,15,2026-09-16 10:02:00.000000,2026-09-16 10:01:00,4.0,Resolved,Guidance Provided,False,L1,False,Resolved,95.1,PASS,True,20.1,Medium,Synthetic operational record,4.0,11.0,26.7,WITHIN SLA,False,,
CASE-10583,DP1050,A2020,2026-09-07,2026-09-07 10:39:00.000000,Route / Navigation Issue,Incorrect route,MEDIUM,30,2026-09-07 10:46:00.000000,2026-09-07 11:04:06,25.1,Closed,Route Support,False,L1,False,Resolved,99.2,PASS,True,23.1,Low,Synthetic operational record,25.1,4.9,83.7,AT RISK,False,,
CASE-10584,DP1040,A2018,2026-10-01,2026-10-01 23:40:15.148344,Payment Issue,Rate question,MEDIUM,30,2026-10-01 23:43:15.148344,,,Pending,Route Support,False,L1,False,Resolved,93.4,REVIEW,True,20.7,Low,Synthetic operational record,18.7,11.3,62.5,WITHIN SLA,False,,
CASE-10585,DP1024,A2012,2026-09-06,2026-09-06 12:28:00.000000,Route / Navigation Issue,Map pin error,MEDIUM,30,2026-09-06 12:30:00.000000,2026-09-06 12:41:54,13.9,Resolved,Route Support,False,L1,False,Resolved,84.6,FAIL,True,16.5,Low,Synthetic operational record,13.9,16.1,46.3,WITHIN SLA,False,,
CASE-10586,DP1042,A2008,2026-09-20,2026-09-20 11:15:00.000000,Delivery Partner App Issue,Crash,HIGH,15,2026-09-20 11:22:00.000000,2026-09-20 11:41:48,26.8,Resolved,Manager Review,True,L2,False,Resolved,97.4,PASS,True,35.9,Medium,Synthetic operational record,26.8,-11.8,178.7,BREACHED,True,SLA Breach + Repeated Issue,2026-09-20 11:15:00.000000
CASE-10587,DP1016,A2003,2026-10-01,2026-10-01 22:48:13.145028,Other Operational Issue,Communication,LOW,60,2026-10-01 22:49:13.145028,,,Pending,Manager Review,True,L2,False,Resolved,90.7,REVIEW,True,27.5,Low,Synthetic operational record,70.8,-10.8,118.0,BREACHED,False,SLA Breach,2026-10-01 22:48:13.145028
CASE-10588,DP1001,A2003,2026-09-23,2026-09-23 14:29:00.000000,Verification Issue,Vehicle verification,LOW,60,2026-09-23 14:34:00.000000,2026-09-23 15:07:30,38.5,Resolved,Manager Review,False,L1,False,Resolved,92.3,REVIEW,True,32.1,Low,Synthetic operational record,38.5,21.5,64.2,WITHIN SLA,False,,
CASE-10589,DP1029,A2008,2026-10-01,2026-10-01 23:57:05.480381,Account / Access Issue,Account locked,MEDIUM,30,2026-10-01 23:59:05.480381,,,In Progress,Route Support,True,L2,False,Resolved,88.7,FAIL,True,29.1,Medium,Synthetic operational record,1.9,28.1,6.4,WITHIN SLA,True,Repeated Issue,2026-10-01 23:57:05.480381
CASE-10590,DP1012,A2017,2026-09-27,2026-09-27 11:24:00.000000,Delivery Partner App Issue,Notification failure,LOW,60,2026-09-27 11:31:00.000000,2026-09-27 12:20:42,56.7,Closed,Guidance Provided,False,L1,False,Resolved,94.4,REVIEW,True,32.7,Medium,Synthetic operational record,56.7,3.3,94.5,AT RISK,True,,
CASE-10591,DP1042,A2011,2026-09-03,2026-09-03 14:53:00.000000,Payment Issue,Payment timing,LOW,60,2026-09-03 15:00:00.000000,2026-09-03 15:57:18,64.3,Resolved,Technical Fix,True,L2,True,Resolved,99.3,PASS,True,41.0,Medium,Synthetic operational record,64.3,-4.3,107.2,BREACHED,False,SLA Breach + Manager Intervention Required,2026-09-03 14:53:00.000000
CASE-10592,DP1087,A2010,2026-09-07,2026-09-07 09:45:00.000000,Payment Issue,Missing payout,LOW,60,2026-09-07 09:49:00.000000,2026-09-07 11:12:12,87.2,Resolved,Payment Adjustment,True,L2,False,Resolved,98.7,PASS,True,38.0,Medium,Synthetic operational record,87.2,-27.2,145.3,BREACHED,False,SLA Breach,2026-09-07 09:45:00.000000
CASE-10593,DP1017,A2005,2026-10-01,2026-10-01 23:47:36.340177,Delivery Delay,Late arrival,MEDIUM,30,2026-10-01 23:51:36.340177,,,In Progress,Route Support,False,L1,False,Resolved,100.0,PASS,True,49.9,Low,Synthetic operational record,11.4,18.6,38.0,WITHIN SLA,False,,
CASE-10594,DP1001,A2012,2026-09-18,2026-09-18 10:00:00.000000,Delivery Assignment Issue,Assignment timeout,LOW,60,2026-09-18 10:04:00.000000,2026-09-18 10:38:30,38.5,Resolved,Manager Review,False,L1,False,Resolved,100.0,PASS,True,36.6,Medium,Synthetic operational record,38.5,21.5,64.2,WITHIN SLA,False,,
CASE-10595,DP1012,A2013,2026-09-05,2026-09-05 08:00:00.000000,Delivery Partner App Issue,Login error,LOW,60,2026-09-05 08:03:00.000000,2026-09-05 08:33:30,33.5,Resolved,Route Support,True,L2,False,Failed,83.8,FAIL,False,14.0,Medium,Synthetic operational record,33.5,26.5,55.8,WITHIN SLA,False,SOP Resolution Failed,2026-09-05 08:00:00.000000
CASE-10596,DP1051,A2020,2026-09-02,2026-09-02 12:44:00.000000,Payment Issue,Rate question,LOW,60,2026-09-02 12:51:00.000000,2026-09-02 13:05:36,21.6,Resolved,Technical Fix,False,L1,False,Resolved,88.0,FAIL,True,32.2,Low,Synthetic operational record,21.6,38.4,36.0,WITHIN SLA,False,,
CASE-10597,DP1028,A2015,2026-09-15,2026-09-15 08:23:00.000000,Delivery Assignment Issue,Assignment timeout,MEDIUM,30,2026-09-15 08:26:00.000000,2026-09-15 09:01:30,38.5,Resolved,Route Support,True,L2,False,Resolved,85.0,FAIL,True,30.5,Low,Synthetic operational record,38.5,-8.5,128.3,BREACHED,False,SLA Breach,2026-09-15 08:23:00.000000
CASE-10598,DP1049,A2013,2026-09-12,2026-09-12 10:43:00.000000,Payment Issue,Payment timing,HIGH,15,2026-09-12 10:50:00.000000,2026-09-12 10:47:00,4.0,Resolved,Route Support,False,L1,False,Resolved,97.2,PASS,True,45.0,Low,Synthetic operational record,4.0,11.0,26.7,WITHIN SLA,False,,
CASE-10599,DP1003,A2019,2026-09-19,2026-09-19 17:56:00.000000,Delivery Assignment Issue,Duplicate assignment,LOW,60,2026-09-19 18:01:00.000000,2026-09-19 18:28:06,32.1,Closed,Route Support,False,L1,False,Resolved,90.5,REVIEW,True,10.4,High,Synthetic operational record,32.1,27.9,53.5,WITHIN SLA,False,,
CASE-10600,DP1034,A2009,2026-09-22,2026-09-22 17:11:00.000000,Delivery Assignment Issue,Wrong zone,MEDIUM,30,2026-09-22 17:18:00.000000,2026-09-22 17:26:54,15.9,Closed,Payment Adjustment,False,L1,False,Resolved,91.6,REVIEW,True,28.7,Medium,Synthetic operational record,15.9,14.1,53.0,WITHIN SLA,True,,
CASE-10601,DP1042,A2019,2026-10-01,2026-10-01 23:47:22.189543,Route / Navigation Issue,Incorrect route,MEDIUM,30,2026-10-01 23:52:22.189543,,,In Progress,Route Support,True,L2,False,Resolved,92.9,REVIEW,True,13.8,Medium,Synthetic operational record,11.6,18.4,38.8,WITHIN SLA,True,Repeated Issue,2026-10-01 23:47:22.189543
CASE-10602,DP1044,A2008,2026-10-01,2026-10-01 22:57:58.337720,Payment Issue,Adjustment request,LOW,60,2026-10-01 23:03:58.337720,,,In Progress,Technical Fix,True,L2,False,Resolved,95.9,PASS,True,28.2,Low,Synthetic operational record,61.0,-1.0,101.7,BREACHED,False,SLA Breach,2026-10-01 22:57:58.337720
CASE-10603,DP1056,A2003,2026-09-27,2026-09-27 12:38:00.000000,Payment Issue,Adjustment request,MEDIUM,30,2026-09-27 12:42:00.000000,2026-09-27 13:21:24,43.4,Closed,Technical Fix,True,L2,False,Resolved,86.6,FAIL,True,19.4,High,Synthetic operational record,43.4,-13.4,144.7,BREACHED,False,High Impact + SLA Risk,2026-09-27 12:38:00.000000
CASE-10604,DP1079,A2009,2026-09-08,2026-09-08 16:26:00.000000,Delivery Delay,Weather delay,MEDIUM,30,2026-09-08 16:30:00.000000,2026-09-08 17:16:24,50.4,Closed,Technical Fix,True,L2,False,Failed,87.7,FAIL,False,27.8,Low,Synthetic operational record,50.4,-20.4,168.0,BREACHED,False,SLA Breach + SOP Resolution Failed,2026-09-08 16:26:00.000000
CASE-10605,DP1047,A2003,2026-09-18,2026-09-18 16:01:00.000000,Verification Issue,Identity mismatch,MEDIUM,30,2026-09-18 16:03:00.000000,2026-09-18 16:13:30,12.5,Closed,Technical Fix,False,L1,False,Resolved,94.0,REVIEW,True,5.1,Low,Synthetic operational record,12.5,17.5,41.7,WITHIN SLA,False,,
CASE-10606,DP1085,A2003,2026-10-01,2026-10-01 23:48:42.836484,Payment Issue,Payment timing,LOW,60,2026-10-01 23:50:42.836484,,,New,Route Support,True,L2,False,Resolved,100.0,PASS,True,31.5,Medium,Synthetic operational record,10.3,49.7,17.1,WITHIN SLA,True,Repeated Issue,2026-10-01 23:48:42.836484
CASE-10607,DP1053,A2018,2026-10-01,2026-10-01 23:50:51.662435,Delivery Delay,Weather delay,LOW,60,2026-10-01 23:51:51.662435,,,In Progress,Technical Fix,False,L1,False,Resolved,93.9,REVIEW,True,24.5,Medium,Synthetic operational record,8.1,51.9,13.6,WITHIN SLA,False,,
CASE-10608,DP1027,A2016,2026-10-01,2026-10-01 23:58:35.353346,Other Operational Issue,Communication,HIGH,15,2026-10-02 00:01:35.353346,,,New,Guidance Provided,True,L2,False,Resolved,90.0,REVIEW,True,23.8,Medium,Synthetic operational record,0.4,14.6,2.7,WITHIN SLA,False,High Priority Unresolved,2026-10-01 23:58:35.353346
CASE-10609,DP1023,A2005,2026-09-25,2026-09-25 16:42:00.000000,Delivery Delay,Weather delay,MEDIUM,30,2026-09-25 16:49:00.000000,2026-09-25 16:59:42,17.7,Closed,Guidance Provided,False,L1,False,Resolved,83.3,FAIL,True,45.4,Low,Synthetic operational record,17.7,12.3,59.0,WITHIN SLA,False,,
CASE-10610,DP1033,A2017,2026-10-01,2026-10-01 23:45:07.786446,Account / Access Issue,Account locked,HIGH,15,2026-10-01 23:52:07.786446,,,Pending,Manager Review,True,L2,False,Resolved,98.8,PASS,True,17.4,Low,Synthetic operational record,13.9,1.1,92.5,AT RISK,False,High Priority Unresolved,2026-10-01 23:45:07.786446
CASE-10611,DP1060,A2002,2026-09-05,2026-09-05 09:04:00.000000,Verification Issue,Identity mismatch,HIGH,15,2026-09-05 09:09:00.000000,2026-09-05 09:08:00,4.0,Resolved,Payment Adjustment,False,L1,False,Resolved,90.3,REVIEW,True,26.1,Low,Synthetic operational record,4.0,11.0,26.7,WITHIN SLA,False,,
CASE-10612,DP1025,A2006,2026-10-01,2026-10-01 13:44:00.000000,Delivery Partner App Issue,Crash,LOW,60,2026-10-01 13:47:00.000000,2026-10-01 14:37:06,53.1,Resolved,Payment Adjustment,False,L1,False,Resolved,88.3,FAIL,True,23.2,Low,Synthetic operational record,53.1,6.9,88.5,AT RISK,False,,
CASE-10613,DP1092,A2015,2026-10-01,2026-10-01 23:08:51.294083,Payment Issue,Payment timing,MEDIUM,30,2026-10-01 23:12:51.294083,,,In Progress,Manager Review,True,L2,False,Failed,85.4,FAIL,False,24.4,Medium,Synthetic operational record,50.1,-20.1,167.2,BREACHED,False,SLA Breach + SOP Resolution Failed,2026-10-01 23:08:51.294083
CASE-10614,DP1048,A2007,2026-10-01,2026-10-01 23:57:22.761904,Route / Navigation Issue,Restricted road,MEDIUM,30,2026-10-02 00:03:22.761904,,,Pending,Guidance Provided,False,L1,False,Resolved,86.8,FAIL,True,48.7,Low,Synthetic operational record,1.6,28.4,5.4,WITHIN SLA,False,,
CASE-10615,DP1087,A2015,2026-10-01,2026-10-01 23:40:43.368808,Other Operational Issue,Equipment,MEDIUM,30,2026-10-01 23:41:43.368808,,,New,Manager Review,False,L1,False,Resolved,89.2,FAIL,True,22.8,Low,Synthetic operational record,18.3,11.7,60.9,WITHIN SLA,False,,
CASE-10616,DP1069,A2018,2026-10-01,2026-10-01 22:46:55.461142,Delivery Delay,Weather delay,LOW,60,2026-10-01 22:53:55.461142,,,Pending,Route Support,True,L2,False,Resolved,92.8,REVIEW,True,15.2,Low,Synthetic operational record,72.1,-12.1,120.1,BREACHED,False,SLA Breach,2026-10-01 22:46:55.461142
CASE-10617,DP1034,A2002,2026-10-01,2026-10-01 23:34:00.568888,Delivery Partner App Issue,Crash,LOW,60,2026-10-01 23:41:00.568888,,,Escalated,Route Support,False,L1,False,Resolved,88.0,FAIL,True,44.5,Medium,Synthetic operational record,25.0,35.0,41.7,WITHIN SLA,False,,
CASE-10618,DP1023,A2001,2026-10-01,2026-10-01 23:40:23.184805,Delivery Delay,Missed handoff,MEDIUM,30,2026-10-01 23:47:23.184805,,,Pending,Payment Adjustment,True,L2,False,Failed,94.9,REVIEW,False,18.3,Medium,Synthetic operational record,18.6,11.4,62.0,WITHIN SLA,True,Repeated Issue + SOP Resolution Failed,2026-10-01 23:40:23.184805
CASE-10619,DP1075,A2019,2026-09-05,2026-09-05 12:05:00.000000,Delivery Partner App Issue,Notification failure,MEDIUM,30,2026-09-05 12:06:00.000000,2026-09-05 12:28:18,23.3,Resolved,Route Support,False,L1,False,Resolved,92.8,REVIEW,True,2.7,Low,Synthetic operational record,23.3,6.7,77.7,AT RISK,False,,
CASE-10620,DP1034,A2011,2026-09-21,2026-09-21 16:06:00.000000,Verification Issue,Identity mismatch,MEDIUM,30,2026-09-21 16:13:00.000000,2026-09-21 16:44:48,38.8,Closed,Technical Fix,True,L2,False,Resolved,100.0,PASS,True,13.1,Low,Synthetic operational record,38.8,-8.8,129.3,BREACHED,False,SLA Breach,2026-09-21 16:06:00.000000
CASE-10621,DP1025,A2011,2026-10-01,2026-10-01 23:40:54.720514,Delivery Delay,Weather delay,LOW,60,2026-10-01 23:45:54.720514,,,Escalated,Technical Fix,True,L2,False,Resolved,85.5,FAIL,True,7.0,High,Synthetic operational record,18.1,41.9,30.1,WITHIN SLA,True,High Impact + Repeated Issue,2026-10-01 23:40:54.720514
CASE-10622,DP1094,A2010,2026-10-01,2026-10-01 23:52:52.311772,Verification Issue,Delivery proof,LOW,60,2026-10-01 23:56:52.311772,,,In Progress,Manager Review,False,L1,False,Resolved,94.8,REVIEW,True,2.0,Medium,Synthetic operational record,6.1,53.9,10.2,WITHIN SLA,False,,
CASE-10623,DP1049,A2009,2026-10-01,2026-10-01 23:55:34.384627,Account / Access Issue,Password reset,HIGH,15,2026-10-01 23:57:34.384627,,,In Progress,Technical Fix,True,L2,False,Resolved,94.9,REVIEW,True,17.6,Low,Synthetic operational record,3.4,11.6,22.8,WITHIN SLA,False,High Priority Unresolved,2026-10-01 23:55:34.384627
CASE-10624,DP1005,A2014,2026-10-01,2026-10-01 23:47:54.214976,Route / Navigation Issue,Restricted road,MEDIUM,30,2026-10-01 23:51:54.214976,,,Pending,Route Support,True,L2,False,Resolved,88.8,FAIL,True,21.2,Low,Synthetic operational record,11.1,18.9,37.0,WITHIN SLA,True,Repeated Issue,2026-10-01 23:47:54.214976
CASE-10625,DP1050,A2012,2026-09-15,2026-09-15 11:03:00.000000,Route / Navigation Issue,GPS drift,MEDIUM,30,2026-09-15 11:06:00.000000,2026-09-15 11:19:24,16.4,Resolved,Manager Review,False,L1,False,Resolved,94.5,REVIEW,True,36.2,High,Synthetic operational record,16.4,13.6,54.7,WITHIN SLA,True,,
CASE-10626,DP1047,A2004,2026-10-01,2026-10-01 23:55:45.588132,Verification Issue,Delivery proof,MEDIUM,30,2026-10-02 00:02:45.588132,,,In Progress,Payment Adjustment,False,L1,False,Resolved,97.8,PASS,True,29.6,Medium,Synthetic operational record,3.2,26.8,10.8,WITHIN SLA,False,,
CASE-10627,DP1087,A2013,2026-10-01,2026-10-01 23:53:48.388634,Account / Access Issue,Account locked,MEDIUM,30,2026-10-01 23:56:48.388634,,,In Progress,Technical Fix,False,L1,False,Resolved,94.5,REVIEW,True,29.0,Low,Synthetic operational record,5.2,24.8,17.3,WITHIN SLA,False,,
CASE-10628,DP1072,A2014,2026-10-01,2026-10-01 23:51:50.483943,Account / Access Issue,Profile update,MEDIUM,30,2026-10-01 23:53:50.483943,,,In Progress,Manager Review,False,L1,False,Resolved,100.0,PASS,True,11.3,Low,Synthetic operational record,7.2,22.8,23.9,WITHIN SLA,False,,
CASE-10629,DP1020,A2003,2026-09-22,2026-09-22 09:25:00.000000,Delivery Partner App Issue,Crash,MEDIUM,30,2026-09-22 09:32:00.000000,2026-09-22 09:43:36,18.6,Resolved,Manager Review,True,L2,False,Failed,83.1,FAIL,False,32.6,Low,Synthetic operational record,18.6,11.4,62.0,WITHIN SLA,False,SOP Resolution Failed,2026-09-22 09:25:00.000000
CASE-10630,DP1016,A2008,2026-10-01,2026-10-01 23:31:48.188843,Delivery Delay,Missed handoff,MEDIUM,30,2026-10-01 23:33:48.188843,,,Pending,Payment Adjustment,False,L1,False,Resolved,89.8,FAIL,True,38.7,Low,Synthetic operational record,27.2,2.8,90.7,AT RISK,False,,
CASE-10631,DP1061,A2016,2026-10-01,2026-10-01 23:30:36.993174,Delivery Assignment Issue,Assignment timeout,HIGH,15,2026-10-01 23:37:36.993174,,,In Progress,Guidance Provided,True,L2,False,Resolved,100.0,PASS,True,26.7,Low,Synthetic operational record,28.4,-13.4,189.2,BREACHED,False,SLA Breach + High Priority Unresolved,2026-10-01 23:30:36.993174
CASE-10632,DP1005,A2013,2026-10-01,2026-10-01 23:47:20.794967,Account / Access Issue,Password reset,HIGH,15,2026-10-01 23:54:20.794967,,,Escalated,Payment Adjustment,True,L2,False,Resolved,98.6,PASS,True,27.1,Low,Synthetic operational record,11.7,3.3,77.7,AT RISK,False,High Priority Unresolved,2026-10-01 23:47:20.794967
CASE-10633,DP1032,A2003,2026-09-25,2026-09-25 16:44:00.000000,Route / Navigation Issue,GPS drift,MEDIUM,30,2026-09-25 16:47:00.000000,2026-09-25 16:56:30,12.5,Resolved,Payment Adjustment,False,L1,False,Resolved,96.7,PASS,True,6.8,Low,Synthetic operational record,12.5,17.5,41.7,WITHIN SLA,False,,
CASE-10634,DP1014,A2001,2026-09-23,2026-09-23 17:26:00.000000,Payment Issue,Adjustment request,MEDIUM,30,2026-09-23 17:31:00.000000,2026-09-23 17:44:24,18.4,Resolved,Guidance Provided,True,L2,False,Failed,100.0,PASS,False,34.7,Low,Synthetic operational record,18.4,11.6,61.3,WITHIN SLA,False,SOP Resolution Failed,2026-09-23 17:26:00.000000
CASE-10635,DP1003,A2012,2026-10-01,2026-10-01 23:53:13.915944,Delivery Assignment Issue,Wrong zone,MEDIUM,30,2026-10-01 23:59:13.915944,,,In Progress,Payment Adjustment,False,L1,False,Resolved,84.4,FAIL,True,43.4,Low,Synthetic operational record,5.8,24.2,19.2,WITHIN SLA,False,,
CASE-10636,DP1092,A2010,2026-09-12,2026-09-12 15:36:00.000000,Payment Issue,Missing payout,HIGH,15,2026-09-12 15:40:00.000000,2026-09-12 15:40:00,4.0,Closed,Guidance Provided,True,L2,False,Failed,98.0,PASS,False,25.9,Low,Synthetic operational record,4.0,11.0,26.7,WITHIN SLA,False,SOP Resolution Failed,2026-09-12 15:36:00.000000
CASE-10637,DP1009,A2020,2026-09-12,2026-09-12 15:22:00.000000,Route / Navigation Issue,GPS drift,MEDIUM,30,2026-09-12 15:27:00.000000,2026-09-12 15:40:24,18.4,Closed,Route Support,False,L1,False,Resolved,99.3,PASS,True,14.9,Medium,Synthetic operational record,18.4,11.6,61.3,WITHIN SLA,False,,
CASE-10638,DP1001,A2011,2026-09-25,2026-09-25 17:58:00.000000,Delivery Assignment Issue,No assignment,MEDIUM,30,2026-09-25 17:59:00.000000,2026-09-25 18:14:12,16.2,Resolved,Payment Adjustment,False,L1,False,Resolved,90.7,REVIEW,True,20.1,Low,Synthetic operational record,16.2,13.8,54.0,WITHIN SLA,False,,
CASE-10639,DP1094,A2019,2026-10-01,2026-10-01 23:43:51.810656,Delivery Partner App Issue,Notification failure,MEDIUM,30,2026-10-01 23:47:51.810656,,,New,Route Support,True,L2,False,Resolved,100.0,PASS,True,17.0,Medium,Synthetic operational record,15.1,14.9,50.5,WITHIN SLA,True,Repeated Issue,2026-10-01 23:43:51.810656
CASE-10640,DP1019,A2005,2026-09-02,2026-09-02 10:51:00.000000,Account / Access Issue,Profile update,MEDIUM,30,2026-09-02 10:55:00.000000,2026-09-02 11:02:00,11.0,Resolved,Payment Adjustment,False,L1,False,Resolved,95.0,PASS,True,17.7,Medium,Synthetic operational record,11.0,19.0,36.7,WITHIN SLA,False,,
CASE-10641,DP1082,A2009,2026-10-01,2026-10-01 23:54:40.374649,Verification Issue,Identity mismatch,MEDIUM,30,2026-10-01 23:58:40.374649,,,In Progress,Route Support,False,L1,False,Resolved,83.0,FAIL,True,29.8,High,Synthetic operational record,4.3,25.7,14.4,WITHIN SLA,False,,
CASE-10642,DP1004,A2003,2026-09-14,2026-09-14 16:33:00.000000,Delivery Assignment Issue,Duplicate assignment,LOW,60,2026-09-14 16:40:00.000000,2026-09-14 18:02:48,89.8,Closed,Route Support,True,L2,False,Failed,95.9,PASS,False,25.4,Low,Synthetic operational record,89.8,-29.8,149.7,BREACHED,False,SLA Breach + SOP Resolution Failed,2026-09-14 16:33:00.000000
CASE-10643,DP1016,A2012,2026-10-01,2026-10-01 23:24:38.892877,Delivery Assignment Issue,No assignment,MEDIUM,30,2026-10-01 23:30:38.892877,,,In Progress,Guidance Provided,True,L2,False,Resolved,90.4,REVIEW,True,34.0,Low,Synthetic operational record,34.4,-4.4,114.5,BREACHED,False,SLA Breach,2026-10-01 23:24:38.892877
CASE-10644,DP1012,A2004,2026-09-02,2026-09-02 12:42:00.000000,Other Operational Issue,Communication,MEDIUM,30,2026-09-02 12:47:00.000000,2026-09-02 13:00:30,18.5,Closed,Payment Adjustment,True,L2,True,Resolved,99.8,PASS,True,26.5,Medium,Synthetic operational record,18.5,11.5,61.7,WITHIN SLA,False,Manager Intervention Required,2026-09-02 12:42:00.000000
CASE-10645,DP1071,A2010,2026-10-01,2026-10-01 22:34:32.259458,Route / Navigation Issue,Incorrect route,LOW,60,2026-10-01 22:37:32.259458,,,Pending,Route Support,True,L2,False,Failed,96.7,PASS,False,11.6,Low,Synthetic operational record,84.5,-24.5,140.8,BREACHED,False,SLA Breach + SOP Resolution Failed,2026-10-01 22:34:32.259458
CASE-10646,DP1063,A2007,2026-09-14,2026-09-14 15:16:00.000000,Route / Navigation Issue,GPS drift,HIGH,15,2026-09-14 15:19:00.000000,2026-09-14 15:20:00,4.0,Resolved,Payment Adjustment,False,L1,False,Resolved,91.0,REVIEW,True,16.0,Low,Synthetic operational record,4.0,11.0,26.7,WITHIN SLA,False,,
CASE-10647,DP1048,A2004,2026-09-25,2026-09-25 16:32:00.000000,Delivery Assignment Issue,Wrong zone,MEDIUM,30,2026-09-25 16:33:00.000000,2026-09-25 16:45:48,13.8,Closed,Technical Fix,False,L1,False,Resolved,100.0,PASS,True,15.2,Low,Synthetic operational record,13.8,16.2,46.0,WITHIN SLA,False,,
CASE-10648,DP1025,A2002,2026-10-01,2026-10-01 23:01:03.049450,Delivery Assignment Issue,No assignment,LOW,60,2026-10-01 23:05:03.049450,,,New,Manager Review,True,L2,False,Resolved,98.7,PASS,True,19.8,Medium,Synthetic operational record,57.9,2.1,96.6,AT RISK,True,Repeated Issue,2026-10-01 23:01:03.049450
CASE-10649,DP1009,A2011,2026-10-01,2026-10-01 23:46:58.856090,Delivery Partner App Issue,Notification failure,MEDIUM,30,2026-10-01 23:48:58.856090,,,Escalated,Guidance Provided,False,L1,False,Resolved,89.9,FAIL,True,43.5,Medium,Synthetic operational record,12.0,18.0,40.1,WITHIN SLA,False,,
CASE-10650,DP1057,A2019,2026-10-01,2026-10-01 23:31:32.588525,Verification Issue,Document check,MEDIUM,30,2026-10-01 23:38:32.588525,,,In Progress,Manager Review,True,L2,False,Resolved,93.2,REVIEW,True,45.5,Low,Synthetic operational record,27.5,2.5,91.5,AT RISK,True,Repeated Issue,2026-10-01 23:31:32.588525
CASE-10651,DP1024,A2004,2026-09-07,2026-09-07 12:47:00.000000,Delivery Partner App Issue,Crash,MEDIUM,30,2026-09-07 12:53:00.000000,2026-09-07 13:00:54,13.9,Closed,Route Support,False,L1,False,Resolved,96.6,PASS,True,32.0,High,Synthetic operational record,13.9,16.1,46.3,WITHIN SLA,False,,
CASE-10652,DP1060,A2009,2026-09-09,2026-09-09 13:14:00.000000,Delivery Partner App Issue,Login error,MEDIUM,30,2026-09-09 13:21:00.000000,2026-09-09 13:30:42,16.7,Resolved,Technical Fix,True,L2,False,Failed,92.2,REVIEW,False,23.4,Medium,Synthetic operational record,16.7,13.3,55.7,WITHIN SLA,False,SOP Resolution Failed,2026-09-09 13:14:00.000000
CASE-10653,DP1069,A2005,2026-10-01,2026-10-01 23:58:16.531347,Verification Issue,Document check,HIGH,15,2026-10-02 00:05:16.531347,,,New,Guidance Provided,True,L2,False,Resolved,92.3,REVIEW,True,5.7,Low,Synthetic operational record,0.7,14.3,4.8,WITHIN SLA,True,High Priority Unresolved + Repeated Issue,2026-10-01 23:58:16.531347
CASE-10654,DP1085,A2017,2026-09-16,2026-09-16 17:46:00.000000,Other Operational Issue,Equipment,MEDIUM,30,2026-09-16 17:49:00.000000,2026-09-16 18:12:54,26.9,Closed,Manager Review,False,L1,False,Resolved,94.2,REVIEW,True,24.6,Low,Synthetic operational record,26.9,3.1,89.7,AT RISK,True,,
CASE-10655,DP1050,A2009,2026-10-01,2026-10-01 23:49:52.977292,Verification Issue,Identity mismatch,MEDIUM,30,2026-10-01 23:52:52.977292,,,New,Payment Adjustment,False,L1,False,Resolved,88.7,FAIL,True,12.5,Low,Synthetic operational record,9.1,20.9,30.4,WITHIN SLA,False,,
CASE-10656,DP1001,A2020,2026-10-01,2026-10-01 23:17:59.365935,Delivery Delay,Missed handoff,LOW,60,2026-10-01 23:22:59.365935,,,In Progress,Manager Review,True,L2,False,Resolved,82.8,FAIL,True,41.6,Medium,Synthetic operational record,41.0,19.0,68.4,WITHIN SLA,True,Repeated Issue,2026-10-01 23:17:59.365935
CASE-10657,DP1029,A2005,2026-09-28,2026-09-28 11:44:00.000000,Delivery Delay,Late arrival,MEDIUM,30,2026-09-28 11:48:00.000000,2026-09-28 12:01:00,17.0,Closed,Manager Review,False,L1,False,Resolved,95.2,PASS,True,2.7,Medium,Synthetic operational record,17.0,13.0,56.7,WITHIN SLA,False,,
CASE-10658,DP1086,A2002,2026-09-09,2026-09-09 09:20:00.000000,Payment Issue,Payment timing,MEDIUM,30,2026-09-09 09:22:00.000000,2026-09-09 09:37:00,17.0,Resolved,Guidance Provided,False,L1,False,Resolved,84.1,FAIL,True,26.6,Medium,Synthetic operational record,17.0,13.0,56.7,WITHIN SLA,False,,
CASE-10659,DP1054,A2012,2026-09-27,2026-09-27 10:58:00.000000,Payment Issue,Adjustment request,MEDIUM,30,2026-09-27 11:03:00.000000,2026-09-27 11:11:36,13.6,Closed,Route Support,False,L1,False,Resolved,89.0,FAIL,True,11.5,Medium,Synthetic operational record,13.6,16.4,45.3,WITHIN SLA,False,,
CASE-10660,DP1062,A2014,2026-10-01,2026-10-01 23:32:14.309685,Delivery Delay,Missed handoff,MEDIUM,30,2026-10-01 23:36:14.309685,,,Pending,Technical Fix,False,L1,False,Resolved,85.1,FAIL,True,21.9,Low,Synthetic operational record,26.8,3.2,89.2,AT RISK,False,,
CASE-10661,DP1046,A2020,2026-10-01,2026-10-01 23:49:54.076231,Payment Issue,Rate question,MEDIUM,30,2026-10-01 23:56:54.076231,,,Pending,Manager Review,False,L1,False,Resolved,85.8,FAIL,True,30.0,High,Synthetic operational record,9.1,20.9,30.3,WITHIN SLA,False,,
CASE-10662,DP1017,A2018,2026-09-15,2026-09-15 09:40:00.000000,Delivery Delay,Weather delay,MEDIUM,30,2026-09-15 09:42:00.000000,2026-09-15 09:57:30,17.5,Resolved,Technical Fix,False,L1,False,Resolved,96.1,PASS,True,34.3,Medium,Synthetic operational record,17.5,12.5,58.3,WITHIN SLA,True,,
CASE-10663,DP1090,A2018,2026-10-01,2026-10-01 23:47:29.311152,Account / Access Issue,Profile update,LOW,60,2026-10-01 23:51:29.311152,,,In Progress,Guidance Provided,True,L2,False,Resolved,92.9,REVIEW,True,21.3,Medium,Synthetic operational record,11.5,48.5,19.2,WITHIN SLA,True,Repeated Issue,2026-10-01 23:47:29.311152
CASE-10664,DP1078,A2013,2026-09-16,2026-09-16 15:56:00.000000,Other Operational Issue,Policy question,HIGH,15,2026-09-16 16:00:00.000000,2026-09-16 16:31:18,35.3,Closed,Route Support,True,L2,True,Resolved,92.7,REVIEW,True,31.1,Low,Synthetic operational record,35.3,-20.3,235.3,BREACHED,False,SLA Breach + Manager Intervention Required,2026-09-16 15:56:00.000000
CASE-10665,DP1100,A2008,2026-10-01,2026-10-01 23:52:33.013354,Delivery Partner App Issue,Crash,MEDIUM,30,2026-10-01 23:59:33.013354,,,In Progress,Payment Adjustment,True,L2,False,Resolved,87.4,FAIL,True,14.1,Low,Synthetic operational record,6.4,23.6,21.5,WITHIN SLA,True,Repeated Issue,2026-10-01 23:52:33.013354
CASE-10666,DP1086,A2009,2026-09-09,2026-09-09 14:07:00.000000,Payment Issue,Missing payout,HIGH,15,2026-09-09 14:12:00.000000,2026-09-09 14:50:06,43.1,Resolved,Payment Adjustment,True,L2,False,Resolved,90.7,REVIEW,True,24.9,Low,Synthetic operational record,43.1,-28.1,287.3,BREACHED,True,SLA Breach + Repeated Issue,2026-09-09 14:07:00.000000
CASE-10667,DP1030,A2003,2026-09-15,2026-09-15 17:00:00.000000,Delivery Assignment Issue,Duplicate assignment,HIGH,15,2026-09-15 17:01:00.000000,2026-09-15 17:04:00,4.0,Resolved,Technical Fix,False,L1,False,Resolved,95.9,PASS,True,34.0,Low,Synthetic operational record,4.0,11.0,26.7,WITHIN SLA,True,,
CASE-10668,DP1026,A2009,2026-09-15,2026-09-15 13:40:00.000000,Payment Issue,Adjustment request,HIGH,15,2026-09-15 13:43:00.000000,2026-09-15 13:44:00,4.0,Resolved,Payment Adjustment,False,L1,False,Resolved,93.7,REVIEW,True,26.0,Medium,Synthetic operational record,4.0,11.0,26.7,WITHIN SLA,False,,
CASE-10669,DP1025,A2008,2026-10-01,2026-10-01 23:48:08.031347,Delivery Assignment Issue,Duplicate assignment,MEDIUM,30,2026-10-01 23:55:08.031347,,,Pending,Manager Review,True,L2,False,Resolved,98.1,PASS,True,15.6,Medium,Synthetic operational record,10.9,19.1,36.2,WITHIN SLA,True,Repeated Issue,2026-10-01 23:48:08.031347
CASE-10670,DP1092,A2001,2026-09-27,2026-09-27 11:26:00.000000,Delivery Partner App Issue,Crash,MEDIUM,30,2026-09-27 11:28:00.000000,2026-09-27 11:44:48,18.8,Closed,Route Support,False,L1,False,Resolved,98.8,PASS,True,18.7,High,Synthetic operational record,18.8,11.2,62.7,WITHIN SLA,True,,
CASE-10671,DP1056,A2005,2026-10-01,2026-10-01 23:45:44.672386,Verification Issue,Vehicle verification,LOW,60,2026-10-01 23:48:44.672386,,,Escalated,Manager Review,False,L1,False,Resolved,92.7,REVIEW,True,34.2,Low,Synthetic operational record,13.3,46.7,22.1,WITHIN SLA,False,,
CASE-10672,DP1046,A2011,2026-09-03,2026-09-03 13:03:00.000000,Delivery Delay,Traffic delay,MEDIUM,30,2026-09-03 13:05:00.000000,2026-09-03 13:25:42,22.7,Closed,Technical Fix,False,L1,False,Resolved,84.7,FAIL,True,8.9,Low,Synthetic operational record,22.7,7.3,75.7,AT RISK,False,,
CASE-10673,DP1097,A2008,2026-09-12,2026-09-12 09:29:00.000000,Other Operational Issue,Other,MEDIUM,30,2026-09-12 09:35:00.000000,2026-09-12 09:43:06,14.1,Resolved,Manager Review,False,L1,False,Resolved,90.2,REVIEW,True,10.7,Low,Synthetic operational record,14.1,15.9,47.0,WITHIN SLA,False,,
CASE-10674,DP1061,A2020,2026-09-14,2026-09-14 12:28:00.000000,Delivery Partner App Issue,Notification failure,MEDIUM,30,2026-09-14 12:29:00.000000,2026-09-14 12:57:18,29.3,Resolved,Technical Fix,False,L1,False,Resolved,93.5,REVIEW,True,29.2,High,Synthetic operational record,29.3,0.7,97.7,AT RISK,True,,
CASE-10675,DP1091,A2010,2026-10-01,2026-10-01 23:56:26.059703,Delivery Partner App Issue,Sync delay,HIGH,15,2026-10-01 23:59:26.059703,,,New,Manager Review,True,L2,False,Resolved,90.1,REVIEW,True,16.7,Medium,Synthetic operational record,2.6,12.4,17.1,WITHIN SLA,True,High Priority Unresolved + Repeated Issue,2026-10-01 23:56:26.059703
CASE-10676,DP1099,A2020,2026-10-01,2026-10-01 23:42:27.808732,Payment Issue,Payment timing,LOW,60,2026-10-01 23:47:27.808732,,,Escalated,Manager Review,False,L1,False,Resolved,88.7,FAIL,True,4.6,Low,Synthetic operational record,16.5,43.5,27.6,WITHIN SLA,False,,
CASE-10677,DP1008,A2014,2026-09-30,2026-09-30 14:07:00.000000,Delivery Partner App Issue,Login error,MEDIUM,30,2026-09-30 14:14:00.000000,2026-09-30 14:21:30,14.5,Resolved,Guidance Provided,False,L1,False,Resolved,94.3,REVIEW,True,38.2,Medium,Synthetic operational record,14.5,15.5,48.3,WITHIN SLA,False,,
CASE-10678,DP1037,A2001,2026-09-25,2026-09-25 08:42:00.000000,Delivery Assignment Issue,Duplicate assignment,MEDIUM,30,2026-09-25 08:44:00.000000,2026-09-25 08:55:48,13.8,Resolved,Manager Review,False,L1,False,Resolved,100.0,PASS,True,8.8,Medium,Synthetic operational record,13.8,16.2,46.0,WITHIN SLA,False,,
CASE-10679,DP1074,A2005,2026-10-01,2026-10-01 23:40:47.971391,Other Operational Issue,Equipment,MEDIUM,30,2026-10-01 23:43:47.971391,,,In Progress,Route Support,False,L1,False,Resolved,91.6,REVIEW,True,19.6,Low,Synthetic operational record,18.2,11.8,60.7,WITHIN SLA,False,,
CASE-10680,DP1082,A2015,2026-09-23,2026-09-23 16:02:00.000000,Delivery Assignment Issue,Wrong zone,LOW,60,2026-09-23 16:03:00.000000,2026-09-23 16:26:00,24.0,Closed,Route Support,False,L1,False,Resolved,94.0,REVIEW,True,14.6,Low,Synthetic operational record,24.0,36.0,40.0,WITHIN SLA,False,,
CASE-10681,DP1015,A2011,2026-09-09,2026-09-09 10:35:00.000000,Delivery Assignment Issue,Assignment timeout,LOW,60,2026-09-09 10:39:00.000000,2026-09-09 11:07:12,32.2,Closed,Payment Adjustment,True,L2,True,Resolved,87.4,FAIL,True,18.4,Low,Synthetic operational record,32.2,27.8,53.7,WITHIN SLA,True,Manager Intervention Required,2026-09-09 10:35:00.000000
CASE-10682,DP1032,A2007,2026-09-03,2026-09-03 14:03:00.000000,Delivery Delay,Missed handoff,HIGH,15,2026-09-03 14:10:00.000000,2026-09-03 14:29:06,26.1,Closed,Technical Fix,True,L2,False,Resolved,100.0,PASS,True,11.4,Low,Synthetic operational record,26.1,-11.1,174.0,BREACHED,False,SLA Breach,2026-09-03 14:03:00.000000
CASE-10683,DP1055,A2011,2026-10-01,2026-10-01 23:46:05.810762,Delivery Delay,Missed handoff,MEDIUM,30,2026-10-01 23:49:05.810762,,,New,Manager Review,True,L2,False,Resolved,98.4,PASS,True,30.6,Medium,Synthetic operational record,12.9,17.1,43.0,WITHIN SLA,True,Repeated Issue,2026-10-01 23:46:05.810762
CASE-10684,DP1080,A2019,2026-09-06,2026-09-06 11:09:00.000000,Delivery Delay,Traffic delay,LOW,60,2026-09-06 11:11:00.000000,2026-09-06 11:50:48,41.8,Closed,Guidance Provided,False,L1,False,Resolved,98.0,PASS,True,23.3,Low,Synthetic operational record,41.8,18.2,69.7,WITHIN SLA,False,,
CASE-10685,DP1012,A2008,2026-10-01,2026-10-01 23:19:28.792252,Payment Issue,Payment timing,LOW,60,2026-10-01 23:22:28.792252,,,In Progress,Manager Review,False,L1,False,Resolved,100.0,PASS,True,33.8,Medium,Synthetic operational record,39.5,20.5,65.9,WITHIN SLA,False,,
CASE-10686,DP1061,A2001,2026-09-05,2026-09-05 11:25:00.000000,Account / Access Issue,Password reset,MEDIUM,30,2026-09-05 11:32:00.000000,2026-09-05 12:09:18,44.3,Resolved,Technical Fix,True,L2,False,Failed,91.9,REVIEW,False,14.7,Medium,Synthetic operational record,44.3,-14.3,147.7,BREACHED,False,SLA Breach + SOP Resolution Failed,2026-09-05 11:25:00.000000
CASE-10687,DP1030,A2007,2026-10-01,2026-10-01 22:46:54.083654,Delivery Partner App Issue,Crash,LOW,60,2026-10-01 22:50:54.083654,,,In Progress,Route Support,True,L2,False,Resolved,92.5,REVIEW,True,47.6,Low,Synthetic operational record,72.1,-12.1,120.2,BREACHED,False,SLA Breach,2026-10-01 22:46:54.083654
CASE-10688,DP1022,A2019,2026-09-28,2026-09-28 17:05:00.000000,Payment Issue,Adjustment request,MEDIUM,30,2026-09-28 17:10:00.000000,2026-09-28 17:21:18,16.3,Resolved,Payment Adjustment,False,L1,False,Resolved,100.0,PASS,True,2.0,High,Synthetic operational record,16.3,13.7,54.3,WITHIN SLA,False,,
CASE-10689,DP1052,A2016,2026-09-13,2026-09-13 15:27:00.000000,Route / Navigation Issue,GPS drift,MEDIUM,30,2026-09-13 15:33:00.000000,2026-09-13 15:43:12,16.2,Resolved,Technical Fix,False,L1,False,Resolved,97.2,PASS,True,3.0,Low,Synthetic operational record,16.2,13.8,54.0,WITHIN SLA,False,,
CASE-10690,DP1042,A2017,2026-10-01,2026-10-01 23:06:42.067509,Account / Access Issue,Profile update,LOW,60,2026-10-01 23:12:42.067509,,,In Progress,Technical Fix,False,L1,False,Resolved,82.9,FAIL,True,43.0,Medium,Synthetic operational record,52.3,7.7,87.2,AT RISK,False,,
CASE-10691,DP1064,A2019,2026-09-07,2026-09-07 08:29:00.000000,Payment Issue,Adjustment request,MEDIUM,30,2026-09-07 08:34:00.000000,2026-09-07 08:39:30,10.5,Resolved,Technical Fix,False,L1,False,Resolved,96.3,PASS,True,27.7,Low,Synthetic operational record,10.5,19.5,35.0,WITHIN SLA,False,,
CASE-10692,DP1032,A2003,2026-10-01,2026-10-01 23:05:00.506622,Delivery Delay,Missed handoff,LOW,60,2026-10-01 23:09:00.506622,,,Pending,Manager Review,False,L1,False,Resolved,91.1,REVIEW,True,26.1,Medium,Synthetic operational record,54.0,6.0,90.0,AT RISK,False,,
CASE-10693,DP1083,A2006,2026-09-10,2026-09-10 14:23:00.000000,Delivery Partner App Issue,Sync delay,LOW,60,2026-09-10 14:27:00.000000,2026-09-10 15:03:42,40.7,Closed,Route Support,False,L1,False,Resolved,98.5,PASS,True,27.2,Low,Synthetic operational record,40.7,19.3,67.8,WITHIN SLA,False,,
CASE-10694,DP1008,A2002,2026-10-01,2026-10-01 23:55:10.673312,Delivery Partner App Issue,Crash,HIGH,15,2026-10-01 23:57:10.673312,,,Pending,Route Support,True,L2,False,Failed,96.0,PASS,False,28.9,Low,Synthetic operational record,3.8,11.2,25.5,WITHIN SLA,True,High Priority Unresolved + Repeated Issue + SOP Resolution Failed,2026-10-01 23:55:10.673312
CASE-10695,DP1087,A2001,2026-10-01,2026-10-01 23:19:33.944402,Delivery Partner App Issue,Crash,MEDIUM,30,2026-10-01 23:22:33.944402,,,Pending,Route Support,True,L2,False,Failed,85.3,FAIL,False,25.6,Low,Synthetic operational record,39.4,-9.4,131.4,BREACHED,False,SLA Breach + SOP Resolution Failed,2026-10-01 23:19:33.944402
CASE-10696,DP1003,A2017,2026-10-01,2026-10-01 23:33:48.197846,Verification Issue,Delivery proof,HIGH,15,2026-10-01 23:39:48.197846,,,In Progress,Payment Adjustment,True,L2,False,Resolved,95.3,PASS,True,10.4,Medium,Synthetic operational record,25.2,-10.2,168.0,BREACHED,False,SLA Breach + High Priority Unresolved,2026-10-01 23:33:48.197846
CASE-10697,DP1074,A2019,2026-09-12,2026-09-12 10:51:00.000000,Delivery Assignment Issue,Wrong zone,LOW,60,2026-09-12 10:52:00.000000,2026-09-12 11:18:06,27.1,Closed,Manager Review,False,L1,False,Resolved,95.1,PASS,True,31.8,Medium,Synthetic operational record,27.1,32.9,45.2,WITHIN SLA,False,,
CASE-10698,DP1035,A2004,2026-10-01,2026-10-01 23:17:17.298463,Verification Issue,Identity mismatch,LOW,60,2026-10-01 23:23:17.298463,,,New,Technical Fix,False,L1,False,Resolved,95.8,PASS,True,29.9,Medium,Synthetic operational record,41.7,18.3,69.5,WITHIN SLA,False,,
CASE-10699,DP1039,A2015,2026-09-08,2026-09-08 08:21:00.000000,Delivery Partner App Issue,Login error,MEDIUM,30,2026-09-08 08:25:00.000000,2026-09-08 08:37:54,16.9,Resolved,Manager Review,False,L1,False,Resolved,96.9,PASS,True,39.1,Low,Synthetic operational record,16.9,13.1,56.3,WITHIN SLA,False,,
CASE-10700,DP1002,A2011,2026-10-01,2026-10-01 23:50:26.384076,Account / Access Issue,Password reset,MEDIUM,30,2026-10-01 23:53:26.384076,,,New,Technical Fix,True,L2,False,Resolved,100.0,PASS,True,43.2,Medium,Synthetic operational record,8.6,21.4,28.5,WITHIN SLA,True,Repeated Issue,2026-10-01 23:50:26.384076
CASE-10701,DP1071,A2002,2026-10-01,2026-10-01 23:52:41.719467,Account / Access Issue,Account locked,HIGH,15,2026-10-01 23:53:41.719467,,,Pending,Technical Fix,True,L2,False,Resolved,96.1,PASS,True,26.0,Medium,Synthetic operational record,6.3,8.7,42.0,AT RISK,False,High Priority Unresolved,2026-10-01 23:52:41.719467
CASE-10702,DP1017,A2019,2026-09-13,2026-09-13 16:41:00.000000,Delivery Partner App Issue,Sync delay,LOW,60,2026-09-13 16:47:00.000000,2026-09-13 17:21:24,40.4,Resolved,Payment Adjustment,False,L1,False,Resolved,94.1,REVIEW,True,7.3,Low,Synthetic operational record,40.4,19.6,67.3,WITHIN SLA,False,,
CASE-10703,DP1066,A2018,2026-10-01,2026-10-01 23:57:45.741615,Delivery Partner App Issue,Crash,HIGH,15,2026-10-01 23:58:45.741615,,,Pending,Route Support,True,L2,False,Resolved,99.7,PASS,True,43.3,Low,Synthetic operational record,1.2,13.8,8.3,WITHIN SLA,True,High Priority Unresolved + Repeated Issue,2026-10-01 23:57:45.741615
CASE-10704,DP1073,A2012,2026-09-29,2026-09-29 09:58:00.000000,Delivery Partner App Issue,Notification failure,HIGH,15,2026-09-29 10:02:00.000000,2026-09-29 10:02:00,4.0,Resolved,Route Support,False,L1,False,Resolved,100.0,PASS,True,9.8,Low,Synthetic operational record,4.0,11.0,26.7,WITHIN SLA,False,,
CASE-10705,DP1085,A2015,2026-09-09,2026-09-09 13:17:00.000000,Account / Access Issue,Permission request,MEDIUM,30,2026-09-09 13:19:00.000000,2026-09-09 14:13:54,56.9,Resolved,Route Support,True,L2,False,Resolved,98.6,PASS,True,26.1,Medium,Synthetic operational record,56.9,-26.9,189.7,BREACHED,False,SLA Breach,2026-09-09 13:17:00.000000
CASE-10706,DP1071,A2008,2026-09-02,2026-09-02 11:38:00.000000,Delivery Assignment Issue,Assignment timeout,LOW,60,2026-09-02 11:45:00.000000,2026-09-02 11:59:54,21.9,Resolved,Guidance Provided,False,L1,False,Resolved,95.0,PASS,True,18.9,Low,Synthetic operational record,21.9,38.1,36.5,WITHIN SLA,False,,
CASE-10707,DP1031,A2016,2026-10-01,2026-10-01 23:37:38.418366,Delivery Delay,Missed handoff,MEDIUM,30,2026-10-01 23:39:38.418366,,,New,Guidance Provided,False,L1,False,Resolved,96.2,PASS,True,16.8,Low,Synthetic operational record,21.4,8.6,71.2,AT RISK,False,,
CASE-10708,DP1074,A2009,2026-09-26,2026-09-26 17:14:00.000000,Payment Issue,Payment timing,LOW,60,2026-09-26 17:20:00.000000,2026-09-26 17:40:42,26.7,Resolved,Manager Review,False,L1,False,Resolved,95.3,PASS,True,31.2,High,Synthetic operational record,26.7,33.3,44.5,WITHIN SLA,True,,
CASE-10709,DP1083,A2020,2026-10-01,2026-10-01 23:45:29.031128,Verification Issue,Vehicle verification,MEDIUM,30,2026-10-01 23:50:29.031128,,,Pending,Manager Review,False,L1,False,Resolved,94.1,REVIEW,True,24.9,Medium,Synthetic operational record,13.5,16.5,45.1,WITHIN SLA,False,,
CASE-10710,DP1032,A2002,2026-09-16,2026-09-16 12:09:00.000000,Delivery Delay,Traffic delay,MEDIUM,30,2026-09-16 12:10:00.000000,2026-09-16 12:27:18,18.3,Resolved,Guidance Provided,False,L1,False,Resolved,100.0,PASS,True,28.2,Low,Synthetic operational record,18.3,11.7,61.0,WITHIN SLA,True,,
CASE-10711,DP1013,A2004,2026-10-01,2026-10-01 23:57:18.715377,Delivery Delay,Missed handoff,HIGH,15,2026-10-02 00:03:18.715377,,,New,Manager Review,True,L2,False,Resolved,90.3,REVIEW,True,12.2,Medium,Synthetic operational record,1.7,13.3,11.3,WITHIN SLA,True,High Priority Unresolved + Repeated Issue,2026-10-01 23:57:18.715377
CASE-10712,DP1090,A2020,2026-10-01,2026-10-01 23:31:20.718969,Other Operational Issue,Policy question,MEDIUM,30,2026-10-01 23:38:20.718969,,,Pending,Technical Fix,False,L1,False,Resolved,99.8,PASS,True,19.9,Low,Synthetic operational record,27.7,2.3,92.2,AT RISK,False,,
CASE-10713,DP1015,A2006,2026-09-29,2026-09-29 17:19:00.000000,Delivery Partner App Issue,Notification failure,MEDIUM,30,2026-09-29 17:21:00.000000,2026-09-29 17:58:54,39.9,Resolved,Manager Review,True,L2,False,Resolved,93.4,REVIEW,True,12.8,Medium,Synthetic operational record,39.9,-9.9,133.0,BREACHED,False,SLA Breach,2026-09-29 17:19:00.000000
CASE-10714,DP1060,A2007,2026-10-01,2026-10-01 23:42:48.725005,Account / Access Issue,Permission request,MEDIUM,30,2026-10-01 23:49:48.725005,,,New,Manager Review,True,L2,False,Resolved,86.6,FAIL,True,19.6,Low,Synthetic operational record,16.2,13.8,54.0,WITHIN SLA,True,Repeated Issue,2026-10-01 23:42:48.725005
CASE-10715,DP1024,A2016,2026-10-01,2026-10-01 23:35:36.423247,Delivery Partner App Issue,Login error,MEDIUM,30,2026-10-01 23:41:36.423247,,,In Progress,Route Support,True,L2,False,Resolved,93.1,REVIEW,True,20.6,Low,Synthetic operational record,23.4,6.6,78.0,AT RISK,True,Repeated Issue,2026-10-01 23:35:36.423247
CASE-10716,DP1013,A2004,2026-09-16,2026-09-16 17:13:00.000000,Delivery Delay,Traffic delay,HIGH,15,2026-09-16 17:19:00.000000,2026-09-16 17:17:00,4.0,Resolved,Guidance Provided,False,Manager,False,Resolved,91.3,REVIEW,True,44.1,High,Synthetic operational record,4.0,11.0,26.7,WITHIN SLA,False,,
CASE-10717,DP1078,A2011,2026-09-26,2026-09-26 13:04:00.000000,Account / Access Issue,Password reset,LOW,60,2026-09-26 13:07:00.000000,2026-09-26 13:26:48,22.8,Resolved,Route Support,False,L1,False,Resolved,96.9,PASS,True,18.9,Low,Synthetic operational record,22.8,37.2,38.0,WITHIN SLA,False,,
CASE-10718,DP1015,A2006,2026-10-01,2026-10-01 23:46:43.020681,Route / Navigation Issue,Incorrect route,HIGH,15,2026-10-01 23:47:43.020681,,,Pending,Guidance Provided,True,L2,False,Resolved,94.5,REVIEW,True,2.0,Medium,Synthetic operational record,12.3,2.7,81.9,AT RISK,True,High Priority Unresolved + Repeated Issue,2026-10-01 23:46:43.020681
CASE-10719,DP1068,A2004,2026-10-01,2026-10-01 23:48:23.331462,Route / Navigation Issue,Incorrect route,MEDIUM,30,2026-10-01 23:52:23.331462,,,In Progress,Technical Fix,True,L2,False,Resolved,88.9,FAIL,True,38.7,Low,Synthetic operational record,10.6,19.4,35.4,WITHIN SLA,True,Repeated Issue,2026-10-01 23:48:23.331462
CASE-10720,DP1070,A2020,2026-10-01,2026-10-01 23:44:00.444059,Delivery Assignment Issue,Assignment timeout,HIGH,15,2026-10-01 23:50:00.444059,,,Escalated,Route Support,True,L2,False,Resolved,100.0,PASS,True,27.4,Low,Synthetic operational record,15.0,0.0,100.0,AT RISK,False,High Priority Unresolved,2026-10-01 23:44:00.444059
CASE-10721,DP1007,A2004,2026-09-04,2026-09-04 13:41:00.000000,Payment Issue,Rate question,MEDIUM,30,2026-09-04 13:46:00.000000,2026-09-04 14:37:06,56.1,Resolved,Guidance Provided,True,L2,False,Resolved,99.5,PASS,True,20.4,High,Synthetic operational record,56.1,-26.1,187.0,BREACHED,False,High Impact + SLA Risk,2026-09-04 13:41:00.000000
CASE-10722,DP1018,A2002,2026-10-01,2026-10-01 23:55:45.907711,Payment Issue,Adjustment request,HIGH,15,2026-10-02 00:00:45.907711,,,Pending,Technical Fix,True,L2,False,Resolved,100.0,PASS,True,16.8,Low,Synthetic operational record,3.2,11.8,21.6,WITHIN SLA,True,High Priority Unresolved + Repeated Issue,2026-10-01 23:55:45.907711
CASE-10723,DP1080,A2014,2026-09-18,2026-09-18 15:05:00.000000,Delivery Delay,Late arrival,LOW,60,2026-09-18 15:11:00.000000,2026-09-18 15:45:36,40.6,Closed,Route Support,False,L1,False,Resolved,95.2,PASS,True,10.6,Medium,Synthetic operational record,40.6,19.4,67.7,WITHIN SLA,False,,
CASE-10724,DP1051,A2018,2026-09-03,2026-09-03 14:26:00.000000,Delivery Delay,Missed handoff,MEDIUM,30,2026-09-03 14:29:00.000000,2026-09-03 14:43:18,17.3,Resolved,Guidance Provided,False,L1,False,Resolved,93.8,REVIEW,True,45.3,Medium,Synthetic operational record,17.3,12.7,57.7,WITHIN SLA,False,,
CASE-10725,DP1013,A2003,2026-10-01,2026-10-01 23:00:26.514959,Payment Issue,Rate question,LOW,60,2026-10-01 23:01:26.514959,,,New,Technical Fix,False,L1,False,Resolved,97.5,PASS,True,22.6,Low,Synthetic operational record,58.6,1.4,97.6,AT RISK,False,,
CASE-10726,DP1100,A2015,2026-09-21,2026-09-21 08:02:00.000000,Delivery Assignment Issue,Duplicate assignment,LOW,60,2026-09-21 08:09:00.000000,2026-09-21 08:28:24,26.4,Resolved,Guidance Provided,False,L1,False,Resolved,91.1,REVIEW,True,2.0,Low,Synthetic operational record,26.4,33.6,44.0,WITHIN SLA,False,,
CASE-10727,DP1027,A2011,2026-09-02,2026-09-02 12:27:00.000000,Delivery Assignment Issue,Assignment timeout,MEDIUM,30,2026-09-02 12:32:00.000000,2026-09-02 12:38:12,11.2,Closed,Route Support,False,L1,False,Resolved,94.7,REVIEW,True,25.9,Low,Synthetic operational record,11.2,18.8,37.3,WITHIN SLA,False,,
CASE-10728,DP1001,A2017,2026-09-30,2026-09-30 08:03:00.000000,Payment Issue,Adjustment request,LOW,60,2026-09-30 08:07:00.000000,2026-09-30 08:30:00,27.0,Closed,Guidance Provided,False,L1,False,Resolved,93.1,REVIEW,True,36.5,Low,Synthetic operational record,27.0,33.0,45.0,WITHIN SLA,False,,
CASE-10729,DP1093,A2003,2026-10-01,2026-10-01 23:22:24.035219,Delivery Partner App Issue,Notification failure,MEDIUM,30,2026-10-01 23:27:24.035219,,,In Progress,Technical Fix,True,L2,False,Resolved,86.7,FAIL,True,23.9,Low,Synthetic operational record,36.6,-6.6,122.0,BREACHED,True,SLA Breach + Repeated Issue,2026-10-01 23:22:24.035219
CASE-10730,DP1002,A2020,2026-10-01,2026-10-01 23:47:51.558916,Account / Access Issue,Password reset,MEDIUM,30,2026-10-01 23:53:51.558916,,,Escalated,Payment Adjustment,True,L2,False,Resolved,94.6,REVIEW,True,11.2,Low,Synthetic operational record,11.1,18.9,37.1,WITHIN SLA,True,Repeated Issue,2026-10-01 23:47:51.558916
CASE-10731,DP1056,A2013,2026-09-16,2026-09-16 08:49:00.000000,Route / Navigation Issue,Incorrect route,LOW,60,2026-09-16 08:55:00.000000,2026-09-16 09:33:12,44.2,Resolved,Technical Fix,False,L1,False,Resolved,91.8,REVIEW,True,10.1,Medium,Synthetic operational record,44.2,15.8,73.7,WITHIN SLA,False,,
CASE-10732,DP1100,A2017,2026-10-01,2026-10-01 23:48:09.376130,Delivery Partner App Issue,Login error,MEDIUM,30,2026-10-01 23:53:09.376130,,,In Progress,Technical Fix,False,L1,False,Resolved,92.8,REVIEW,True,11.0,Low,Synthetic operational record,10.8,19.2,36.1,WITHIN SLA,False,,
CASE-10733,DP1058,A2008,2026-10-01,2026-10-01 22:59:40.971312,Route / Navigation Issue,Restricted road,LOW,60,2026-10-01 23:05:40.971312,,,Pending,Manager Review,False,L1,False,Resolved,95.8,PASS,True,40.3,Medium,Synthetic operational record,59.3,0.7,98.9,AT RISK,False,,
CASE-10734,DP1059,A2019,2026-09-18,2026-09-18 11:05:00.000000,Account / Access Issue,Permission request,MEDIUM,30,2026-09-18 11:08:00.000000,2026-09-18 11:18:54,13.9,Resolved,Route Support,False,L1,False,Resolved,100.0,PASS,True,21.1,Low,Synthetic operational record,13.9,16.1,46.3,WITHIN SLA,False,,
CASE-10735,DP1039,A2013,2026-09-21,2026-09-21 17:58:00.000000,Delivery Assignment Issue,Duplicate assignment,MEDIUM,30,2026-09-21 18:03:00.000000,2026-09-21 18:19:36,21.6,Resolved,Guidance Provided,False,L1,False,Resolved,89.8,FAIL,True,2.0,Low,Synthetic operational record,21.6,8.4,72.0,AT RISK,False,,
CASE-10736,DP1013,A2003,2026-09-29,2026-09-29 17:09:00.000000,Delivery Partner App Issue,Sync delay,MEDIUM,30,2026-09-29 17:16:00.000000,2026-09-29 17:25:12,16.2,Closed,Manager Review,False,L1,False,Resolved,92.3,REVIEW,True,26.6,Low,Synthetic operational record,16.2,13.8,54.0,WITHIN SLA,False,,
CASE-10737,DP1058,A2019,2026-09-08,2026-09-08 13:51:00.000000,Delivery Partner App Issue,Crash,MEDIUM,30,2026-09-08 13:53:00.000000,2026-09-08 14:08:36,17.6,Resolved,Payment Adjustment,False,L1,False,Resolved,90.2,REVIEW,True,23.7,Low,Synthetic operational record,17.6,12.4,58.7,WITHIN SLA,False,,
CASE-10738,DP1090,A2016,2026-10-01,2026-10-01 23:56:07.696165,Delivery Partner App Issue,Notification failure,HIGH,15,2026-10-02 00:00:07.696165,,,Pending,Guidance Provided,True,L2,False,Resolved,89.8,FAIL,True,16.6,Medium,Synthetic operational record,2.9,12.1,19.1,WITHIN SLA,False,High Priority Unresolved,2026-10-01 23:56:07.696165
CASE-10739,DP1010,A2007,2026-09-30,2026-09-30 16:40:00.000000,Verification Issue,Vehicle verification,MEDIUM,30,2026-09-30 16:45:00.000000,2026-09-30 16:55:48,15.8,Resolved,Manager Review,False,L1,False,Resolved,91.0,REVIEW,True,9.8,Low,Synthetic operational record,15.8,14.2,52.7,WITHIN SLA,False,,
CASE-10740,DP1089,A2011,2026-10-01,2026-10-01 23:48:50.610778,Other Operational Issue,Communication,MEDIUM,30,2026-10-01 23:52:50.610778,,,New,Technical Fix,False,L1,False,Resolved,93.0,REVIEW,True,9.2,Medium,Synthetic operational record,10.2,19.8,33.9,WITHIN SLA,False,,
CASE-10741,DP1042,A2008,2026-09-23,2026-09-23 15:29:00.000000,Delivery Partner App Issue,Crash,MEDIUM,30,2026-09-23 15:36:00.000000,2026-09-23 15:39:42,10.7,Resolved,Technical Fix,False,L1,False,Resolved,96.9,PASS,True,35.0,Medium,Synthetic operational record,10.7,19.3,35.7,WITHIN SLA,True,,
CASE-10742,DP1054,A2011,2026-09-12,2026-09-12 09:22:00.000000,Verification Issue,Document check,MEDIUM,30,2026-09-12 09:25:00.000000,2026-09-12 09:40:12,18.2,Closed,Guidance Provided,False,L1,False,Resolved,95.6,PASS,True,25.0,Low,Synthetic operational record,18.2,11.8,60.7,WITHIN SLA,False,,
CASE-10743,DP1017,A2020,2026-09-06,2026-09-06 14:50:00.000000,Delivery Partner App Issue,Notification failure,LOW,60,2026-09-06 14:52:00.000000,2026-09-06 16:14:24,84.4,Resolved,Manager Review,True,L2,False,Resolved,88.7,FAIL,True,27.7,Medium,Synthetic operational record,84.4,-24.4,140.7,BREACHED,False,SLA Breach,2026-09-06 14:50:00.000000
CASE-10744,DP1063,A2018,2026-10-01,2026-10-01 23:49:25.724353,Delivery Delay,Traffic delay,MEDIUM,30,2026-10-01 23:50:25.724353,,,In Progress,Technical Fix,False,L1,False,Resolved,100.0,PASS,True,24.9,High,Synthetic operational record,9.6,20.4,31.9,WITHIN SLA,False,,
CASE-10745,DP1019,A2005,2026-10-01,2026-10-01 23:22:57.790713,Verification Issue,Identity mismatch,LOW,60,2026-10-01 23:28:57.790713,,,Pending,Payment Adjustment,False,L1,False,Resolved,98.7,PASS,True,25.9,Low,Synthetic operational record,36.0,24.0,60.1,WITHIN SLA,False,,
CASE-10746,DP1028,A2020,2026-09-24,2026-09-24 10:44:00.000000,Payment Issue,Adjustment request,MEDIUM,30,2026-09-24 10:49:00.000000,2026-09-24 10:59:00,15.0,Closed,Technical Fix,False,L1,False,Resolved,89.5,FAIL,True,16.4,High,Synthetic operational record,15.0,15.0,50.0,WITHIN SLA,False,,
CASE-10747,DP1073,A2009,2026-09-29,2026-09-29 17:33:00.000000,Delivery Partner App Issue,Notification failure,LOW,60,2026-09-29 17:38:00.000000,2026-09-29 18:29:42,56.7,Closed,Manager Review,False,L1,False,Resolved,100.0,PASS,True,19.5,Low,Synthetic operational record,56.7,3.3,94.5,AT RISK,True,,
CASE-10748,DP1006,A2015,2026-09-17,2026-09-17 11:09:00.000000,Delivery Delay,Traffic delay,LOW,60,2026-09-17 11:13:00.000000,2026-09-17 11:55:06,46.1,Resolved,Route Support,False,L1,False,Resolved,95.6,PASS,True,36.0,Medium,Synthetic operational record,46.1,13.9,76.8,WITHIN SLA,False,,
CASE-10749,DP1045,A2016,2026-09-08,2026-09-08 09:48:00.000000,Other Operational Issue,Policy question,HIGH,15,2026-09-08 09:51:00.000000,2026-09-08 09:52:00,4.0,Resolved,Payment Adjustment,False,L1,False,Resolved,93.2,REVIEW,True,39.0,Low,Synthetic operational record,4.0,11.0,26.7,WITHIN SLA,False,,
CASE-10750,DP1060,A2010,2026-10-01,2026-10-01 23:57:33.984784,Delivery Assignment Issue,No assignment,HIGH,15,2026-10-02 00:04:33.984784,,,Pending,Technical Fix,True,L2,False,Resolved,95.8,PASS,True,7.3,Medium,Synthetic operational record,1.4,13.6,9.6,WITHIN SLA,True,High Priority Unresolved + Repeated Issue,2026-10-01 23:57:33.984784
CASE-10751,DP1014,A2010,2026-09-15,2026-09-15 12:47:00.000000,Delivery Assignment Issue,No assignment,HIGH,15,2026-09-15 12:52:00.000000,2026-09-15 13:17:06,30.1,Closed,Route Support,True,L2,False,Resolved,93.9,REVIEW,True,19.5,Medium,Synthetic operational record,30.1,-15.1,200.7,BREACHED,True,SLA Breach + Repeated Issue,2026-09-15 12:47:00.000000
CASE-10752,DP1030,A2010,2026-09-22,2026-09-22 16:25:00.000000,Delivery Partner App Issue,Sync delay,HIGH,15,2026-09-22 16:32:00.000000,2026-09-22 16:29:00,4.0,Closed,Payment Adjustment,False,Manager,False,Resolved,96.7,PASS,True,32.1,High,Synthetic operational record,4.0,11.0,26.7,WITHIN SLA,False,,
CASE-10753,DP1035,A2018,2026-09-18,2026-09-18 15:34:00.000000,Delivery Delay,Missed handoff,MEDIUM,30,2026-09-18 15:40:00.000000,2026-09-18 16:08:30,34.5,Closed,Manager Review,True,L2,False,Resolved,94.9,REVIEW,True,44.6,High,Synthetic operational record,34.5,-4.5,115.0,BREACHED,False,High Impact + SLA Risk,2026-09-18 15:34:00.000000
CASE-10754,DP1067,A2008,2026-09-19,2026-09-19 12:22:00.000000,Delivery Delay,Weather delay,LOW,60,2026-09-19 12:28:00.000000,2026-09-19 13:15:18,53.3,Resolved,Route Support,False,L1,False,Resolved,92.3,REVIEW,True,43.4,Low,Synthetic operational record,53.3,6.7,88.8,AT RISK,False,,
CASE-10755,DP1098,A2006,2026-10-01,2026-10-01 23:53:20.471532,Verification Issue,Vehicle verification,LOW,60,2026-10-01 23:57:20.471532,,,In Progress,Guidance Provided,True,L2,False,Resolved,83.9,FAIL,True,12.5,Medium,Synthetic operational record,5.7,54.3,9.4,WITHIN SLA,True,Repeated Issue,2026-10-01 23:53:20.471532
CASE-10756,DP1084,A2008,2026-09-14,2026-09-14 08:27:00.000000,Verification Issue,Delivery proof,MEDIUM,30,2026-09-14 08:29:00.000000,2026-09-14 08:41:06,14.1,Resolved,Manager Review,False,L1,False,Resolved,96.6,PASS,True,37.3,Low,Synthetic operational record,14.1,15.9,47.0,WITHIN SLA,False,,
CASE-10757,DP1019,A2004,2026-10-01,2026-10-01 22:31:15.140305,Account / Access Issue,Account locked,LOW,60,2026-10-01 22:36:15.140305,,,In Progress,Guidance Provided,True,L2,False,Resolved,92.1,REVIEW,True,22.7,Low,Synthetic operational record,87.7,-27.7,146.2,BREACHED,False,SLA Breach,2026-10-01 22:31:15.140305
CASE-10758,DP1002,A2008,2026-10-01,2026-10-01 23:57:57.875294,Verification Issue,Identity mismatch,HIGH,15,2026-10-02 00:03:57.875294,,,New,Technical Fix,True,L2,False,Resolved,97.9,PASS,True,34.5,Low,Synthetic operational record,1.0,14.0,6.9,WITHIN SLA,False,High Priority Unresolved,2026-10-01 23:57:57.875294
CASE-10759,DP1006,A2003,2026-10-01,2026-10-01 15:17:00.000000,Delivery Assignment Issue,Duplicate assignment,LOW,60,2026-10-01 15:21:00.000000,2026-10-01 15:43:48,26.8,Resolved,Payment Adjustment,True,L2,False,Failed,96.4,PASS,False,31.5,High,Synthetic operational record,26.8,33.2,44.7,WITHIN SLA,True,SOP Resolution Failed,2026-10-01 15:17:00.000000
CASE-10760,DP1060,A2002,2026-10-01,2026-10-01 23:25:11.576313,Delivery Delay,Traffic delay,LOW,60,2026-10-01 23:26:11.576313,,,Pending,Technical Fix,False,L1,False,Resolved,92.3,REVIEW,True,6.8,Medium,Synthetic operational record,33.8,26.2,56.3,WITHIN SLA,False,,
CASE-10761,DP1016,A2015,2026-09-23,2026-09-23 13:56:00.000000,Delivery Assignment Issue,Wrong zone,LOW,60,2026-09-23 14:03:00.000000,2026-09-23 14:34:48,38.8,Closed,Manager Review,False,L1,False,Resolved,99.1,PASS,True,28.6,Low,Synthetic operational record,38.8,21.2,64.7,WITHIN SLA,False,,
CASE-10762,DP1024,A2002,2026-09-15,2026-09-15 12:21:00.000000,Payment Issue,Payment timing,LOW,60,2026-09-15 12:27:00.000000,2026-09-15 13:02:12,41.2,Closed,Manager Review,True,L2,False,Failed,95.0,PASS,False,34.1,High,Synthetic operational record,41.2,18.8,68.7,WITHIN SLA,False,SOP Resolution Failed,2026-09-15 12:21:00.000000
CASE-10763,DP1085,A2012,2026-09-14,2026-09-14 13:47:00.000000,Other Operational Issue,Communication,LOW,60,2026-09-14 13:50:00.000000,2026-09-14 14:41:06,54.1,Closed,Guidance Provided,False,L1,False,Resolved,94.8,REVIEW,True,21.8,Medium,Synthetic operational record,54.1,5.9,90.2,AT RISK,False,,
CASE-10764,DP1088,A2016,2026-10-01,2026-10-01 23:57:43.285014,Route / Navigation Issue,Map pin error,MEDIUM,30,2026-10-02 00:01:43.285014,,,Escalated,Technical Fix,True,L2,False,Failed,93.3,REVIEW,False,19.0,Low,Synthetic operational record,1.3,28.7,4.3,WITHIN SLA,True,Repeated Issue + SOP Resolution Failed,2026-10-01 23:57:43.285014
CASE-10765,DP1084,A2015,2026-10-01,2026-10-01 23:46:13.868356,Other Operational Issue,Other,LOW,60,2026-10-01 23:47:13.868356,,,Escalated,Technical Fix,False,L1,False,Resolved,100.0,PASS,True,3.1,Low,Synthetic operational record,12.8,47.2,21.3,WITHIN SLA,False,,
CASE-10766,DP1026,A2009,2026-10-01,2026-10-01 23:55:54.228740,Payment Issue,Adjustment request,MEDIUM,30,2026-10-02 00:02:54.228740,,,New,Route Support,False,L1,False,Resolved,90.4,REVIEW,True,30.2,Medium,Synthetic operational record,3.1,26.9,10.3,WITHIN SLA,False,,
CASE-10767,DP1062,A2004,2026-10-01,2026-10-01 23:48:44.021440,Delivery Delay,Weather delay,HIGH,15,2026-10-01 23:50:44.021440,,,Pending,Payment Adjustment,True,L2,False,Resolved,92.4,REVIEW,True,24.5,Medium,Synthetic operational record,10.3,4.7,68.4,AT RISK,True,High Priority Unresolved + Repeated Issue,2026-10-01 23:48:44.021440
CASE-10768,DP1062,A2019,2026-10-01,2026-10-01 23:48:28.596771,Delivery Delay,Traffic delay,MEDIUM,30,2026-10-01 23:51:28.596771,,,In Progress,Route Support,True,L2,False,Resolved,87.8,FAIL,True,10.9,Low,Synthetic operational record,10.5,19.5,35.1,WITHIN SLA,True,Repeated Issue,2026-10-01 23:48:28.596771
CASE-10769,DP1019,A2017,2026-10-01,2026-10-01 23:43:52.588664,Delivery Partner App Issue,Notification failure,MEDIUM,30,2026-10-01 23:46:52.588664,,,New,Guidance Provided,False,L1,False,Resolved,97.6,PASS,True,18.1,Low,Synthetic operational record,15.1,14.9,50.4,WITHIN SLA,False,,
CASE-10770,DP1056,A2013,2026-10-01,2026-10-01 23:24:12.633314,Delivery Assignment Issue,Wrong zone,MEDIUM,30,2026-10-01 23:26:12.633314,,,In Progress,Payment Adjustment,True,L2,False,Resolved,91.1,REVIEW,True,23.9,Low,Synthetic operational record,34.8,-4.8,116.0,BREACHED,False,SLA Breach,2026-10-01 23:24:12.633314
CASE-10771,DP1053,A2002,2026-09-23,2026-09-23 13:00:00.000000,Delivery Delay,Missed handoff,LOW,60,2026-09-23 13:05:00.000000,2026-09-23 13:34:54,34.9,Closed,Technical Fix,False,L1,False,Resolved,91.6,REVIEW,True,15.3,Low,Synthetic operational record,34.9,25.1,58.2,WITHIN SLA,False,,
CASE-10772,DP1040,A2001,2026-10-01,2026-10-01 22:37:33.653327,Delivery Partner App Issue,Sync delay,LOW,60,2026-10-01 22:44:33.653327,,,Escalated,Technical Fix,True,L2,False,Resolved,91.4,REVIEW,True,22.0,Low,Synthetic operational record,81.4,-21.4,135.7,BREACHED,True,SLA Breach + Repeated Issue,2026-10-01 22:37:33.653327
CASE-10773,DP1076,A2007,2026-09-29,2026-09-29 13:31:00.000000,Other Operational Issue,Equipment,HIGH,15,2026-09-29 13:37:00.000000,2026-09-29 13:35:00,4.0,Closed,Route Support,False,L1,False,Resolved,94.3,REVIEW,True,2.0,Low,Synthetic operational record,4.0,11.0,26.7,WITHIN SLA,False,,
CASE-10774,DP1068,A2004,2026-09-12,2026-09-12 15:08:00.000000,Delivery Partner App Issue,Sync delay,MEDIUM,30,2026-09-12 15:12:00.000000,2026-09-12 15:20:00,12.0,Closed,Guidance Provided,False,L1,False,Resolved,87.7,FAIL,True,38.2,Low,Synthetic operational record,12.0,18.0,40.0,WITHIN SLA,False,,
CASE-10775,DP1054,A2018,2026-09-15,2026-09-15 10:44:00.000000,Delivery Assignment Issue,Assignment timeout,LOW,60,2026-09-15 10:45:00.000000,2026-09-15 11:32:18,48.3,Closed,Guidance Provided,False,L1,False,Resolved,82.8,FAIL,True,22.2,Medium,Synthetic operational record,48.3,11.7,80.5,WITHIN SLA,False,,
CASE-10776,DP1073,A2005,2026-10-01,2026-10-01 23:35:15.419462,Verification Issue,Identity mismatch,MEDIUM,30,2026-10-01 23:42:15.419462,,,In Progress,Payment Adjustment,True,L2,False,Failed,96.3,PASS,False,8.8,Low,Synthetic operational record,23.7,6.3,79.1,AT RISK,False,SOP Resolution Failed,2026-10-01 23:35:15.419462
CASE-10777,DP1077,A2006,2026-09-13,2026-09-13 15:02:00.000000,Delivery Partner App Issue,Crash,HIGH,15,2026-09-13 15:04:00.000000,2026-09-13 15:06:00,4.0,Closed,Route Support,False,L1,False,Resolved,83.4,FAIL,True,2.0,Low,Synthetic operational record,4.0,11.0,26.7,WITHIN SLA,False,,
CASE-10778,DP1057,A2020,2026-10-01,2026-10-01 12:06:00.000000,Account / Access Issue,Profile update,MEDIUM,30,2026-10-01 12:13:00.000000,2026-10-01 12:22:12,16.2,Closed,Payment Adjustment,False,L1,False,Resolved,98.3,PASS,True,34.3,Low,Synthetic operational record,16.2,13.8,54.0,WITHIN SLA,False,,
CASE-10779,DP1027,A2017,2026-09-10,2026-09-10 12:01:00.000000,Verification Issue,Document check,MEDIUM,30,2026-09-10 12:04:00.000000,2026-09-10 12:15:18,14.3,Closed,Guidance Provided,False,L1,False,Resolved,100.0,PASS,True,28.7,High,Synthetic operational record,14.3,15.7,47.7,WITHIN SLA,False,,
CASE-10780,DP1076,A2005,2026-10-01,2026-10-01 23:58:58.646524,Delivery Partner App Issue,Login error,HIGH,15,2026-10-02 00:02:58.646524,,,In Progress,Route Support,True,L2,False,Resolved,93.2,REVIEW,True,24.5,Low,Synthetic operational record,0.0,15.0,0.2,WITHIN SLA,True,High Priority Unresolved + Repeated Issue,2026-10-01 23:58:58.646524
CASE-10781,DP1072,A2008,2026-10-01,2026-10-01 23:10:24.679852,Route / Navigation Issue,Incorrect route,MEDIUM,30,2026-10-01 23:14:24.679852,,,In Progress,Technical Fix,True,L2,False,Resolved,100.0,PASS,True,32.4,Low,Synthetic operational record,48.6,-18.6,162.0,BREACHED,False,SLA Breach,2026-10-01 23:10:24.679852
CASE-10782,DP1099,A2011,2026-09-27,2026-09-27 15:52:00.000000,Route / Navigation Issue,GPS drift,MEDIUM,30,2026-09-27 15:56:00.000000,2026-09-27 16:12:36,20.6,Closed,Route Support,True,L2,False,Failed,93.9,REVIEW,False,32.3,Low,Synthetic operational record,20.6,9.4,68.7,AT RISK,False,SOP Resolution Failed,2026-09-27 15:52:00.000000
CASE-10783,DP1015,A2014,2026-10-01,2026-10-01 23:32:21.319664,Verification Issue,Delivery proof,LOW,60,2026-10-01 23:34:21.319664,,,In Progress,Technical Fix,False,L1,False,Resolved,100.0,PASS,True,24.3,Medium,Synthetic operational record,26.6,33.4,44.4,WITHIN SLA,False,,
CASE-10784,DP1042,A2019,2026-09-07,2026-09-07 13:56:00.000000,Account / Access Issue,Profile update,LOW,60,2026-09-07 14:00:00.000000,2026-09-07 14:32:18,36.3,Resolved,Manager Review,False,L1,False,Resolved,91.7,REVIEW,True,18.9,Low,Synthetic operational record,36.3,23.7,60.5,WITHIN SLA,False,,
CASE-10785,DP1093,A2018,2026-09-04,2026-09-04 10:59:00.000000,Route / Navigation Issue,GPS drift,HIGH,15,2026-09-04 11:02:00.000000,2026-09-04 11:13:48,14.8,Resolved,Technical Fix,True,L2,False,Failed,82.2,FAIL,False,17.0,Low,Synthetic operational record,14.8,0.2,98.7,AT RISK,True,SOP Resolution Failed,2026-09-04 10:59:00.000000
CASE-10786,DP1052,A2020,2026-10-01,2026-10-01 23:55:42.037911,Delivery Delay,Weather delay,MEDIUM,30,2026-10-02 00:01:42.037911,,,In Progress,Manager Review,True,L2,False,Resolved,93.6,REVIEW,True,27.1,Medium,Synthetic operational record,3.3,26.7,11.0,WITHIN SLA,True,Repeated Issue,2026-10-01 23:55:42.037911
CASE-10787,DP1095,A2001,2026-10-01,2026-10-01 23:49:13.741628,Payment Issue,Missing payout,MEDIUM,30,2026-10-01 23:53:13.741628,,,New,Technical Fix,True,L2,False,Resolved,100.0,PASS,True,38.8,Medium,Synthetic operational record,9.8,20.2,32.6,WITHIN SLA,True,Repeated Issue,2026-10-01 23:49:13.741628
CASE-10788,DP1002,A2005,2026-09-07,2026-09-07 11:19:00.000000,Route / Navigation Issue,Map pin error,MEDIUM,30,2026-09-07 11:26:00.000000,2026-09-07 11:44:00,25.0,Closed,Route Support,False,L1,False,Resolved,96.7,PASS,True,20.8,Low,Synthetic operational record,25.0,5.0,83.3,AT RISK,False,,
CASE-10789,DP1004,A2012,2026-09-22,2026-09-22 16:15:00.000000,Other Operational Issue,Policy question,LOW,60,2026-09-22 16:18:00.000000,2026-09-22 16:52:30,37.5,Closed,Payment Adjustment,False,L1,False,Resolved,91.4,REVIEW,True,39.7,Low,Synthetic operational record,37.5,22.5,62.5,WITHIN SLA,False,,
CASE-10790,DP1080,A2001,2026-09-28,2026-09-28 08:44:00.000000,Delivery Delay,Weather delay,MEDIUM,30,2026-09-28 08:47:00.000000,2026-09-28 09:13:18,29.3,Closed,Guidance Provided,True,L2,True,Resolved,95.6,PASS,True,26.5,High,Synthetic operational record,29.3,0.7,97.7,AT RISK,True,Manager Intervention Required,2026-09-28 08:44:00.000000
CASE-10791,DP1036,A2008,2026-09-14,2026-09-14 08:06:00.000000,Route / Navigation Issue,Incorrect route,LOW,60,2026-09-14 08:07:00.000000,2026-09-14 08:57:54,51.9,Resolved,Guidance Provided,False,L1,False,Resolved,98.9,PASS,True,26.6,High,Synthetic operational record,51.9,8.1,86.5,AT RISK,False,,
CASE-10792,DP1053,A2004,2026-10-01,2026-10-01 23:32:24.754386,Payment Issue,Payment timing,MEDIUM,30,2026-10-01 23:38:24.754386,,,In Progress,Payment Adjustment,True,L2,False,Resolved,93.6,REVIEW,True,50.9,Medium,Synthetic operational record,26.6,3.4,88.6,AT RISK,True,Repeated Issue,2026-10-01 23:32:24.754386
CASE-10793,DP1043,A2019,2026-09-26,2026-09-26 09:33:00.000000,Verification Issue,Identity mismatch,MEDIUM,30,2026-09-26 09:34:00.000000,2026-09-26 10:01:48,28.8,Resolved,Guidance Provided,False,L1,False,Resolved,100.0,PASS,True,41.8,Medium,Synthetic operational record,28.8,1.2,96.0,AT RISK,False,,
CASE-10794,DP1041,A2002,2026-09-02,2026-09-02 16:47:00.000000,Other Operational Issue,Policy question,LOW,60,2026-09-02 16:49:00.000000,2026-09-02 17:27:12,40.2,Resolved,Route Support,False,L1,False,Resolved,91.4,REVIEW,True,42.1,Medium,Synthetic operational record,40.2,19.8,67.0,WITHIN SLA,False,,
CASE-10795,DP1094,A2003,2026-10-01,2026-10-01 23:19:03.118829,Delivery Partner App Issue,Notification failure,LOW,60,2026-10-01 23:26:03.118829,,,New,Guidance Provided,True,L2,False,Resolved,99.0,PASS,True,12.4,High,Synthetic operational record,39.9,20.1,66.6,WITHIN SLA,True,High Impact + Repeated Issue,2026-10-01 23:19:03.118829
CASE-10796,DP1010,A2004,2026-10-01,2026-10-01 23:45:52.389052,Delivery Assignment Issue,Wrong zone,MEDIUM,30,2026-10-01 23:50:52.389052,,,Escalated,Payment Adjustment,True,L2,False,Resolved,97.8,PASS,True,48.3,Low,Synthetic operational record,13.1,16.9,43.8,WITHIN SLA,True,Repeated Issue,2026-10-01 23:45:52.389052
CASE-10797,DP1078,A2003,2026-09-22,2026-09-22 12:17:00.000000,Delivery Delay,Missed handoff,LOW,60,2026-09-22 12:21:00.000000,2026-09-22 12:55:48,38.8,Closed,Technical Fix,False,L1,False,Resolved,90.5,REVIEW,True,21.0,High,Synthetic operational record,38.8,21.2,64.7,WITHIN SLA,True,,
CASE-10798,DP1089,A2012,2026-09-10,2026-09-10 11:56:00.000000,Delivery Delay,Traffic delay,LOW,60,2026-09-10 12:02:00.000000,2026-09-10 12:19:30,23.5,Resolved,Guidance Provided,False,L1,False,Resolved,91.9,REVIEW,True,19.3,Medium,Synthetic operational record,23.5,36.5,39.2,WITHIN SLA,True,,
CASE-10799,DP1066,A2008,2026-09-02,2026-09-02 11:00:00.000000,Delivery Delay,Missed handoff,MEDIUM,30,2026-09-02 11:06:00.000000,2026-09-02 11:29:24,29.4,Resolved,Technical Fix,False,L1,False,Resolved,99.1,PASS,True,2.0,Medium,Synthetic operational record,29.4,0.6,98.0,AT RISK,False,,
CASE-10800,DP1040,A2019,2026-09-19,2026-09-19 09:22:00.000000,Delivery Partner App Issue,Notification failure,MEDIUM,30,2026-09-19 09:29:00.000000,2026-09-19 10:02:42,40.7,Resolved,Payment Adjustment,True,L2,False,Resolved,94.7,REVIEW,True,25.9,Low,Synthetic operational record,40.7,-10.7,135.7,BREACHED,False,SLA Breach,2026-09-19 09:22:00.000000
CASE-10801,DP1017,A2006,2026-10-01,2026-10-01 23:36:14.901870,Payment Issue,Payment timing,MEDIUM,30,2026-10-01 23:41:14.901870,,,In Progress,Technical Fix,False,L1,False,Resolved,95.7,PASS,True,9.0,Low,Synthetic operational record,22.8,7.2,75.8,AT RISK,False,,
CASE-10802,DP1069,A2011,2026-09-14,2026-09-14 09:21:00.000000,Delivery Delay,Traffic delay,LOW,60,2026-09-14 09:25:00.000000,2026-09-14 09:49:48,28.8,Resolved,Technical Fix,False,L1,False,Resolved,85.8,FAIL,True,26.9,Medium,Synthetic operational record,28.8,31.2,48.0,WITHIN SLA,False,,
CASE-10803,DP1047,A2014,2026-09-24,2026-09-24 15:45:00.000000,Delivery Delay,Traffic delay,HIGH,15,2026-09-24 15:46:00.000000,2026-09-24 15:56:36,11.6,Resolved,Technical Fix,False,L1,False,Resolved,97.3,PASS,True,8.1,Medium,Synthetic operational record,11.6,3.4,77.3,AT RISK,False,,
CASE-10804,DP1015,A2013,2026-09-03,2026-09-03 10:01:00.000000,Route / Navigation Issue,Incorrect route,LOW,60,2026-09-03 10:04:00.000000,2026-09-03 11:11:54,70.9,Resolved,Technical Fix,True,L2,False,Resolved,95.4,PASS,True,43.6,Low,Synthetic operational record,70.9,-10.9,118.2,BREACHED,False,SLA Breach,2026-09-03 10:01:00.000000
CASE-10805,DP1036,A2016,2026-09-13,2026-09-13 15:18:00.000000,Verification Issue,Vehicle verification,LOW,60,2026-09-13 15:23:00.000000,2026-09-13 16:01:06,43.1,Resolved,Payment Adjustment,False,L1,False,Resolved,93.7,REVIEW,True,28.6,Medium,Synthetic operational record,43.1,16.9,71.8,WITHIN SLA,False,,
CASE-10806,DP1097,A2005,2026-09-04,2026-09-04 16:03:00.000000,Route / Navigation Issue,Map pin error,LOW,60,2026-09-04 16:05:00.000000,2026-09-04 16:51:00,48.0,Closed,Manager Review,False,L1,False,Resolved,95.8,PASS,True,49.4,Low,Synthetic operational record,48.0,12.0,80.0,WITHIN SLA,False,,
CASE-10807,DP1027,A2011,2026-10-01,2026-10-01 23:48:31.273722,Verification Issue,Delivery proof,LOW,60,2026-10-01 23:53:31.273722,,,In Progress,Payment Adjustment,False,L1,False,Resolved,92.0,REVIEW,True,9.7,Low,Synthetic operational record,10.5,49.5,17.5,WITHIN SLA,False,,
CASE-10808,DP1018,A2017,2026-10-01,2026-10-01 23:33:20.080359,Route / Navigation Issue,Map pin error,LOW,60,2026-10-01 23:34:20.080359,,,New,Payment Adjustment,False,L1,False,Resolved,91.0,REVIEW,True,40.6,Medium,Synthetic operational record,25.7,34.3,42.8,WITHIN SLA,False,,
CASE-10809,DP1069,A2018,2026-10-01,2026-10-01 23:26:41.699567,Delivery Delay,Missed handoff,LOW,60,2026-10-01 23:27:41.699567,,,New,Route Support,True,L2,False,Resolved,92.8,REVIEW,True,2.0,Medium,Synthetic operational record,32.3,27.7,53.8,WITHIN SLA,True,Repeated Issue,2026-10-01 23:26:41.699567
CASE-10810,DP1020,A2013,2026-10-01,2026-10-01 23:57:40.944457,Route / Navigation Issue,GPS drift,LOW,60,2026-10-02 00:00:40.944457,,,In Progress,Payment Adjustment,True,L2,False,Resolved,91.7,REVIEW,True,24.5,Low,Synthetic operational record,1.3,58.7,2.2,WITHIN SLA,True,Repeated Issue,2026-10-01 23:57:40.944457
CASE-10811,DP1092,A2014,2026-09-22,2026-09-22 14:18:00.000000,Delivery Partner App Issue,Sync delay,MEDIUM,30,2026-09-22 14:20:00.000000,2026-09-22 14:28:36,10.6,Resolved,Manager Review,False,L1,False,Resolved,100.0,PASS,True,14.4,Low,Synthetic operational record,10.6,19.4,35.3,WITHIN SLA,False,,
CASE-10812,DP1086,A2018,2026-09-20,2026-09-20 08:13:00.000000,Delivery Assignment Issue,Assignment timeout,HIGH,15,2026-09-20 08:20:00.000000,2026-09-20 08:17:00,4.0,Closed,Payment Adjustment,False,L1,False,Resolved,98.6,PASS,True,16.6,Low,Synthetic operational record,4.0,11.0,26.7,WITHIN SLA,False,,
CASE-10813,DP1099,A2013,2026-09-18,2026-09-18 10:47:00.000000,Delivery Delay,Weather delay,LOW,60,2026-09-18 10:50:00.000000,2026-09-18 11:29:24,42.4,Closed,Technical Fix,False,L1,False,Resolved,89.2,FAIL,True,15.8,Medium,Synthetic operational record,42.4,17.6,70.7,WITHIN SLA,False,,
CASE-10814,DP1092,A2019,2026-10-01,2026-10-01 23:49:35.932412,Account / Access Issue,Password reset,LOW,60,2026-10-01 23:52:35.932412,,,Pending,Payment Adjustment,True,L2,False,Resolved,100.0,PASS,True,11.0,High,Synthetic operational record,9.4,50.6,15.7,WITHIN SLA,True,High Impact + Repeated Issue,2026-10-01 23:49:35.932412
CASE-10815,DP1025,A2003,2026-09-05,2026-09-05 16:51:00.000000,Route / Navigation Issue,Incorrect route,HIGH,15,2026-09-05 16:54:00.000000,2026-09-05 17:00:12,9.2,Resolved,Route Support,False,L1,False,Resolved,91.8,REVIEW,True,6.9,Medium,Synthetic operational record,9.2,5.8,61.3,AT RISK,False,,
CASE-10816,DP1022,A2007,2026-10-01,2026-10-01 23:34:12.786437,Delivery Partner App Issue,Sync delay,HIGH,15,2026-10-01 23:37:12.786437,,,In Progress,Technical Fix,True,L2,False,Resolved,94.1,REVIEW,True,16.7,Medium,Synthetic operational record,24.8,-9.8,165.2,BREACHED,False,SLA Breach + High Priority Unresolved,2026-10-01 23:34:12.786437
CASE-10817,DP1035,A2003,2026-09-30,2026-09-30 15:45:00.000000,Delivery Delay,Missed handoff,MEDIUM,30,2026-09-30 15:52:00.000000,2026-09-30 16:14:24,29.4,Resolved,Technical Fix,False,L1,False,Resolved,98.5,PASS,True,23.4,Low,Synthetic operational record,29.4,0.6,98.0,AT RISK,False,,
CASE-10818,DP1047,A2002,2026-09-27,2026-09-27 14:37:00.000000,Delivery Assignment Issue,Assignment timeout,LOW,60,2026-09-27 14:43:00.000000,2026-09-27 15:19:24,42.4,Resolved,Payment Adjustment,False,L1,False,Resolved,84.2,FAIL,True,36.0,Low,Synthetic operational record,42.4,17.6,70.7,WITHIN SLA,False,,
CASE-10819,DP1088,A2010,2026-09-29,2026-09-29 09:09:00.000000,Verification Issue,Vehicle verification,MEDIUM,30,2026-09-29 09:11:00.000000,2026-09-29 09:22:12,13.2,Closed,Manager Review,False,L1,False,Resolved,92.8,REVIEW,True,25.5,Medium,Synthetic operational record,13.2,16.8,44.0,WITHIN SLA,False,,
CASE-10820,DP1074,A2005,2026-09-19,2026-09-19 10:56:00.000000,Account / Access Issue,Permission request,LOW,60,2026-09-19 10:58:00.000000,2026-09-19 11:41:12,45.2,Resolved,Technical Fix,True,L2,False,Failed,91.1,REVIEW,False,36.0,Low,Synthetic operational record,45.2,14.8,75.3,WITHIN SLA,False,SOP Resolution Failed,2026-09-19 10:56:00.000000
CASE-10821,DP1065,A2009,2026-10-01,2026-10-01 23:49:21.496719,Delivery Delay,Weather delay,LOW,60,2026-10-01 23:50:21.496719,,,In Progress,Payment Adjustment,True,L2,False,Failed,95.0,PASS,False,4.3,Low,Synthetic operational record,9.6,50.4,16.1,WITHIN SLA,False,SOP Resolution Failed,2026-10-01 23:49:21.496719
CASE-10822,DP1088,A2009,2026-09-08,2026-09-08 12:25:00.000000,Delivery Delay,Traffic delay,MEDIUM,30,2026-09-08 12:27:00.000000,2026-09-08 12:39:12,14.2,Resolved,Route Support,False,L1,False,Resolved,95.9,PASS,True,16.8,Low,Synthetic operational record,14.2,15.8,47.3,WITHIN SLA,False,,
CASE-10823,DP1065,A2013,2026-10-01,2026-10-01 23:47:29.332259,Payment Issue,Payment timing,MEDIUM,30,2026-10-01 23:52:29.332259,,,In Progress,Route Support,False,L1,False,Resolved,93.6,REVIEW,True,30.5,Medium,Synthetic operational record,11.5,18.5,38.4,WITHIN SLA,False,,
CASE-10824,DP1038,A2019,2026-09-12,2026-09-12 12:20:00.000000,Delivery Delay,Weather delay,MEDIUM,30,2026-09-12 12:27:00.000000,2026-09-12 12:31:24,11.4,Closed,Guidance Provided,False,L1,False,Resolved,93.4,REVIEW,True,26.1,Low,Synthetic operational record,11.4,18.6,38.0,WITHIN SLA,False,,
CASE-10825,DP1042,A2017,2026-10-01,2026-10-01 23:35:21.254251,Account / Access Issue,Profile update,MEDIUM,30,2026-10-01 23:39:21.254251,,,New,Technical Fix,True,L2,False,Failed,99.3,PASS,False,11.7,Low,Synthetic operational record,23.6,6.4,78.8,AT RISK,True,Repeated Issue + SOP Resolution Failed,2026-10-01 23:35:21.254251
CASE-10826,DP1052,A2008,2026-10-01,2026-10-01 23:35:22.743899,Verification Issue,Delivery proof,LOW,60,2026-10-01 23:36:22.743899,,,New,Manager Review,False,L1,False,Resolved,95.5,PASS,True,33.2,Medium,Synthetic operational record,23.6,36.4,39.4,WITHIN SLA,False,,
CASE-10827,DP1009,A2007,2026-10-01,2026-10-01 23:03:18.574934,Delivery Delay,Late arrival,LOW,60,2026-10-01 23:04:18.574934,,,In Progress,Manager Review,False,L1,False,Resolved,94.2,REVIEW,True,15.6,Low,Synthetic operational record,55.7,4.3,92.8,AT RISK,False,,
CASE-10828,DP1075,A2016,2026-09-23,2026-09-23 13:11:00.000000,Payment Issue,Payment timing,MEDIUM,30,2026-09-23 13:14:00.000000,2026-09-23 13:40:24,29.4,Closed,Route Support,False,L1,False,Resolved,94.7,REVIEW,True,12.7,Low,Synthetic operational record,29.4,0.6,98.0,AT RISK,False,,
CASE-10829,DP1066,A2003,2026-09-10,2026-09-10 13:32:00.000000,Delivery Partner App Issue,Crash,HIGH,15,2026-09-10 13:34:00.000000,2026-09-10 13:36:00,4.0,Resolved,Guidance Provided,False,L1,False,Resolved,100.0,PASS,True,27.8,Medium,Synthetic operational record,4.0,11.0,26.7,WITHIN SLA,False,,
CASE-10830,DP1074,A2011,2026-10-01,2026-10-01 23:24:31.453464,Delivery Partner App Issue,Crash,LOW,60,2026-10-01 23:29:31.453464,,,Pending,Payment Adjustment,True,L2,False,Resolved,94.9,REVIEW,True,22.1,High,Synthetic operational record,34.5,25.5,57.5,WITHIN SLA,True,High Impact + Repeated Issue,2026-10-01 23:24:31.453464
CASE-10831,DP1054,A2009,2026-09-19,2026-09-19 14:48:00.000000,Delivery Assignment Issue,No assignment,MEDIUM,30,2026-09-19 14:49:00.000000,2026-09-19 15:24:42,36.7,Resolved,Guidance Provided,True,L2,False,Resolved,91.4,REVIEW,True,15.7,Low,Synthetic operational record,36.7,-6.7,122.3,BREACHED,True,SLA Breach + Repeated Issue,2026-09-19 14:48:00.000000
CASE-10832,DP1079,A2004,2026-10-01,2026-10-01 23:04:20.735606,Payment Issue,Missing payout,LOW,60,2026-10-01 23:06:20.735606,,,New,Technical Fix,False,L1,False,Resolved,84.5,FAIL,True,15.3,Low,Synthetic operational record,54.7,5.3,91.1,AT RISK,False,,
CASE-10833,DP1095,A2013,2026-09-28,2026-09-28 11:38:00.000000,Other Operational Issue,Policy question,LOW,60,2026-09-28 11:42:00.000000,2026-09-28 12:25:42,47.7,Closed,Manager Review,False,L1,False,Resolved,86.8,FAIL,True,9.2,Low,Synthetic operational record,47.7,12.3,79.5,WITHIN SLA,False,,
CASE-10834,DP1057,A2007,2026-10-01,2026-10-01 23:02:30.371430,Delivery Delay,Missed handoff,MEDIUM,30,2026-10-01 23:04:30.371430,,,In Progress,Technical Fix,True,L2,False,Resolved,91.7,REVIEW,True,17.3,Low,Synthetic operational record,56.5,-26.5,188.3,BREACHED,False,SLA Breach,2026-10-01 23:02:30.371430
CASE-10835,DP1045,A2004,2026-10-01,2026-10-01 23:20:26.937736,Delivery Assignment Issue,Wrong zone,LOW,60,2026-10-01 23:23:26.937736,,,New,Guidance Provided,True,L2,False,Resolved,93.5,REVIEW,True,35.2,Medium,Synthetic operational record,38.6,21.4,64.3,WITHIN SLA,True,Repeated Issue,2026-10-01 23:20:26.937736
CASE-10836,DP1011,A2014,2026-09-24,2026-09-24 14:01:00.000000,Delivery Partner App Issue,Sync delay,MEDIUM,30,2026-09-24 14:03:00.000000,2026-09-24 14:51:00,50.0,Resolved,Route Support,True,L2,False,Failed,91.2,REVIEW,False,24.9,Medium,Synthetic operational record,50.0,-20.0,166.7,BREACHED,False,SLA Breach + SOP Resolution Failed,2026-09-24 14:01:00.000000
CASE-10837,DP1078,A2004,2026-10-01,2026-10-01 23:48:50.315120,Payment Issue,Adjustment request,MEDIUM,30,2026-10-01 23:49:50.315120,,,In Progress,Route Support,False,L1,False,Resolved,95.8,PASS,True,33.5,Low,Synthetic operational record,10.2,19.8,33.9,WITHIN SLA,False,,
CASE-10838,DP1091,A2014,2026-10-01,2026-10-01 23:17:10.971240,Account / Access Issue,Profile update,LOW,60,2026-10-01 23:20:10.971240,,,In Progress,Route Support,False,L1,False,Resolved,91.2,REVIEW,True,28.2,Medium,Synthetic operational record,41.8,18.2,69.7,WITHIN SLA,False,,
CASE-10839,DP1070,A2004,2026-09-05,2026-09-05 16:27:00.000000,Payment Issue,Missing payout,LOW,60,2026-09-05 16:30:00.000000,2026-09-05 17:13:42,46.7,Closed,Manager Review,False,L1,False,Resolved,89.4,FAIL,True,14.7,Low,Synthetic operational record,46.7,13.3,77.8,WITHIN SLA,False,,
CASE-10840,DP1087,A2009,2026-09-26,2026-09-26 09:05:00.000000,Verification Issue,Identity mismatch,LOW,60,2026-09-26 09:12:00.000000,2026-09-26 09:44:24,39.4,Resolved,Route Support,False,L1,False,Resolved,97.1,PASS,True,2.2,Low,Synthetic operational record,39.4,20.6,65.7,WITHIN SLA,False,,
CASE-10841,DP1087,A2017,2026-10-01,2026-10-01 23:56:50.950564,Verification Issue,Vehicle verification,HIGH,15,2026-10-02 00:03:50.950564,,,In Progress,Route Support,True,L2,False,Resolved,100.0,PASS,True,10.9,Medium,Synthetic operational record,2.2,12.8,14.3,WITHIN SLA,True,High Priority Unresolved + Repeated Issue,2026-10-01 23:56:50.950564
CASE-10842,DP1080,A2005,2026-09-27,2026-09-27 11:56:00.000000,Delivery Partner App Issue,Login error,MEDIUM,30,2026-09-27 12:00:00.000000,2026-09-27 12:22:30,26.5,Resolved,Manager Review,False,L1,False,Resolved,88.5,FAIL,True,13.9,Low,Synthetic operational record,26.5,3.5,88.3,AT RISK,False,,
CASE-10843,DP1051,A2016,2026-10-01,2026-10-01 23:50:28.934728,Route / Navigation Issue,Map pin error,MEDIUM,30,2026-10-01 23:53:28.934728,,,Escalated,Technical Fix,True,L2,False,Resolved,95.2,PASS,True,13.0,Low,Synthetic operational record,8.5,21.5,28.4,WITHIN SLA,True,Repeated Issue,2026-10-01 23:50:28.934728
CASE-10844,DP1010,A2015,2026-10-01,2026-10-01 22:37:21.578091,Other Operational Issue,Communication,LOW,60,2026-10-01 22:40:21.578091,,,New,Payment Adjustment,True,L2,False,Resolved,84.5,FAIL,True,33.8,Medium,Synthetic operational record,81.6,-21.6,136.1,BREACHED,False,SLA Breach,2026-10-01 22:37:21.578091
CASE-10845,DP1001,A2019,2026-10-01,2026-10-01 23:42:12.248798,Payment Issue,Adjustment request,MEDIUM,30,2026-10-01 23:47:12.248798,,,In Progress,Payment Adjustment,True,L2,False,Resolved,86.6,FAIL,True,33.6,Low,Synthetic operational record,16.8,13.2,56.0,WITHIN SLA,True,Repeated Issue,2026-10-01 23:42:12.248798
CASE-10846,DP1021,A2004,2026-10-01,2026-10-01 23:03:31.989473,Delivery Partner App Issue,Sync delay,LOW,60,2026-10-01 23:06:31.989473,,,Pending,Route Support,False,L1,False,Resolved,91.1,REVIEW,True,48.5,Low,Synthetic operational record,55.5,4.5,92.4,AT RISK,False,,
CASE-10847,DP1044,A2015,2026-10-01,2026-10-01 23:48:18.830235,Other Operational Issue,Other,MEDIUM,30,2026-10-01 23:54:18.830235,,,Pending,Payment Adjustment,False,L1,False,Resolved,99.7,PASS,True,12.8,Low,Synthetic operational record,10.7,19.3,35.6,WITHIN SLA,False,,
CASE-10848,DP1075,A2019,2026-09-22,2026-09-22 14:55:00.000000,Account / Access Issue,Password reset,MEDIUM,30,2026-09-22 15:02:00.000000,2026-09-22 15:08:48,13.8,Closed,Payment Adjustment,False,L1,False,Resolved,90.1,REVIEW,True,41.2,Low,Synthetic operational record,13.8,16.2,46.0,WITHIN SLA,False,,
CASE-10849,DP1046,A2016,2026-09-08,2026-09-08 12:48:00.000000,Delivery Delay,Weather delay,MEDIUM,30,2026-09-08 12:51:00.000000,2026-09-08 13:02:54,14.9,Resolved,Guidance Provided,False,L1,False,Resolved,89.9,FAIL,True,41.1,Low,Synthetic operational record,14.9,15.1,49.7,WITHIN SLA,True,,
CASE-10850,DP1003,A2004,2026-10-01,2026-10-01 23:43:18.085859,Delivery Delay,Missed handoff,LOW,60,2026-10-01 23:44:18.085859,,,New,Route Support,True,L2,False,Resolved,94.2,REVIEW,True,19.2,Low,Synthetic operational record,15.7,44.3,26.2,WITHIN SLA,True,Repeated Issue,2026-10-01 23:43:18.085859
CASE-10851,DP1022,A2017,2026-10-01,2026-10-01 13:03:00.000000,Delivery Assignment Issue,No assignment,LOW,60,2026-10-01 13:04:00.000000,2026-10-01 13:36:30,33.5,Resolved,Guidance Provided,False,L1,False,Resolved,94.2,REVIEW,True,27.7,Low,Synthetic operational record,33.5,26.5,55.8,WITHIN SLA,False,,
CASE-10852,DP1098,A2003,2026-10-01,2026-10-01 23:14:16.035533,Account / Access Issue,Profile update,LOW,60,2026-10-01 23:21:16.035533,,,Pending,Payment Adjustment,False,L1,False,Resolved,90.1,REVIEW,True,36.9,Low,Synthetic operational record,44.7,15.3,74.6,WITHIN SLA,False,,
CASE-10853,DP1099,A2012,2026-10-01,2026-10-01 23:42:39.572888,Delivery Delay,Missed handoff,MEDIUM,30,2026-10-01 23:45:39.572888,,,In Progress,Payment Adjustment,True,L2,False,Resolved,100.0,PASS,True,21.3,Medium,Synthetic operational record,16.3,13.7,54.5,WITHIN SLA,True,Repeated Issue,2026-10-01 23:42:39.572888
CASE-10854,DP1038,A2010,2026-09-23,2026-09-23 12:59:00.000000,Delivery Partner App Issue,Notification failure,HIGH,15,2026-09-23 13:02:00.000000,2026-09-23 13:08:12,9.2,Resolved,Route Support,False,L1,False,Resolved,92.7,REVIEW,True,20.4,Medium,Synthetic operational record,9.2,5.8,61.3,AT RISK,False,,
CASE-10855,DP1081,A2011,2026-10-01,2026-10-01 22:57:23.383648,Route / Navigation Issue,Map pin error,LOW,60,2026-10-01 23:02:23.383648,,,In Progress,Payment Adjustment,True,L2,False,Resolved,94.6,REVIEW,True,14.5,Medium,Synthetic operational record,61.6,-1.6,102.7,BREACHED,False,SLA Breach,2026-10-01 22:57:23.383648
CASE-10856,DP1072,A2011,2026-09-28,2026-09-28 09:47:00.000000,Other Operational Issue,Communication,MEDIUM,30,2026-09-28 09:54:00.000000,2026-09-28 09:59:54,12.9,Closed,Guidance Provided,True,L2,False,Failed,92.0,REVIEW,False,2.0,Medium,Synthetic operational record,12.9,17.1,43.0,WITHIN SLA,False,SOP Resolution Failed,2026-09-28 09:47:00.000000
CASE-10857,DP1094,A2001,2026-09-28,2026-09-28 16:47:00.000000,Account / Access Issue,Profile update,MEDIUM,30,2026-09-28 16:50:00.000000,2026-09-28 17:04:12,17.2,Closed,Payment Adjustment,False,L1,False,Resolved,96.2,PASS,True,22.8,Medium,Synthetic operational record,17.2,12.8,57.3,WITHIN SLA,False,,
CASE-10858,DP1089,A2011,2026-09-06,2026-09-06 15:06:00.000000,Delivery Assignment Issue,No assignment,LOW,60,2026-09-06 15:09:00.000000,2026-09-06 15:34:48,28.8,Resolved,Technical Fix,False,L1,False,Resolved,100.0,PASS,True,13.5,Low,Synthetic operational record,28.8,31.2,48.0,WITHIN SLA,False,,
CASE-10859,DP1063,A2019,2026-10-01,2026-10-01 13:43:00.000000,Delivery Partner App Issue,Sync delay,LOW,60,2026-10-01 13:50:00.000000,2026-10-01 14:33:12,50.2,Closed,Technical Fix,False,L1,False,Resolved,100.0,PASS,True,9.1,Low,Synthetic operational record,50.2,9.8,83.7,AT RISK,False,,
CASE-10860,DP1040,A2009,2026-09-12,2026-09-12 16:47:00.000000,Other Operational Issue,Communication,LOW,60,2026-09-12 16:48:00.000000,2026-09-12 17:31:12,44.2,Closed,Technical Fix,False,L1,False,Resolved,90.2,REVIEW,True,27.1,Low,Synthetic operational record,44.2,15.8,73.7,WITHIN SLA,False,,
CASE-10861,DP1063,A2006,2026-10-01,2026-10-01 23:45:30.756979,Other Operational Issue,Communication,MEDIUM,30,2026-10-01 23:51:30.756979,,,In Progress,Guidance Provided,False,L1,False,Resolved,99.5,PASS,True,4.6,Low,Synthetic operational record,13.5,16.5,45.0,WITHIN SLA,False,,
CASE-10862,DP1032,A2020,2026-09-09,2026-09-09 14:49:00.000000,Delivery Delay,Weather delay,MEDIUM,30,2026-09-09 14:53:00.000000,2026-09-09 15:06:06,17.1,Resolved,Manager Review,False,L1,False,Resolved,96.7,PASS,True,31.7,High,Synthetic operational record,17.1,12.9,57.0,WITHIN SLA,True,,
CASE-10863,DP1035,A2002,2026-10-01,2026-10-01 23:35:04.549890,Route / Navigation Issue,Restricted road,MEDIUM,30,2026-10-01 23:36:04.549890,,,Pending,Technical Fix,True,L2,False,Resolved,98.9,PASS,True,27.8,Low,Synthetic operational record,23.9,6.1,79.7,AT RISK,True,Repeated Issue,2026-10-01 23:35:04.549890
CASE-10864,DP1061,A2010,2026-10-01,2026-10-01 23:47:52.704830,Delivery Delay,Traffic delay,HIGH,15,2026-10-01 23:49:52.704830,,,In Progress,Payment Adjustment,True,L2,False,Resolved,93.5,REVIEW,True,17.2,Medium,Synthetic operational record,11.1,3.9,74.1,AT RISK,False,High Priority Unresolved,2026-10-01 23:47:52.704830
CASE-10865,DP1058,A2011,2026-09-08,2026-09-08 12:39:00.000000,Payment Issue,Payment timing,MEDIUM,30,2026-09-08 12:44:00.000000,2026-09-08 13:08:24,29.4,Resolved,Manager Review,False,L1,False,Resolved,93.1,REVIEW,True,21.2,Low,Synthetic operational record,29.4,0.6,98.0,AT RISK,False,,
CASE-10866,DP1059,A2010,2026-09-03,2026-09-03 11:52:00.000000,Delivery Partner App Issue,Notification failure,HIGH,15,2026-09-03 11:58:00.000000,2026-09-03 11:56:00,4.0,Resolved,Technical Fix,False,L1,False,Resolved,98.7,PASS,True,7.7,Low,Synthetic operational record,4.0,11.0,26.7,WITHIN SLA,False,,
CASE-10867,DP1039,A2019,2026-09-29,2026-09-29 17:24:00.000000,Delivery Partner App Issue,Login error,MEDIUM,30,2026-09-29 17:26:00.000000,2026-09-29 17:46:06,22.1,Closed,Manager Review,False,L1,False,Resolved,98.8,PASS,True,31.0,Low,Synthetic operational record,22.1,7.9,73.7,AT RISK,True,,
CASE-10868,DP1041,A2009,2026-09-28,2026-09-28 11:14:00.000000,Delivery Assignment Issue,Assignment timeout,HIGH,15,2026-09-28 11:19:00.000000,2026-09-28 11:41:42,27.7,Resolved,Payment Adjustment,True,L2,False,Resolved,100.0,PASS,True,24.2,Low,Synthetic operational record,27.7,-12.7,184.7,BREACHED,False,SLA Breach,2026-09-28 11:14:00.000000
CASE-10869,DP1002,A2020,2026-10-01,2026-10-01 23:46:48.804943,Account / Access Issue,Account locked,HIGH,15,2026-10-01 23:53:48.804943,,,Escalated,Manager Review,True,L2,False,Resolved,95.0,PASS,True,25.1,Low,Synthetic operational record,12.2,2.8,81.2,AT RISK,False,High Priority Unresolved,2026-10-01 23:46:48.804943
CASE-10870,DP1061,A2002,2026-09-13,2026-09-13 15:29:00.000000,Delivery Partner App Issue,Login error,MEDIUM,30,2026-09-13 15:34:00.000000,2026-09-13 16:17:30,48.5,Resolved,Payment Adjustment,True,L2,False,Resolved,93.5,REVIEW,True,28.0,Medium,Synthetic operational record,48.5,-18.5,161.7,BREACHED,False,SLA Breach,2026-09-13 15:29:00.000000
CASE-10871,DP1058,A2015,2026-10-01,2026-10-01 23:55:59.594794,Delivery Assignment Issue,Duplicate assignment,MEDIUM,30,2026-10-02 00:00:59.594794,,,In Progress,Guidance Provided,False,L1,False,Resolved,81.7,FAIL,True,14.3,Low,Synthetic operational record,3.0,27.0,10.0,WITHIN SLA,False,,
CASE-10872,DP1094,A2012,2026-09-19,2026-09-19 17:12:00.000000,Delivery Delay,Late arrival,HIGH,15,2026-09-19 17:14:00.000000,2026-09-19 17:16:00,4.0,Closed,Manager Review,False,L1,False,Resolved,85.9,FAIL,True,3.8,Medium,Synthetic operational record,4.0,11.0,26.7,WITHIN SLA,False,,
CASE-10873,DP1051,A2005,2026-10-01,2026-10-01 23:41:16.972720,Delivery Assignment Issue,Assignment timeout,MEDIUM,30,2026-10-01 23:46:16.972720,,,New,Manager Review,False,L1,False,Resolved,92.0,REVIEW,True,33.5,Medium,Synthetic operational record,17.7,12.3,59.1,WITHIN SLA,False,,
CASE-10874,DP1047,A2005,2026-10-01,2026-10-01 23:04:52.502651,Delivery Partner App Issue,Crash,MEDIUM,30,2026-10-01 23:09:52.502651,,,New,Manager Review,True,L2,False,Resolved,88.5,FAIL,True,30.3,Low,Synthetic operational record,54.1,-24.1,180.4,BREACHED,False,SLA Breach,2026-10-01 23:04:52.502651
CASE-10875,DP1007,A2015,2026-09-21,2026-09-21 09:36:00.000000,Delivery Delay,Late arrival,MEDIUM,30,2026-09-21 09:37:00.000000,2026-09-21 10:23:06,47.1,Resolved,Guidance Provided,True,L2,False,Failed,98.1,PASS,False,15.6,High,Synthetic operational record,47.1,-17.1,157.0,BREACHED,False,High Impact + SLA Risk + SOP Resolution Failed,2026-09-21 09:36:00.000000
CASE-10876,DP1020,A2013,2026-10-01,2026-10-01 23:56:42.174847,Payment Issue,Rate question,HIGH,15,2026-10-01 23:59:42.174847,,,Pending,Manager Review,True,L2,False,Resolved,87.4,FAIL,True,26.9,Low,Synthetic operational record,2.3,12.7,15.3,WITHIN SLA,False,High Priority Unresolved,2026-10-01 23:56:42.174847
CASE-10877,DP1034,A2013,2026-09-19,2026-09-19 16:47:00.000000,Route / Navigation Issue,GPS drift,MEDIUM,30,2026-09-19 16:54:00.000000,2026-09-19 16:57:42,10.7,Resolved,Technical Fix,False,L1,False,Resolved,91.5,REVIEW,True,37.1,Low,Synthetic operational record,10.7,19.3,35.7,WITHIN SLA,False,,
CASE-10878,DP1038,A2002,2026-10-01,2026-10-01 23:52:00.042311,Other Operational Issue,Policy question,MEDIUM,30,2026-10-01 23:59:00.042311,,,New,Manager Review,False,L1,False,Resolved,91.7,REVIEW,True,35.7,Low,Synthetic operational record,7.0,23.0,23.3,WITHIN SLA,False,,
CASE-10879,DP1037,A2012,2026-09-07,2026-09-07 11:24:00.000000,Delivery Partner App Issue,Login error,MEDIUM,30,2026-09-07 11:26:00.000000,2026-09-07 11:45:36,21.6,Resolved,Manager Review,False,L1,False,Resolved,100.0,PASS,True,15.2,Medium,Synthetic operational record,21.6,8.4,72.0,AT RISK,False,,
CASE-10880,DP1040,A2020,2026-10-01,2026-10-01 23:55:41.056564,Other Operational Issue,Equipment,HIGH,15,2026-10-02 00:01:41.056564,,,In Progress,Guidance Provided,True,L2,False,Resolved,91.0,REVIEW,True,4.1,Low,Synthetic operational record,3.3,11.7,22.1,WITHIN SLA,False,High Priority Unresolved,2026-10-01 23:55:41.056564
CASE-10881,DP1077,A2001,2026-10-01,2026-10-01 23:27:20.233244,Account / Access Issue,Account locked,LOW,60,2026-10-01 23:31:20.233244,,,New,Technical Fix,False,L1,False,Resolved,96.3,PASS,True,6.2,Medium,Synthetic operational record,31.7,28.3,52.8,WITHIN SLA,False,,
CASE-10882,DP1014,A2010,2026-09-11,2026-09-11 15:09:00.000000,Account / Access Issue,Password reset,MEDIUM,30,2026-09-11 15:14:00.000000,2026-09-11 15:25:18,16.3,Resolved,Technical Fix,False,L1,False,Resolved,95.0,PASS,True,18.3,Medium,Synthetic operational record,16.3,13.7,54.3,WITHIN SLA,False,,
CASE-10883,DP1034,A2010,2026-10-01,2026-10-01 23:08:04.525025,Route / Navigation Issue,Map pin error,MEDIUM,30,2026-10-01 23:12:04.525025,,,In Progress,Technical Fix,True,L2,False,Resolved,98.5,PASS,True,39.5,Low,Synthetic operational record,50.9,-20.9,169.7,BREACHED,False,SLA Breach,2026-10-01 23:08:04.525025
CASE-10884,DP1017,A2018,2026-09-17,2026-09-17 15:34:00.000000,Route / Navigation Issue,GPS drift,HIGH,15,2026-09-17 15:41:00.000000,2026-09-17 15:38:00,4.0,Resolved,Payment Adjustment,False,L1,False,Resolved,98.3,PASS,True,13.3,Medium,Synthetic operational record,4.0,11.0,26.7,WITHIN SLA,False,,
CASE-10885,DP1031,A2006,2026-10-01,2026-10-01 23:55:22.116120,Route / Navigation Issue,Incorrect route,HIGH,15,2026-10-01 23:59:22.116120,,,Pending,Payment Adjustment,True,L2,False,Resolved,93.8,REVIEW,True,14.8,Medium,Synthetic operational record,3.6,11.4,24.2,WITHIN SLA,False,High Priority Unresolved,2026-10-01 23:55:22.116120
CASE-10886,DP1069,A2010,2026-10-01,2026-10-01 23:50:19.805483,Route / Navigation Issue,Restricted road,MEDIUM,30,2026-10-01 23:55:19.805483,,,Escalated,Route Support,True,L2,False,Failed,85.5,FAIL,False,14.6,Low,Synthetic operational record,8.7,21.3,28.9,WITHIN SLA,False,SOP Resolution Failed,2026-10-01 23:50:19.805483
CASE-10887,DP1005,A2015,2026-09-10,2026-09-10 10:30:00.000000,Delivery Partner App Issue,Notification failure,MEDIUM,30,2026-09-10 10:35:00.000000,2026-09-10 10:48:30,18.5,Resolved,Route Support,False,L1,False,Resolved,92.8,REVIEW,True,15.6,Low,Synthetic operational record,18.5,11.5,61.7,WITHIN SLA,False,,
CASE-10888,DP1034,A2002,2026-09-16,2026-09-16 14:18:00.000000,Other Operational Issue,Communication,LOW,60,2026-09-16 14:22:00.000000,2026-09-16 15:27:24,69.4,Resolved,Technical Fix,True,L2,False,Resolved,93.9,REVIEW,True,21.9,Low,Synthetic operational record,69.4,-9.4,115.7,BREACHED,False,SLA Breach,2026-09-16 14:18:00.000000
CASE-10889,DP1003,A2017,2026-10-01,2026-10-01 23:45:12.573402,Delivery Delay,Missed handoff,HIGH,15,2026-10-01 23:52:12.573402,,,In Progress,Guidance Provided,True,L2,False,Resolved,95.4,PASS,True,6.6,Low,Synthetic operational record,13.8,1.2,91.9,AT RISK,True,High Priority Unresolved + Repeated Issue,2026-10-01 23:45:12.573402
CASE-10890,DP1096,A2017,2026-09-25,2026-09-25 11:38:00.000000,Verification Issue,Identity mismatch,LOW,60,2026-09-25 11:40:00.000000,2026-09-25 12:13:00,35.0,Closed,Route Support,False,L1,False,Resolved,90.3,REVIEW,True,35.0,Medium,Synthetic operational record,35.0,25.0,58.3,WITHIN SLA,False,,
CASE-10891,DP1073,A2015,2026-10-01,2026-10-01 23:48:54.293510,Payment Issue,Rate question,MEDIUM,30,2026-10-01 23:55:54.293510,,,In Progress,Guidance Provided,False,L1,False,Resolved,99.7,PASS,True,20.3,Low,Synthetic operational record,10.1,19.9,33.7,WITHIN SLA,False,,
CASE-10892,DP1025,A2013,2026-10-01,2026-10-01 23:57:37.245774,Delivery Partner App Issue,Notification failure,MEDIUM,30,2026-10-02 00:02:37.245774,,,In Progress,Guidance Provided,True,L2,False,Resolved,94.1,REVIEW,True,51.7,Low,Synthetic operational record,1.4,28.6,4.6,WITHIN SLA,True,Repeated Issue,2026-10-01 23:57:37.245774
CASE-10893,DP1020,A2015,2026-09-17,2026-09-17 09:52:00.000000,Delivery Delay,Missed handoff,MEDIUM,30,2026-09-17 09:59:00.000000,2026-09-17 10:34:24,42.4,Resolved,Route Support,True,L2,False,Resolved,89.4,FAIL,True,7.9,Medium,Synthetic operational record,42.4,-12.4,141.3,BREACHED,False,SLA Breach,2026-09-17 09:52:00.000000
CASE-10894,DP1010,A2016,2026-10-01,2026-10-01 23:07:44.152954,Delivery Delay,Weather delay,LOW,60,2026-10-01 23:10:44.152954,,,In Progress,Technical Fix,False,L1,False,Resolved,91.7,REVIEW,True,41.1,Medium,Synthetic operational record,51.3,8.7,85.4,AT RISK,False,,
CASE-10895,DP1048,A2019,2026-10-01,2026-10-01 23:40:02.740834,Payment Issue,Payment timing,LOW,60,2026-10-01 23:44:02.740834,,,In Progress,Guidance Provided,False,L1,False,Resolved,100.0,PASS,True,38.7,High,Synthetic operational record,19.0,41.0,31.6,WITHIN SLA,False,,
CASE-10896,DP1076,A2009,2026-10-01,2026-10-01 23:57:23.398290,Payment Issue,Payment timing,HIGH,15,2026-10-01 23:58:23.398290,,,In Progress,Technical Fix,True,L2,False,Resolved,97.3,PASS,True,17.1,Low,Synthetic operational record,1.6,13.4,10.7,WITHIN SLA,False,High Priority Unresolved,2026-10-01 23:57:23.398290
CASE-10897,DP1059,A2010,2026-10-01,2026-10-01 23:53:05.018464,Delivery Assignment Issue,Assignment timeout,MEDIUM,30,2026-10-02 00:00:05.018464,,,Pending,Payment Adjustment,True,L2,False,Resolved,99.2,PASS,True,17.3,Medium,Synthetic operational record,5.9,24.1,19.7,WITHIN SLA,True,Repeated Issue,2026-10-01 23:53:05.018464
CASE-10898,DP1089,A2013,2026-10-01,2026-10-01 23:16:24.059519,Delivery Delay,Late arrival,LOW,60,2026-10-01 23:22:24.059519,,,Pending,Manager Review,False,L1,False,Resolved,88.8,FAIL,True,10.9,Low,Synthetic operational record,42.6,17.4,71.0,WITHIN SLA,False,,
CASE-10899,DP1035,A2004,2026-10-01,2026-10-01 23:14:42.064146,Payment Issue,Rate question,MEDIUM,30,2026-10-01 23:17:42.064146,,,Pending,Manager Review,True,L2,False,Resolved,90.6,REVIEW,True,11.1,Medium,Synthetic operational record,44.3,-14.3,147.7,BREACHED,False,SLA Breach,2026-10-01 23:14:42.064146
CASE-10900,DP1028,A2018,2026-10-01,2026-10-01 23:56:40.402691,Other Operational Issue,Communication,LOW,60,2026-10-01 23:57:40.402691,,,Escalated,Route Support,False,L1,False,Resolved,90.6,REVIEW,True,22.0,Low,Synthetic operational record,2.3,57.7,3.9,WITHIN SLA,False,,
CASE-10901,DP1048,A2016,2026-09-16,2026-09-16 15:49:00.000000,Delivery Partner App Issue,Login error,HIGH,15,2026-09-16 15:54:00.000000,2026-09-16 15:53:00,4.0,Resolved,Manager Review,False,L1,False,Resolved,94.9,REVIEW,True,22.2,Low,Synthetic operational record,4.0,11.0,26.7,WITHIN SLA,False,,
CASE-10902,DP1021,A2013,2026-09-26,2026-09-26 14:33:00.000000,Delivery Assignment Issue,Wrong zone,LOW,60,2026-09-26 14:38:00.000000,2026-09-26 15:09:24,36.4,Closed,Payment Adjustment,False,L1,False,Resolved,93.1,REVIEW,True,2.8,High,Synthetic operational record,36.4,23.6,60.7,WITHIN SLA,True,,
CASE-10903,DP1098,A2007,2026-10-01,2026-10-01 23:39:44.926933,Delivery Assignment Issue,Assignment timeout,LOW,60,2026-10-01 23:43:44.926933,,,Escalated,Payment Adjustment,True,L2,False,Resolved,91.6,REVIEW,True,49.5,Medium,Synthetic operational record,19.3,40.7,32.1,WITHIN SLA,True,Repeated Issue,2026-10-01 23:39:44.926933
CASE-10904,DP1019,A2007,2026-09-19,2026-09-19 10:16:00.000000,Delivery Delay,Missed handoff,LOW,60,2026-09-19 10:18:00.000000,2026-09-19 10:54:18,38.3,Closed,Manager Review,True,L2,False,Failed,92.2,REVIEW,False,18.9,Medium,Synthetic operational record,38.3,21.7,63.8,WITHIN SLA,False,SOP Resolution Failed,2026-09-19 10:16:00.000000
CASE-10905,DP1048,A2009,2026-10-01,2026-10-01 23:06:48.567134,Delivery Delay,Missed handoff,MEDIUM,30,2026-10-01 23:13:48.567134,,,Escalated,Technical Fix,True,L2,False,Resolved,90.0,REVIEW,True,22.8,Low,Synthetic operational record,52.2,-22.2,174.0,BREACHED,False,SLA Breach,2026-10-01 23:06:48.567134
CASE-10906,DP1053,A2014,2026-09-20,2026-09-20 10:22:00.000000,Route / Navigation Issue,GPS drift,MEDIUM,30,2026-09-20 10:26:00.000000,2026-09-20 10:40:42,18.7,Resolved,Manager Review,False,L1,False,Resolved,93.1,REVIEW,True,14.5,Medium,Synthetic operational record,18.7,11.3,62.3,WITHIN SLA,True,,
CASE-10907,DP1006,A2016,2026-09-28,2026-09-28 17:48:00.000000,Other Operational Issue,Equipment,MEDIUM,30,2026-09-28 17:54:00.000000,2026-09-28 17:59:42,11.7,Resolved,Manager Review,False,L1,False,Resolved,99.6,PASS,True,18.8,Low,Synthetic operational record,11.7,18.3,39.0,WITHIN SLA,False,,
CASE-10908,DP1047,A2014,2026-09-20,2026-09-20 10:16:00.000000,Delivery Assignment Issue,Duplicate assignment,MEDIUM,30,2026-09-20 10:23:00.000000,2026-09-20 10:44:12,28.2,Resolved,Technical Fix,False,L1,False,Resolved,86.4,FAIL,True,17.7,Low,Synthetic operational record,28.2,1.8,94.0,AT RISK,False,,
CASE-10909,DP1046,A2019,2026-10-01,2026-10-01 23:11:33.943510,Route / Navigation Issue,Restricted road,LOW,60,2026-10-01 23:15:33.943510,,,In Progress,Route Support,False,L1,False,Resolved,95.7,PASS,True,22.0,Low,Synthetic operational record,47.4,12.6,79.1,WITHIN SLA,False,,
CASE-10910,DP1026,A2020,2026-09-14,2026-09-14 16:35:00.000000,Delivery Partner App Issue,Login error,LOW,60,2026-09-14 16:36:00.000000,2026-09-14 17:17:00,42.0,Resolved,Route Support,False,L1,False,Resolved,100.0,PASS,True,21.8,Low,Synthetic operational record,42.0,18.0,70.0,WITHIN SLA,False,,
CASE-10911,DP1013,A2015,2026-10-01,2026-10-01 23:45:26.229333,Delivery Assignment Issue,Assignment timeout,LOW,60,2026-10-01 23:52:26.229333,,,New,Route Support,False,L1,False,Resolved,93.1,REVIEW,True,31.7,Low,Synthetic operational record,13.6,46.4,22.6,WITHIN SLA,False,,
CASE-10912,DP1005,A2008,2026-10-01,2026-10-01 23:58:09.229626,Delivery Delay,Traffic delay,HIGH,15,2026-10-02 00:03:09.229626,,,New,Technical Fix,True,L2,False,Resolved,91.4,REVIEW,True,24.7,Medium,Synthetic operational record,0.8,14.2,5.6,WITHIN SLA,False,High Priority Unresolved,2026-10-01 23:58:09.229626
CASE-10913,DP1001,A2012,2026-09-22,2026-09-22 15:08:00.000000,Delivery Partner App Issue,Notification failure,LOW,60,2026-09-22 15:15:00.000000,2026-09-22 15:47:00,39.0,Closed,Manager Review,False,L1,False,Resolved,98.6,PASS,True,30.5,Low,Synthetic operational record,39.0,21.0,65.0,WITHIN SLA,True,,
CASE-10914,DP1049,A2009,2026-10-01,2026-10-01 23:32:31.558440,Route / Navigation Issue,Restricted road,HIGH,15,2026-10-01 23:37:31.558440,,,Pending,Payment Adjustment,True,L2,False,Resolved,89.1,FAIL,True,21.9,Medium,Synthetic operational record,26.5,-11.5,176.5,BREACHED,False,SLA Breach + High Priority Unresolved,2026-10-01 23:32:31.558440
CASE-10915,DP1009,A2013,2026-09-23,2026-09-23 09:35:00.000000,Route / Navigation Issue,GPS drift,LOW,60,2026-09-23 09:42:00.000000,2026-09-23 10:01:30,26.5,Resolved,Guidance Provided,False,L1,False,Resolved,93.9,REVIEW,True,24.8,Medium,Synthetic operational record,26.5,33.5,44.2,WITHIN SLA,False,,
CASE-10916,DP1096,A2017,2026-09-03,2026-09-03 12:51:00.000000,Verification Issue,Vehicle verification,LOW,60,2026-09-03 12:58:00.000000,2026-09-03 14:13:24,82.4,Resolved,Guidance Provided,True,L2,False,Resolved,88.8,FAIL,True,19.1,Low,Synthetic operational record,82.4,-22.4,137.3,BREACHED,False,SLA Breach,2026-09-03 12:51:00.000000
CASE-10917,DP1025,A2008,2026-09-19,2026-09-19 10:26:00.000000,Delivery Delay,Missed handoff,LOW,60,2026-09-19 10:28:00.000000,2026-09-19 10:50:06,24.1,Resolved,Route Support,False,L1,False,Resolved,84.6,FAIL,True,34.0,Medium,Synthetic operational record,24.1,35.9,40.2,WITHIN SLA,False,,
CASE-10918,DP1066,A2011,2026-09-08,2026-09-08 10:21:00.000000,Route / Navigation Issue,GPS drift,LOW,60,2026-09-08 10:23:00.000000,2026-09-08 11:25:18,64.3,Closed,Payment Adjustment,True,L2,False,Resolved,93.2,REVIEW,True,25.9,Low,Synthetic operational record,64.3,-4.3,107.2,BREACHED,False,SLA Breach,2026-09-08 10:21:00.000000
CASE-10919,DP1068,A2001,2026-10-01,2026-10-01 23:35:06.571681,Payment Issue,Rate question,MEDIUM,30,2026-10-01 23:37:06.571681,,,Pending,Guidance Provided,True,L2,False,Resolved,87.7,FAIL,True,20.1,Medium,Synthetic operational record,23.9,6.1,79.6,AT RISK,True,Repeated Issue,2026-10-01 23:35:06.571681
CASE-10920,DP1050,A2015,2026-10-01,2026-10-01 23:09:22.257492,Delivery Partner App Issue,Crash,MEDIUM,30,2026-10-01 23:15:22.257492,,,Pending,Payment Adjustment,True,L2,False,Resolved,93.9,REVIEW,True,19.7,Low,Synthetic operational record,49.6,-19.6,165.4,BREACHED,False,SLA Breach,2026-10-01 23:09:22.257492
CASE-10921,DP1089,A2010,2026-09-02,2026-09-02 11:10:00.000000,Delivery Partner App Issue,Notification failure,LOW,60,2026-09-02 11:12:00.000000,2026-09-02 11:36:06,26.1,Resolved,Payment Adjustment,False,L1,False,Resolved,99.6,PASS,True,20.7,Low,Synthetic operational record,26.1,33.9,43.5,WITHIN SLA,False,,
CASE-10922,DP1012,A2010,2026-09-19,2026-09-19 08:18:00.000000,Route / Navigation Issue,Incorrect route,MEDIUM,30,2026-09-19 08:22:00.000000,2026-09-19 08:31:12,13.2,Resolved,Guidance Provided,False,L1,False,Resolved,100.0,PASS,True,22.4,Low,Synthetic operational record,13.2,16.8,44.0,WITHIN SLA,False,,
CASE-10923,DP1024,A2011,2026-10-01,2026-10-01 23:56:29.357015,Other Operational Issue,Communication,MEDIUM,30,2026-10-02 00:02:29.357015,,,Pending,Technical Fix,False,L1,False,Resolved,94.5,REVIEW,True,21.3,Medium,Synthetic operational record,2.5,27.5,8.4,WITHIN SLA,False,,
CASE-10924,DP1026,A2005,2026-09-19,2026-09-19 14:15:00.000000,Delivery Partner App Issue,Login error,HIGH,15,2026-09-19 14:19:00.000000,2026-09-19 14:40:54,25.9,Closed,Payment Adjustment,True,L2,False,Resolved,99.1,PASS,True,15.3,Low,Synthetic operational record,25.9,-10.9,172.7,BREACHED,True,SLA Breach + Repeated Issue,2026-09-19 14:15:00.000000
CASE-10925,DP1014,A2012,2026-09-26,2026-09-26 08:42:00.000000,Delivery Delay,Missed handoff,HIGH,15,2026-09-26 08:43:00.000000,2026-09-26 08:46:00,4.0,Resolved,Route Support,False,L1,False,Resolved,96.0,PASS,True,31.2,Medium,Synthetic operational record,4.0,11.0,26.7,WITHIN SLA,False,,
CASE-10926,DP1030,A2015,2026-09-07,2026-09-07 11:10:00.000000,Verification Issue,Vehicle verification,MEDIUM,30,2026-09-07 11:13:00.000000,2026-09-07 11:26:48,16.8,Resolved,Route Support,False,L1,False,Resolved,92.1,REVIEW,True,31.9,Low,Synthetic operational record,16.8,13.2,56.0,WITHIN SLA,False,,
CASE-10927,DP1032,A2007,2026-09-22,2026-09-22 16:43:00.000000,Account / Access Issue,Password reset,MEDIUM,30,2026-09-22 16:44:00.000000,2026-09-22 16:58:42,15.7,Resolved,Guidance Provided,False,L1,False,Resolved,84.4,FAIL,True,43.4,Medium,Synthetic operational record,15.7,14.3,52.3,WITHIN SLA,False,,
CASE-10928,DP1077,A2003,2026-09-29,2026-09-29 13:49:00.000000,Delivery Delay,Missed handoff,MEDIUM,30,2026-09-29 13:52:00.000000,2026-09-29 14:06:18,17.3,Resolved,Route Support,False,L1,False,Resolved,100.0,PASS,True,14.8,Low,Synthetic operational record,17.3,12.7,57.7,WITHIN SLA,True,,
CASE-10929,DP1031,A2008,2026-09-14,2026-09-14 12:07:00.000000,Route / Navigation Issue,Map pin error,MEDIUM,30,2026-09-14 12:13:00.000000,2026-09-14 12:34:54,27.9,Closed,Manager Review,False,L1,False,Resolved,88.8,FAIL,True,30.0,Low,Synthetic operational record,27.9,2.1,93.0,AT RISK,False,,
CASE-10930,DP1088,A2004,2026-10-01,2026-10-01 23:12:08.538649,Route / Navigation Issue,GPS drift,MEDIUM,30,2026-10-01 23:16:08.538649,,,Escalated,Guidance Provided,True,L2,False,Resolved,100.0,PASS,True,2.0,Low,Synthetic operational record,46.9,-16.9,156.2,BREACHED,False,SLA Breach,2026-10-01 23:12:08.538649
CASE-10931,DP1078,A2008,2026-09-17,2026-09-17 10:04:00.000000,Account / Access Issue,Password reset,LOW,60,2026-09-17 10:09:00.000000,2026-09-17 10:44:00,40.0,Resolved,Manager Review,True,L2,True,Resolved,96.7,PASS,True,31.9,Low,Synthetic operational record,40.0,20.0,66.7,WITHIN SLA,False,Manager Intervention Required,2026-09-17 10:04:00.000000
CASE-10932,DP1091,A2013,2026-09-25,2026-09-25 16:07:00.000000,Delivery Partner App Issue,Login error,MEDIUM,30,2026-09-25 16:08:00.000000,2026-09-25 16:30:00,23.0,Resolved,Guidance Provided,False,L1,False,Resolved,89.1,FAIL,True,4.5,Medium,Synthetic operational record,23.0,7.0,76.7,AT RISK,False,,
CASE-10933,DP1011,A2003,2026-09-11,2026-09-11 17:08:00.000000,Other Operational Issue,Equipment,HIGH,15,2026-09-11 17:14:00.000000,2026-09-11 17:32:48,24.8,Resolved,Route Support,True,L2,False,Resolved,95.6,PASS,True,10.2,Medium,Synthetic operational record,24.8,-9.8,165.3,BREACHED,False,SLA Breach,2026-09-11 17:08:00.000000
CASE-10934,DP1099,A2015,2026-10-01,2026-10-01 23:15:58.894938,Delivery Partner App Issue,Sync delay,LOW,60,2026-10-01 23:18:58.894938,,,New,Technical Fix,False,L1,False,Resolved,100.0,PASS,True,26.0,Low,Synthetic operational record,43.0,17.0,71.7,WITHIN SLA,False,,
CASE-10935,DP1062,A2005,2026-09-25,2026-09-25 10:14:00.000000,Account / Access Issue,Account locked,HIGH,15,2026-09-25 10:17:00.000000,2026-09-25 10:18:00,4.0,Resolved,Route Support,False,L1,False,Resolved,100.0,PASS,True,14.5,Low,Synthetic operational record,4.0,11.0,26.7,WITHIN SLA,False,,
CASE-10936,DP1099,A2018,2026-09-21,2026-09-21 11:06:00.000000,Delivery Partner App Issue,Notification failure,HIGH,15,2026-09-21 11:11:00.000000,2026-09-21 11:10:00,4.0,Closed,Manager Review,False,L1,False,Resolved,91.4,REVIEW,True,12.9,Low,Synthetic operational record,4.0,11.0,26.7,WITHIN SLA,False,,
CASE-10937,DP1036,A2015,2026-10-01,2026-10-01 23:43:36.613863,Delivery Assignment Issue,Duplicate assignment,LOW,60,2026-10-01 23:44:36.613863,,,Pending,Manager Review,False,L1,False,Resolved,90.4,REVIEW,True,16.2,Medium,Synthetic operational record,15.4,44.6,25.6,WITHIN SLA,False,,
CASE-10938,DP1096,A2006,2026-10-01,2026-10-01 23:52:32.611657,Delivery Partner App Issue,Login error,MEDIUM,30,2026-10-01 23:56:32.611657,,,In Progress,Manager Review,True,L2,False,Resolved,94.5,REVIEW,True,30.8,Medium,Synthetic operational record,6.5,23.5,21.5,WITHIN SLA,True,Repeated Issue,2026-10-01 23:52:32.611657
CASE-10939,DP1059,A2012,2026-10-01,2026-10-01 23:57:56.564099,Delivery Delay,Missed handoff,HIGH,15,2026-10-02 00:00:56.564099,,,Escalated,Manager Review,True,L2,False,Resolved,93.2,REVIEW,True,10.8,Medium,Synthetic operational record,1.1,13.9,7.0,WITHIN SLA,True,High Priority Unresolved + Repeated Issue,2026-10-01 23:57:56.564099
CASE-10940,DP1008,A2003,2026-10-01,2026-10-01 23:58:51.155007,Payment Issue,Missing payout,HIGH,15,2026-10-02 00:00:51.155007,,,Escalated,Technical Fix,True,L2,False,Resolved,100.0,PASS,True,21.4,Medium,Synthetic operational record,0.1,14.9,1.0,WITHIN SLA,False,High Priority Unresolved,2026-10-01 23:58:51.155007
CASE-10941,DP1042,A2002,2026-09-18,2026-09-18 09:53:00.000000,Delivery Partner App Issue,Sync delay,LOW,60,2026-09-18 10:00:00.000000,2026-09-18 10:39:06,46.1,Resolved,Payment Adjustment,False,L1,False,Resolved,97.7,PASS,True,17.5,Low,Synthetic operational record,46.1,13.9,76.8,WITHIN SLA,False,,
CASE-10942,DP1014,A2020,2026-10-01,2026-10-01 23:12:18.337249,Delivery Delay,Missed handoff,LOW,60,2026-10-01 23:15:18.337249,,,Pending,Route Support,True,L2,False,Resolved,85.5,FAIL,True,31.8,Low,Synthetic operational record,46.7,13.3,77.8,WITHIN SLA,True,Repeated Issue,2026-10-01 23:12:18.337249
CASE-10943,DP1095,A2017,2026-10-01,2026-10-01 23:49:42.585457,Payment Issue,Rate question,MEDIUM,30,2026-10-01 23:50:42.585457,,,Pending,Guidance Provided,True,L2,False,Resolved,96.3,PASS,True,32.2,Medium,Synthetic operational record,9.3,20.7,31.0,WITHIN SLA,True,Repeated Issue,2026-10-01 23:49:42.585457
CASE-10944,DP1031,A2004,2026-09-15,2026-09-15 08:04:00.000000,Verification Issue,Delivery proof,LOW,60,2026-09-15 08:08:00.000000,2026-09-15 08:44:24,40.4,Closed,Payment Adjustment,False,L1,False,Resolved,93.1,REVIEW,True,2.0,Low,Synthetic operational record,40.4,19.6,67.3,WITHIN SLA,False,,
CASE-10945,DP1023,A2006,2026-10-01,2026-10-01 23:24:17.244771,Account / Access Issue,Account locked,LOW,60,2026-10-01 23:31:17.244771,,,In Progress,Payment Adjustment,False,L1,False,Resolved,94.2,REVIEW,True,34.5,Low,Synthetic operational record,34.7,25.3,57.9,WITHIN SLA,False,,
CASE-10946,DP1056,A2004,2026-10-01,2026-10-01 23:45:28.178189,Route / Navigation Issue,GPS drift,LOW,60,2026-10-01 23:50:28.178189,,,In Progress,Manager Review,True,L2,False,Resolved,95.2,PASS,True,14.7,Low,Synthetic operational record,13.5,46.5,22.6,WITHIN SLA,True,Repeated Issue,2026-10-01 23:45:28.178189
CASE-10947,DP1043,A2008,2026-09-16,2026-09-16 11:33:00.000000,Delivery Partner App Issue,Sync delay,LOW,60,2026-09-16 11:38:00.000000,2026-09-16 12:29:18,56.3,Resolved,Guidance Provided,True,L2,True,Resolved,100.0,PASS,True,24.8,Medium,Synthetic operational record,56.3,3.7,93.8,AT RISK,False,Manager Intervention Required,2026-09-16 11:33:00.000000
CASE-10948,DP1010,A2006,2026-10-01,2026-10-01 23:34:12.561381,Delivery Assignment Issue,Assignment timeout,MEDIUM,30,2026-10-01 23:41:12.561381,,,New,Guidance Provided,False,L1,False,Resolved,98.9,PASS,True,10.7,Medium,Synthetic operational record,24.8,5.2,82.6,AT RISK,False,,
CASE-10949,DP1082,A2007,2026-09-11,2026-09-11 10:14:00.000000,Other Operational Issue,Policy question,MEDIUM,30,2026-09-11 10:15:00.000000,2026-09-11 11:08:18,54.3,Resolved,Guidance Provided,True,L2,False,Resolved,90.3,REVIEW,True,26.5,High,Synthetic operational record,54.3,-24.3,181.0,BREACHED,False,High Impact + SLA Risk,2026-09-11 10:14:00.000000
CASE-10950,DP1085,A2011,2026-09-29,2026-09-29 09:41:00.000000,Delivery Partner App Issue,Crash,MEDIUM,30,2026-09-29 09:45:00.000000,2026-09-29 09:59:36,18.6,Closed,Payment Adjustment,False,L1,False,Resolved,93.7,REVIEW,True,52.6,Low,Synthetic operational record,18.6,11.4,62.0,WITHIN SLA,False,,
CASE-10951,DP1075,A2004,2026-10-01,2026-10-01 23:30:01.734094,Payment Issue,Missing payout,MEDIUM,30,2026-10-01 23:33:01.734094,,,In Progress,Payment Adjustment,True,L2,False,Resolved,91.8,REVIEW,True,23.5,Low,Synthetic operational record,29.0,1.0,96.6,AT RISK,True,Repeated Issue,2026-10-01 23:30:01.734094
CASE-10952,DP1062,A2018,2026-10-01,2026-10-01 11:31:00.000000,Other Operational Issue,Equipment,MEDIUM,30,2026-10-01 11:36:00.000000,2026-10-01 11:41:42,10.7,Resolved,Payment Adjustment,False,L1,False,Resolved,85.6,FAIL,True,16.5,Low,Synthetic operational record,10.7,19.3,35.7,WITHIN SLA,False,,
CASE-10953,DP1041,A2015,2026-09-18,2026-09-18 14:09:00.000000,Other Operational Issue,Policy question,LOW,60,2026-09-18 14:15:00.000000,2026-09-18 14:47:24,38.4,Closed,Technical Fix,False,L1,False,Resolved,93.5,REVIEW,True,19.2,Medium,Synthetic operational record,38.4,21.6,64.0,WITHIN SLA,False,,
CASE-10954,DP1055,A2016,2026-09-12,2026-09-12 10:10:00.000000,Payment Issue,Rate question,LOW,60,2026-09-12 10:11:00.000000,2026-09-12 10:47:24,37.4,Resolved,Technical Fix,False,L1,False,Resolved,100.0,PASS,True,4.4,Low,Synthetic operational record,37.4,22.6,62.3,WITHIN SLA,False,,
CASE-10955,DP1053,A2004,2026-09-17,2026-09-17 14:37:00.000000,Route / Navigation Issue,Map pin error,LOW,60,2026-09-17 14:39:00.000000,2026-09-17 15:13:00,36.0,Resolved,Payment Adjustment,False,L1,False,Resolved,85.4,FAIL,True,39.4,High,Synthetic operational record,36.0,24.0,60.0,WITHIN SLA,False,,
CASE-10956,DP1017,A2015,2026-09-09,2026-09-09 15:40:00.000000,Delivery Delay,Late arrival,LOW,60,2026-09-09 15:47:00.000000,2026-09-09 16:24:48,44.8,Resolved,Guidance Provided,False,L1,False,Resolved,93.9,REVIEW,True,25.8,Low,Synthetic operational record,44.8,15.2,74.7,WITHIN SLA,False,,
CASE-10957,DP1009,A2017,2026-10-01,2026-10-01 23:07:09.475371,Verification Issue,Identity mismatch,LOW,60,2026-10-01 23:11:09.475371,,,In Progress,Route Support,False,L1,False,Resolved,93.7,REVIEW,True,9.4,Medium,Synthetic operational record,51.8,8.2,86.4,AT RISK,False,,
CASE-10958,DP1026,A2004,2026-10-01,2026-10-01 23:50:41.844634,Delivery Partner App Issue,Sync delay,LOW,60,2026-10-01 23:53:41.844634,,,In Progress,Guidance Provided,True,L2,False,Resolved,95.4,PASS,True,9.8,Medium,Synthetic operational record,8.3,51.7,13.8,WITHIN SLA,True,Repeated Issue,2026-10-01 23:50:41.844634
CASE-10959,DP1046,A2016,2026-10-01,2026-10-01 22:59:51.701346,Delivery Partner App Issue,Crash,LOW,60,2026-10-01 23:01:51.701346,,,Pending,Route Support,True,L2,False,Resolved,89.2,FAIL,True,22.2,Low,Synthetic operational record,59.1,0.9,98.6,AT RISK,True,Repeated Issue,2026-10-01 22:59:51.701346
CASE-10960,DP1017,A2008,2026-09-21,2026-09-21 15:44:00.000000,Route / Navigation Issue,GPS drift,MEDIUM,30,2026-09-21 15:47:00.000000,2026-09-21 15:55:42,11.7,Resolved,Payment Adjustment,False,L1,False,Resolved,86.9,FAIL,True,33.2,Medium,Synthetic operational record,11.7,18.3,39.0,WITHIN SLA,True,,
CASE-10961,DP1011,A2016,2026-09-22,2026-09-22 14:30:00.000000,Delivery Assignment Issue,Assignment timeout,MEDIUM,30,2026-09-22 14:31:00.000000,2026-09-22 14:44:36,14.6,Resolved,Manager Review,False,L1,False,Resolved,87.1,FAIL,True,8.2,Low,Synthetic operational record,14.6,15.4,48.7,WITHIN SLA,False,,
CASE-10962,DP1086,A2010,2026-10-01,2026-10-01 23:34:21.104526,Route / Navigation Issue,Restricted road,HIGH,15,2026-10-01 23:36:21.104526,,,New,Route Support,True,L2,False,Resolved,100.0,PASS,True,35.4,Medium,Synthetic operational record,24.6,-9.6,164.3,BREACHED,True,SLA Breach + High Priority Unresolved + Repeated Issue,2026-10-01 23:34:21.104526
CASE-10963,DP1038,A2017,2026-09-26,2026-09-26 12:01:00.000000,Payment Issue,Missing payout,MEDIUM,30,2026-09-26 12:03:00.000000,2026-09-26 12:16:00,15.0,Closed,Payment Adjustment,False,L1,False,Resolved,89.1,FAIL,True,20.9,Medium,Synthetic operational record,15.0,15.0,50.0,WITHIN SLA,False,,
CASE-10964,DP1059,A2003,2026-10-01,2026-10-01 23:33:38.258679,Account / Access Issue,Password reset,MEDIUM,30,2026-10-01 23:34:38.258679,,,New,Route Support,False,L1,False,Resolved,91.5,REVIEW,True,10.8,Medium,Synthetic operational record,25.4,4.6,84.5,AT RISK,False,,
CASE-10965,DP1053,A2008,2026-10-01,2026-10-01 23:03:30.981095,Account / Access Issue,Permission request,LOW,60,2026-10-01 23:10:30.981095,,,Escalated,Guidance Provided,False,L1,False,Resolved,100.0,PASS,True,16.4,Low,Synthetic operational record,55.5,4.5,92.5,AT RISK,False,,
CASE-10966,DP1074,A2006,2026-09-04,2026-09-04 10:02:00.000000,Delivery Delay,Missed handoff,MEDIUM,30,2026-09-04 10:08:00.000000,2026-09-04 10:19:54,17.9,Resolved,Guidance Provided,False,L1,False,Resolved,90.3,REVIEW,True,43.0,High,Synthetic operational record,17.9,12.1,59.7,WITHIN SLA,False,,
CASE-10967,DP1074,A2005,2026-10-01,2026-10-01 23:55:07.094520,Verification Issue,Document check,LOW,60,2026-10-02 00:02:07.094520,,,Pending,Payment Adjustment,False,L1,False,Resolved,95.7,PASS,True,5.3,High,Synthetic operational record,3.9,56.1,6.5,WITHIN SLA,False,,
CASE-10968,DP1030,A2007,2026-10-01,2026-10-01 23:15:39.103552,Delivery Assignment Issue,Wrong zone,MEDIUM,30,2026-10-01 23:17:39.103552,,,In Progress,Manager Review,True,L2,False,Failed,99.3,PASS,False,13.2,Medium,Synthetic operational record,43.3,-13.3,144.5,BREACHED,True,SLA Breach + Repeated Issue + SOP Resolution Failed,2026-10-01 23:15:39.103552
CASE-10969,DP1085,A2008,2026-10-01,2026-10-01 23:52:13.814483,Delivery Delay,Late arrival,MEDIUM,30,2026-10-01 23:55:13.814483,,,In Progress,Manager Review,True,L2,False,Resolved,99.1,PASS,True,33.4,High,Synthetic operational record,6.8,23.2,22.6,WITHIN SLA,True,High Impact + Repeated Issue,2026-10-01 23:52:13.814483
CASE-10970,DP1038,A2003,2026-09-27,2026-09-27 13:03:00.000000,Delivery Assignment Issue,No assignment,MEDIUM,30,2026-09-27 13:05:00.000000,2026-09-27 13:14:12,11.2,Resolved,Technical Fix,False,L1,False,Resolved,87.3,FAIL,True,24.6,Low,Synthetic operational record,11.2,18.8,37.3,WITHIN SLA,False,,
CASE-10971,DP1084,A2015,2026-10-01,2026-10-01 23:12:41.709326,Account / Access Issue,Profile update,LOW,60,2026-10-01 23:16:41.709326,,,Pending,Technical Fix,False,L1,False,Resolved,90.4,REVIEW,True,12.5,Low,Synthetic operational record,46.3,13.7,77.2,WITHIN SLA,False,,
CASE-10972,DP1041,A2012,2026-10-01,2026-10-01 23:56:44.270132,Account / Access Issue,Account locked,MEDIUM,30,2026-10-01 23:58:44.270132,,,In Progress,Manager Review,False,L1,False,Resolved,95.5,PASS,True,33.6,Low,Synthetic operational record,2.3,27.7,7.5,WITHIN SLA,False,,
CASE-10973,DP1012,A2017,2026-09-30,2026-09-30 12:22:00.000000,Account / Access Issue,Account locked,HIGH,15,2026-09-30 12:24:00.000000,2026-09-30 12:33:36,11.6,Resolved,Payment Adjustment,False,L1,False,Resolved,100.0,PASS,True,34.1,Low,Synthetic operational record,11.6,3.4,77.3,AT RISK,False,,
CASE-10974,DP1077,A2015,2026-09-19,2026-09-19 17:11:00.000000,Account / Access Issue,Permission request,MEDIUM,30,2026-09-19 17:18:00.000000,2026-09-19 17:25:06,14.1,Resolved,Guidance Provided,False,L1,False,Resolved,90.2,REVIEW,True,26.0,Low,Synthetic operational record,14.1,15.9,47.0,WITHIN SLA,False,,
CASE-10975,DP1004,A2003,2026-10-01,2026-10-01 23:33:30.354305,Other Operational Issue,Equipment,MEDIUM,30,2026-10-01 23:36:30.354305,,,In Progress,Technical Fix,False,L1,False,Resolved,91.5,REVIEW,True,14.7,Medium,Synthetic operational record,25.5,4.5,85.0,AT RISK,False,,
CASE-10976,DP1078,A2002,2026-09-18,2026-09-18 16:47:00.000000,Delivery Assignment Issue,No assignment,MEDIUM,30,2026-09-18 16:53:00.000000,2026-09-18 17:02:06,15.1,Resolved,Manager Review,False,L1,False,Resolved,96.1,PASS,True,16.5,Low,Synthetic operational record,15.1,14.9,50.3,WITHIN SLA,True,,
CASE-10977,DP1005,A2009,2026-10-01,2026-10-01 23:57:18.687198,Other Operational Issue,Other,LOW,60,2026-10-01 23:59:18.687198,,,In Progress,Manager Review,True,L2,False,Resolved,97.1,PASS,True,25.4,Low,Synthetic operational record,1.7,58.3,2.8,WITHIN SLA,True,Repeated Issue,2026-10-01 23:57:18.687198
CASE-10978,DP1021,A2010,2026-09-11,2026-09-11 14:21:00.000000,Delivery Delay,Weather delay,MEDIUM,30,2026-09-11 14:28:00.000000,2026-09-11 14:34:00,13.0,Resolved,Manager Review,False,L1,False,Resolved,97.4,PASS,True,6.3,Medium,Synthetic operational record,13.0,17.0,43.3,WITHIN SLA,False,,
CASE-10979,DP1061,A2005,2026-10-01,2026-10-01 23:54:02.675759,Payment Issue,Missing payout,MEDIUM,30,2026-10-01 23:59:02.675759,,,In Progress,Guidance Provided,False,L1,False,Resolved,89.8,FAIL,True,37.9,Medium,Synthetic operational record,5.0,25.0,16.5,WITHIN SLA,False,,
CASE-10980,DP1095,A2016,2026-09-25,2026-09-25 12:20:00.000000,Delivery Delay,Missed handoff,LOW,60,2026-09-25 12:27:00.000000,2026-09-25 13:40:12,80.2,Resolved,Manager Review,True,L2,False,Resolved,91.3,REVIEW,True,42.4,High,Synthetic operational record,80.2,-20.2,133.7,BREACHED,False,High Impact + SLA Risk,2026-09-25 12:20:00.000000
CASE-10981,DP1041,A2012,2026-09-14,2026-09-14 11:13:00.000000,Payment Issue,Missing payout,LOW,60,2026-09-14 11:17:00.000000,2026-09-14 11:40:12,27.2,Resolved,Guidance Provided,False,L1,False,Resolved,95.1,PASS,True,19.2,Low,Synthetic operational record,27.2,32.8,45.3,WITHIN SLA,True,,
CASE-10982,DP1013,A2015,2026-09-23,2026-09-23 13:55:00.000000,Delivery Assignment Issue,Assignment timeout,HIGH,15,2026-09-23 14:02:00.000000,2026-09-23 14:02:36,7.6,Resolved,Manager Review,False,L1,False,Resolved,100.0,PASS,True,26.3,Medium,Synthetic operational record,7.6,7.4,50.7,AT RISK,False,,
CASE-10983,DP1024,A2003,2026-09-17,2026-09-17 08:15:00.000000,Delivery Assignment Issue,No assignment,MEDIUM,30,2026-09-17 08:18:00.000000,2026-09-17 08:26:48,11.8,Resolved,Manager Review,False,L1,False,Resolved,92.8,REVIEW,True,36.2,Low,Synthetic operational record,11.8,18.2,39.3,WITHIN SLA,True,,
CASE-10984,DP1090,A2017,2026-09-05,2026-09-05 08:04:00.000000,Delivery Partner App Issue,Crash,MEDIUM,30,2026-09-05 08:08:00.000000,2026-09-05 08:30:24,26.4,Closed,Technical Fix,False,L1,False,Resolved,93.9,REVIEW,True,45.5,Low,Synthetic operational record,26.4,3.6,88.0,AT RISK,False,,
CASE-10985,DP1073,A2005,2026-09-27,2026-09-27 16:30:00.000000,Delivery Delay,Weather delay,MEDIUM,30,2026-09-27 16:31:00.000000,2026-09-27 16:41:30,11.5,Resolved,Guidance Provided,False,L1,False,Resolved,88.9,FAIL,True,40.7,Medium,Synthetic operational record,11.5,18.5,38.3,WITHIN SLA,False,,
CASE-10986,DP1011,A2009,2026-09-04,2026-09-04 08:27:00.000000,Account / Access Issue,Profile update,MEDIUM,30,2026-09-04 08:29:00.000000,2026-09-04 08:42:24,15.4,Closed,Route Support,False,L1,False,Resolved,100.0,PASS,True,2.0,Low,Synthetic operational record,15.4,14.6,51.3,WITHIN SLA,False,,
CASE-10987,DP1039,A2009,2026-10-01,2026-10-01 23:54:53.656786,Route / Navigation Issue,Restricted road,MEDIUM,30,2026-10-02 00:00:53.656786,,,In Progress,Guidance Provided,False,L1,False,Resolved,94.8,REVIEW,True,18.2,Medium,Synthetic operational record,4.1,25.9,13.7,WITHIN SLA,False,,
CASE-10988,DP1027,A2017,2026-09-11,2026-09-11 14:08:00.000000,Delivery Delay,Late arrival,LOW,60,2026-09-11 14:11:00.000000,2026-09-11 14:34:00,26.0,Resolved,Payment Adjustment,False,L1,False,Resolved,99.4,PASS,True,28.0,Low,Synthetic operational record,26.0,34.0,43.3,WITHIN SLA,False,,
CASE-10989,DP1018,A2006,2026-10-01,2026-10-01 23:30:26.739786,Payment Issue,Missing payout,MEDIUM,30,2026-10-01 23:31:26.739786,,,New,Technical Fix,False,L1,False,Resolved,94.1,REVIEW,True,16.1,Low,Synthetic operational record,28.6,1.4,95.2,AT RISK,False,,
CASE-10990,DP1085,A2005,2026-09-13,2026-09-13 16:57:00.000000,Delivery Delay,Weather delay,MEDIUM,30,2026-09-13 17:00:00.000000,2026-09-13 17:26:24,29.4,Resolved,Payment Adjustment,False,L1,False,Resolved,94.4,REVIEW,True,43.4,Low,Synthetic operational record,29.4,0.6,98.0,AT RISK,False,,
CASE-10991,DP1062,A2007,2026-10-01,2026-10-01 22:46:41.549583,Delivery Assignment Issue,Assignment timeout,LOW,60,2026-10-01 22:49:41.549583,,,Pending,Manager Review,True,L2,False,Resolved,86.5,FAIL,True,41.6,Low,Synthetic operational record,72.3,-12.3,120.5,BREACHED,False,SLA Breach,2026-10-01 22:46:41.549583
CASE-10992,DP1018,A2008,2026-09-18,2026-09-18 16:50:00.000000,Account / Access Issue,Password reset,MEDIUM,30,2026-09-18 16:56:00.000000,2026-09-18 17:02:12,12.2,Closed,Manager Review,False,L1,False,Resolved,83.2,FAIL,True,12.2,Low,Synthetic operational record,12.2,17.8,40.7,WITHIN SLA,False,,
CASE-10993,DP1066,A2004,2026-09-30,2026-09-30 15:37:00.000000,Delivery Assignment Issue,Assignment timeout,LOW,60,2026-09-30 15:38:00.000000,2026-09-30 16:07:36,30.6,Resolved,Payment Adjustment,True,L2,False,Failed,100.0,PASS,False,20.1,Low,Synthetic operational record,30.6,29.4,51.0,WITHIN SLA,False,SOP Resolution Failed,2026-09-30 15:37:00.000000
CASE-10994,DP1042,A2004,2026-10-01,2026-10-01 23:40:00.158633,Route / Navigation Issue,GPS drift,MEDIUM,30,2026-10-01 23:41:00.158633,,,Pending,Technical Fix,False,L1,False,Resolved,94.4,REVIEW,True,13.0,Low,Synthetic operational record,19.0,11.0,63.3,WITHIN SLA,False,,
CASE-10995,DP1007,A2005,2026-10-01,2026-10-01 23:33:37.588751,Verification Issue,Delivery proof,MEDIUM,30,2026-10-01 23:39:37.588751,,,In Progress,Manager Review,False,L1,False,Resolved,95.0,PASS,True,19.7,Medium,Synthetic operational record,25.4,4.6,84.6,AT RISK,False,,
CASE-10996,DP1045,A2010,2026-10-01,2026-10-01 23:52:53.711784,Delivery Delay,Traffic delay,MEDIUM,30,2026-10-01 23:53:53.711784,,,New,Payment Adjustment,True,L2,False,Resolved,87.8,FAIL,True,19.3,Low,Synthetic operational record,6.1,23.9,20.3,WITHIN SLA,True,Repeated Issue,2026-10-01 23:52:53.711784
CASE-10997,DP1019,A2007,2026-09-18,2026-09-18 11:58:00.000000,Account / Access Issue,Profile update,MEDIUM,30,2026-09-18 12:01:00.000000,2026-09-18 12:11:06,13.1,Closed,Guidance Provided,False,L1,False,Resolved,89.5,FAIL,True,33.5,Medium,Synthetic operational record,13.1,16.9,43.7,WITHIN SLA,True,,
CASE-10998,DP1025,A2008,2026-10-01,2026-10-01 23:56:49.900099,Delivery Assignment Issue,Assignment timeout,HIGH,15,2026-10-02 00:01:49.900099,,,In Progress,Manager Review,True,L2,False,Resolved,99.3,PASS,True,11.3,Medium,Synthetic operational record,2.2,12.8,14.5,WITHIN SLA,True,High Priority Unresolved + Repeated Issue,2026-10-01 23:56:49.900099
CASE-10999,DP1088,A2015,2026-10-01,2026-10-01 23:40:46.283903,Account / Access Issue,Account locked,MEDIUM,30,2026-10-01 23:44:46.283903,,,In Progress,Manager Review,False,L1,False,Resolved,100.0,PASS,True,2.0,Low,Synthetic operational record,18.2,11.8,60.8,WITHIN SLA,False,,
CASE-11000,DP1072,A2005,2026-09-19,2026-09-19 10:17:00.000000,Verification Issue,Delivery proof,MEDIUM,30,2026-09-19 10:18:00.000000,2026-09-19 10:59:54,42.9,Closed,Technical Fix,True,L2,False,Resolved,90.9,REVIEW,True,2.7,Low,Synthetic operational record,42.9,-12.9,143.0,BREACHED,False,SLA Breach,2026-09-19 10:17:00.000000
CASE-11001,DP1014,A2019,2026-09-26,2026-09-26 16:18:00.000000,Verification Issue,Document check,MEDIUM,30,2026-09-26 16:24:00.000000,2026-09-26 17:03:48,45.8,Closed,Guidance Provided,True,L2,False,Resolved,97.4,PASS,True,9.7,Medium,Synthetic operational record,45.8,-15.8,152.7,BREACHED,False,SLA Breach,2026-09-26 16:18:00.000000
CASE-11002,DP1086,A2016,2026-10-01,2026-10-01 23:30:07.874761,Route / Navigation Issue,Map pin error,LOW,60,2026-10-01 23:31:07.874761,,,Pending,Guidance Provided,False,L1,False,Resolved,95.0,PASS,True,14.1,Medium,Synthetic operational record,28.9,31.1,48.1,WITHIN SLA,False,,
CASE-11003,DP1058,A2004,2026-09-21,2026-09-21 17:48:00.000000,Account / Access Issue,Password reset,LOW,60,2026-09-21 17:50:00.000000,2026-09-21 18:09:06,21.1,Resolved,Payment Adjustment,False,L1,False,Resolved,93.4,REVIEW,True,24.2,Low,Synthetic operational record,21.1,38.9,35.2,WITHIN SLA,False,,
CASE-11004,DP1088,A2007,2026-09-26,2026-09-26 10:15:00.000000,Other Operational Issue,Policy question,MEDIUM,30,2026-09-26 10:16:00.000000,2026-09-26 10:26:24,11.4,Closed,Technical Fix,False,L1,False,Resolved,100.0,PASS,True,9.0,Medium,Synthetic operational record,11.4,18.6,38.0,WITHIN SLA,False,,
CASE-11005,DP1075,A2004,2026-10-01,2026-10-01 23:21:30.937694,Payment Issue,Adjustment request,LOW,60,2026-10-01 23:25:30.937694,,,In Progress,Route Support,False,L1,False,Resolved,91.7,REVIEW,True,7.5,Low,Synthetic operational record,37.5,22.5,62.5,WITHIN SLA,False,,
CASE-11006,DP1034,A2006,2026-09-16,2026-09-16 13:35:00.000000,Account / Access Issue,Permission request,MEDIUM,30,2026-09-16 13:40:00.000000,2026-09-16 13:47:42,12.7,Resolved,Route Support,False,L1,False,Resolved,100.0,PASS,True,10.8,Low,Synthetic operational record,12.7,17.3,42.3,WITHIN SLA,False,,
CASE-11007,DP1054,A2008,2026-09-25,2026-09-25 09:12:00.000000,Verification Issue,Delivery proof,MEDIUM,30,2026-09-25 09:17:00.000000,2026-09-25 09:27:06,15.1,Resolved,Guidance Provided,False,L1,False,Resolved,95.9,PASS,True,8.6,Low,Synthetic operational record,15.1,14.9,50.3,WITHIN SLA,True,,
CASE-11008,DP1054,A2003,2026-09-18,2026-09-18 16:10:00.000000,Delivery Delay,Late arrival,MEDIUM,30,2026-09-18 16:11:00.000000,2026-09-18 16:22:54,12.9,Closed,Manager Review,False,L1,False,Resolved,93.9,REVIEW,True,15.3,Low,Synthetic operational record,12.9,17.1,43.0,WITHIN SLA,False,,
CASE-11009,DP1072,A2001,2026-09-18,2026-09-18 10:44:00.000000,Other Operational Issue,Equipment,LOW,60,2026-09-18 10:47:00.000000,2026-09-18 11:46:42,62.7,Closed,Guidance Provided,True,L2,False,Resolved,100.0,PASS,True,14.8,Low,Synthetic operational record,62.7,-2.7,104.5,BREACHED,True,SLA Breach + Repeated Issue,2026-09-18 10:44:00.000000
CASE-11010,DP1025,A2009,2026-10-01,2026-10-01 23:38:02.905216,Payment Issue,Missing payout,MEDIUM,30,2026-10-01 23:40:02.905216,,,Pending,Guidance Provided,False,L1,False,Resolved,95.5,PASS,True,30.3,Low,Synthetic operational record,21.0,9.0,69.8,AT RISK,False,,
CASE-11011,DP1034,A2015,2026-10-01,2026-10-01 23:46:29.659130,Delivery Delay,Traffic delay,MEDIUM,30,2026-10-01 23:49:29.659130,,,In Progress,Route Support,False,L1,False,Resolved,93.5,REVIEW,True,10.1,Low,Synthetic operational record,12.5,17.5,41.7,WITHIN SLA,False,,
CASE-11012,DP1025,A2007,2026-10-01,2026-10-01 14:01:00.000000,Delivery Partner App Issue,Notification failure,MEDIUM,30,2026-10-01 14:03:00.000000,2026-10-01 14:14:12,13.2,Resolved,Route Support,False,L1,False,Resolved,100.0,PASS,True,17.7,Medium,Synthetic operational record,13.2,16.8,44.0,WITHIN SLA,True,,
CASE-11013,DP1030,A2018,2026-10-01,2026-10-01 23:06:56.345293,Delivery Assignment Issue,No assignment,LOW,60,2026-10-01 23:12:56.345293,,,In Progress,Manager Review,False,L1,False,Resolved,100.0,PASS,True,15.5,Low,Synthetic operational record,52.1,7.9,86.8,AT RISK,False,,
CASE-11014,DP1017,A2008,2026-09-18,2026-09-18 09:41:00.000000,Account / Access Issue,Password reset,MEDIUM,30,2026-09-18 09:47:00.000000,2026-09-18 09:57:18,16.3,Closed,Payment Adjustment,False,L1,False,Resolved,100.0,PASS,True,31.7,Medium,Synthetic operational record,16.3,13.7,54.3,WITHIN SLA,False,,
CASE-11015,DP1004,A2019,2026-10-01,2026-10-01 22:44:37.022935,Payment Issue,Missing payout,LOW,60,2026-10-01 22:50:37.022935,,,In Progress,Payment Adjustment,True,L2,False,Resolved,74.6,FAIL,True,20.1,Medium,Synthetic operational record,74.4,-14.4,124.0,BREACHED,False,SLA Breach,2026-10-01 22:44:37.022935
CASE-11016,DP1095,A2005,2026-10-01,2026-10-01 23:56:59.591807,Payment Issue,Payment timing,MEDIUM,30,2026-10-01 23:58:59.591807,,,New,Route Support,True,L2,False,Resolved,96.2,PASS,True,34.6,Low,Synthetic operational record,2.0,28.0,6.7,WITHIN SLA,True,Repeated Issue,2026-10-01 23:56:59.591807
CASE-11017,DP1008,A2011,2026-10-01,2026-10-01 23:45:08.712924,Delivery Assignment Issue,Wrong zone,LOW,60,2026-10-01 23:46:08.712924,,,Escalated,Route Support,False,L1,False,Resolved,95.1,PASS,True,8.2,Low,Synthetic operational record,13.9,46.1,23.1,WITHIN SLA,False,,
CASE-11018,DP1089,A2016,2026-09-08,2026-09-08 17:13:00.000000,Delivery Delay,Late arrival,HIGH,15,2026-09-08 17:14:00.000000,2026-09-08 17:17:00,4.0,Resolved,Route Support,False,L1,False,Resolved,93.8,REVIEW,True,21.4,Low,Synthetic operational record,4.0,11.0,26.7,WITHIN SLA,False,,
CASE-11019,DP1001,A2002,2026-09-10,2026-09-10 13:07:00.000000,Verification Issue,Document check,LOW,60,2026-09-10 13:13:00.000000,2026-09-10 13:37:00,30.0,Closed,Technical Fix,False,L1,False,Resolved,97.0,PASS,True,15.1,Medium,Synthetic operational record,30.0,30.0,50.0,WITHIN SLA,False,,
CASE-11020,DP1078,A2019,2026-10-01,2026-10-01 23:44:46.423635,Account / Access Issue,Account locked,MEDIUM,30,2026-10-01 23:51:46.423635,,,New,Manager Review,True,L2,False,Resolved,95.3,PASS,True,7.3,Low,Synthetic operational record,14.2,15.8,47.4,WITHIN SLA,True,Repeated Issue,2026-10-01 23:44:46.423635
CASE-11021,DP1033,A2008,2026-09-03,2026-09-03 11:34:00.000000,Delivery Partner App Issue,Crash,LOW,60,2026-09-03 11:36:00.000000,2026-09-03 13:03:24,89.4,Closed,Technical Fix,True,L2,False,Resolved,97.4,PASS,True,21.2,Low,Synthetic operational record,89.4,-29.4,149.0,BREACHED,False,SLA Breach,2026-09-03 11:34:00.000000
CASE-11022,DP1052,A2010,2026-10-01,2026-10-01 23:40:08.376954,Delivery Delay,Traffic delay,MEDIUM,30,2026-10-01 23:47:08.376954,,,New,Technical Fix,True,L2,False,Resolved,92.7,REVIEW,True,42.8,High,Synthetic operational record,18.9,11.1,62.9,WITHIN SLA,True,High Impact + Repeated Issue,2026-10-01 23:40:08.376954
CASE-11023,DP1029,A2013,2026-10-01,2026-10-01 23:47:36.709117,Delivery Delay,Late arrival,MEDIUM,30,2026-10-01 23:51:36.709117,,,New,Technical Fix,True,L2,False,Resolved,100.0,PASS,True,11.8,Low,Synthetic operational record,11.4,18.6,38.0,WITHIN SLA,True,Repeated Issue,2026-10-01 23:47:36.709117
CASE-11024,DP1050,A2013,2026-09-13,2026-09-13 10:56:00.000000,Route / Navigation Issue,GPS drift,MEDIUM,30,2026-09-13 10:58:00.000000,2026-09-13 11:09:24,13.4,Resolved,Technical Fix,False,L1,False,Resolved,97.9,PASS,True,20.5,Low,Synthetic operational record,13.4,16.6,44.7,WITHIN SLA,True,,
CASE-11025,DP1046,A2001,2026-10-01,2026-10-01 22:33:51.437084,Delivery Delay,Traffic delay,LOW,60,2026-10-01 22:36:51.437084,,,In Progress,Technical Fix,True,L2,False,Resolved,96.7,PASS,True,6.3,Medium,Synthetic operational record,85.1,-25.1,141.9,BREACHED,False,SLA Breach,2026-10-01 22:33:51.437084
CASE-11026,DP1053,A2018,2026-10-01,2026-10-01 23:23:56.450589,Payment Issue,Payment timing,LOW,60,2026-10-01 23:25:56.450589,,,Pending,Payment Adjustment,True,L2,True,Resolved,96.5,PASS,True,4.5,Medium,Synthetic operational record,35.1,24.9,58.4,WITHIN SLA,False,Manager Intervention Required,2026-10-01 23:23:56.450589
CASE-11027,DP1040,A2013,2026-10-01,2026-10-01 23:58:31.590622,Delivery Delay,Weather delay,LOW,60,2026-10-02 00:04:31.590622,,,New,Route Support,False,L1,False,Resolved,99.8,PASS,True,12.6,Low,Synthetic operational record,0.5,59.5,0.8,WITHIN SLA,False,,
CASE-11028,DP1054,A2020,2026-10-01,2026-10-01 23:58:38.515458,Delivery Delay,Weather delay,HIGH,15,2026-10-02 00:00:38.515458,,,New,Payment Adjustment,True,L2,False,Resolved,99.1,PASS,True,16.6,Low,Synthetic operational record,0.4,14.6,2.4,WITHIN SLA,True,High Priority Unresolved + Repeated Issue,2026-10-01 23:58:38.515458
CASE-11029,DP1083,A2010,2026-10-01,2026-10-01 23:54:44.933215,Delivery Delay,Late arrival,MEDIUM,30,2026-10-01 23:56:44.933215,,,Escalated,Manager Review,True,L2,False,Resolved,93.4,REVIEW,True,17.1,Low,Synthetic operational record,4.3,25.7,14.2,WITHIN SLA,True,Repeated Issue,2026-10-01 23:54:44.933215
CASE-11030,DP1044,A2013,2026-10-01,2026-10-01 22:32:28.702562,Delivery Delay,Missed handoff,LOW,60,2026-10-01 22:38:28.702562,,,In Progress,Payment Adjustment,True,L2,False,Resolved,99.0,PASS,True,19.3,Low,Synthetic operational record,86.5,-26.5,144.2,BREACHED,False,SLA Breach,2026-10-01 22:32:28.702562
CASE-11031,DP1037,A2009,2026-10-01,2026-10-01 23:46:51.633421,Account / Access Issue,Password reset,HIGH,15,2026-10-01 23:49:51.633421,,,Pending,Payment Adjustment,True,L2,False,Resolved,94.9,REVIEW,True,2.2,Low,Synthetic operational record,12.1,2.9,80.9,AT RISK,False,High Priority Unresolved,2026-10-01 23:46:51.633421
CASE-11032,DP1014,A2018,2026-10-01,2026-10-01 23:56:37.799767,Verification Issue,Vehicle verification,LOW,60,2026-10-01 23:58:37.799767,,,Escalated,Guidance Provided,True,L2,False,Resolved,100.0,PASS,True,14.5,Low,Synthetic operational record,2.4,57.6,4.0,WITHIN SLA,True,Repeated Issue,2026-10-01 23:56:37.799767
CASE-11033,DP1036,A2017,2026-10-01,2026-10-01 23:32:34.645118,Payment Issue,Adjustment request,MEDIUM,30,2026-10-01 23:38:34.645118,,,New,Manager Review,False,L1,False,Resolved,99.5,PASS,True,28.0,Medium,Synthetic operational record,26.4,3.6,88.1,AT RISK,False,,
CASE-11034,DP1013,A2019,2026-10-01,2026-10-01 23:50:01.137200,Verification Issue,Document check,MEDIUM,30,2026-10-01 23:57:01.137200,,,Escalated,Guidance Provided,True,L2,False,Resolved,90.9,REVIEW,True,5.7,Medium,Synthetic operational record,9.0,21.0,29.9,WITHIN SLA,True,Repeated Issue,2026-10-01 23:50:01.137200
CASE-11035,DP1019,A2011,2026-09-14,2026-09-14 13:48:00.000000,Account / Access Issue,Permission request,HIGH,15,2026-09-14 13:52:00.000000,2026-09-14 13:52:00,4.0,Resolved,Guidance Provided,False,Manager,False,Resolved,100.0,PASS,True,17.7,High,Synthetic operational record,4.0,11.0,26.7,WITHIN SLA,False,,
CASE-11036,DP1096,A2016,2026-09-15,2026-09-15 12:10:00.000000,Delivery Partner App Issue,Crash,MEDIUM,30,2026-09-15 12:16:00.000000,2026-09-15 12:25:18,15.3,Resolved,Manager Review,False,L1,False,Resolved,83.5,FAIL,True,25.5,Medium,Synthetic operational record,15.3,14.7,51.0,WITHIN SLA,False,,
CASE-11037,DP1009,A2008,2026-10-01,2026-10-01 23:54:26.481929,Delivery Delay,Weather delay,MEDIUM,30,2026-10-02 00:00:26.481929,,,In Progress,Payment Adjustment,True,L2,False,Resolved,97.2,PASS,True,12.6,Low,Synthetic operational record,4.6,25.4,15.2,WITHIN SLA,True,Repeated Issue,2026-10-01 23:54:26.481929
CASE-11038,DP1049,A2010,2026-09-27,2026-09-27 17:19:00.000000,Delivery Assignment Issue,Duplicate assignment,HIGH,15,2026-09-27 17:24:00.000000,2026-09-27 17:23:00,4.0,Closed,Guidance Provided,False,L1,False,Resolved,90.5,REVIEW,True,26.1,Low,Synthetic operational record,4.0,11.0,26.7,WITHIN SLA,False,,
CASE-11039,DP1084,A2016,2026-09-04,2026-09-04 12:08:00.000000,Verification Issue,Vehicle verification,LOW,60,2026-09-04 12:14:00.000000,2026-09-04 12:56:48,48.8,Resolved,Payment Adjustment,False,L1,False,Resolved,100.0,PASS,True,3.7,Low,Synthetic operational record,48.8,11.2,81.3,WITHIN SLA,False,,
CASE-11040,DP1096,A2002,2026-09-17,2026-09-17 15:50:00.000000,Delivery Assignment Issue,No assignment,HIGH,15,2026-09-17 15:51:00.000000,2026-09-17 16:08:12,18.2,Resolved,Payment Adjustment,True,L2,False,Resolved,95.3,PASS,True,32.7,Low,Synthetic operational record,18.2,-3.2,121.3,BREACHED,False,SLA Breach,2026-09-17 15:50:00.000000
CASE-11041,DP1015,A2015,2026-10-01,2026-10-01 12:09:00.000000,Route / Navigation Issue,Restricted road,HIGH,15,2026-10-01 12:10:00.000000,2026-10-01 12:13:00,4.0,Closed,Guidance Provided,False,L1,False,Resolved,90.0,REVIEW,True,26.4,Low,Synthetic operational record,4.0,11.0,26.7,WITHIN SLA,False,,
CASE-11042,DP1017,A2001,2026-09-24,2026-09-24 17:22:00.000000,Delivery Assignment Issue,Assignment timeout,HIGH,15,2026-09-24 17:29:00.000000,2026-09-24 17:26:00,4.0,Resolved,Route Support,False,L1,False,Resolved,92.7,REVIEW,True,22.7,Medium,Synthetic operational record,4.0,11.0,26.7,WITHIN SLA,False,,
CASE-11043,DP1038,A2012,2026-09-26,2026-09-26 10:54:00.000000,Delivery Delay,Late arrival,LOW,60,2026-09-26 10:55:00.000000,2026-09-26 11:56:54,62.9,Closed,Route Support,True,L2,False,Resolved,90.4,REVIEW,True,35.5,Low,Synthetic operational record,62.9,-2.9,104.8,BREACHED,False,SLA Breach,2026-09-26 10:54:00.000000
CASE-11044,DP1056,A2010,2026-10-01,2026-10-01 23:38:29.934709,Other Operational Issue,Communication,LOW,60,2026-10-01 23:44:29.934709,,,Escalated,Guidance Provided,False,L1,False,Resolved,92.5,REVIEW,True,18.0,Low,Synthetic operational record,20.5,39.5,34.2,WITHIN SLA,False,,
CASE-11045,DP1096,A2010,2026-09-02,2026-09-02 15:35:00.000000,Payment Issue,Rate question,MEDIUM,30,2026-09-02 15:38:00.000000,2026-09-02 15:53:54,18.9,Closed,Route Support,False,L1,False,Resolved,92.4,REVIEW,True,14.6,Low,Synthetic operational record,18.9,11.1,63.0,WITHIN SLA,False,,
CASE-11046,DP1021,A2010,2026-09-27,2026-09-27 11:26:00.000000,Account / Access Issue,Profile update,MEDIUM,30,2026-09-27 11:32:00.000000,2026-09-27 11:37:36,11.6,Closed,Technical Fix,False,L1,False,Resolved,90.2,REVIEW,True,38.5,High,Synthetic operational record,11.6,18.4,38.7,WITHIN SLA,False,,
CASE-11047,DP1017,A2010,2026-09-15,2026-09-15 11:38:00.000000,Other Operational Issue,Communication,MEDIUM,30,2026-09-15 11:43:00.000000,2026-09-15 12:05:48,27.8,Closed,Route Support,False,L1,False,Resolved,95.4,PASS,True,44.1,Medium,Synthetic operational record,27.8,2.2,92.7,AT RISK,False,,
CASE-11048,DP1026,A2009,2026-10-01,2026-10-01 23:55:10.603391,Account / Access Issue,Permission request,HIGH,15,2026-10-01 23:56:10.603391,,,In Progress,Technical Fix,True,L2,False,Resolved,96.0,PASS,True,13.7,Low,Synthetic operational record,3.8,11.2,25.5,WITHIN SLA,True,High Priority Unresolved + Repeated Issue,2026-10-01 23:55:10.603391
CASE-11049,DP1088,A2010,2026-09-02,2026-09-02 13:33:00.000000,Delivery Partner App Issue,Crash,MEDIUM,30,2026-09-02 13:36:00.000000,2026-09-02 13:50:06,17.1,Closed,Technical Fix,False,L1,False,Resolved,89.0,FAIL,True,20.6,Low,Synthetic operational record,17.1,12.9,57.0,WITHIN SLA,False,,
CASE-11050,DP1004,A2012,2026-09-02,2026-09-02 14:53:00.000000,Account / Access Issue,Permission request,LOW,60,2026-09-02 14:58:00.000000,2026-09-02 15:17:48,24.8,Closed,Payment Adjustment,False,L1,False,Resolved,85.7,FAIL,True,34.5,Medium,Synthetic operational record,24.8,35.2,41.3,WITHIN SLA,False,,
CASE-11051,DP1039,A2016,2026-10-01,2026-10-01 23:45:06.473143,Delivery Partner App Issue,Crash,MEDIUM,30,2026-10-01 23:52:06.473143,,,Pending,Payment Adjustment,True,L2,False,Resolved,95.6,PASS,True,21.1,Low,Synthetic operational record,13.9,16.1,46.3,WITHIN SLA,True,Repeated Issue,2026-10-01 23:45:06.473143
CASE-11052,DP1012,A2012,2026-09-20,2026-09-20 16:16:00.000000,Payment Issue,Rate question,LOW,60,2026-09-20 16:22:00.000000,2026-09-20 16:58:48,42.8,Resolved,Technical Fix,False,L1,False,Resolved,96.7,PASS,True,29.1,Medium,Synthetic operational record,42.8,17.2,71.3,WITHIN SLA,False,,
CASE-11053,DP1016,A2013,2026-10-01,2026-10-01 16:37:00.000000,Account / Access Issue,Account locked,LOW,60,2026-10-01 16:44:00.000000,2026-10-01 17:45:06,68.1,Closed,Manager Review,True,L2,False,Resolved,97.7,PASS,True,31.4,Medium,Synthetic operational record,68.1,-8.1,113.5,BREACHED,False,SLA Breach,2026-10-01 16:37:00.000000
CASE-11054,DP1092,A2017,2026-10-01,2026-10-01 23:07:51.895127,Route / Navigation Issue,Map pin error,LOW,60,2026-10-01 23:14:51.895127,,,In Progress,Route Support,True,L2,False,Resolved,96.8,PASS,True,15.3,Medium,Synthetic operational record,51.1,8.9,85.2,AT RISK,True,Repeated Issue,2026-10-01 23:07:51.895127
CASE-11055,DP1001,A2020,2026-09-26,2026-09-26 10:56:00.000000,Delivery Delay,Missed handoff,MEDIUM,30,2026-09-26 11:03:00.000000,2026-09-26 11:13:06,17.1,Resolved,Payment Adjustment,False,L1,False,Resolved,100.0,PASS,True,27.0,Low,Synthetic operational record,17.1,12.9,57.0,WITHIN SLA,True,,
CASE-11056,DP1033,A2003,2026-09-22,2026-09-22 08:13:00.000000,Payment Issue,Payment timing,MEDIUM,30,2026-09-22 08:18:00.000000,2026-09-22 08:23:48,10.8,Resolved,Technical Fix,False,L1,False,Resolved,99.0,PASS,True,21.9,Medium,Synthetic operational record,10.8,19.2,36.0,WITHIN SLA,False,,
CASE-11057,DP1092,A2015,2026-10-01,2026-10-01 23:34:10.733568,Account / Access Issue,Permission request,MEDIUM,30,2026-10-01 23:37:10.733568,,,In Progress,Payment Adjustment,False,L1,False,Resolved,100.0,PASS,True,7.4,Low,Synthetic operational record,24.8,5.2,82.7,AT RISK,False,,
CASE-11058,DP1061,A2005,2026-10-01,2026-10-01 23:58:16.204693,Route / Navigation Issue,Restricted road,MEDIUM,30,2026-10-02 00:02:16.204693,,,Escalated,Guidance Provided,True,L2,False,Resolved,100.0,PASS,True,10.1,Low,Synthetic operational record,0.7,29.3,2.4,WITHIN SLA,True,Repeated Issue,2026-10-01 23:58:16.204693
CASE-11059,DP1008,A2004,2026-10-01,2026-10-01 23:00:22.155580,Delivery Delay,Weather delay,MEDIUM,30,2026-10-01 23:06:22.155580,,,In Progress,Manager Review,True,L2,False,Resolved,85.2,FAIL,True,14.2,Low,Synthetic operational record,58.6,-28.6,195.4,BREACHED,False,SLA Breach,2026-10-01 23:00:22.155580
CASE-11060,DP1047,A2016,2026-10-01,2026-10-01 23:54:57.417585,Account / Access Issue,Profile update,MEDIUM,30,2026-10-01 23:57:57.417585,,,Pending,Guidance Provided,False,L1,False,Resolved,83.0,FAIL,True,33.1,Low,Synthetic operational record,4.0,26.0,13.5,WITHIN SLA,False,,
CASE-11061,DP1098,A2002,2026-09-26,2026-09-26 10:52:00.000000,Delivery Assignment Issue,Duplicate assignment,HIGH,15,2026-09-26 10:58:00.000000,2026-09-26 11:02:06,10.1,Closed,Route Support,False,L1,False,Resolved,94.0,REVIEW,True,33.5,Low,Synthetic operational record,10.1,4.9,67.3,AT RISK,False,,
CASE-11062,DP1041,A2017,2026-09-19,2026-09-19 13:05:00.000000,Delivery Partner App Issue,Sync delay,MEDIUM,30,2026-09-19 13:10:00.000000,2026-09-19 13:15:36,10.6,Resolved,Technical Fix,False,L1,False,Resolved,96.5,PASS,True,31.0,Medium,Synthetic operational record,10.6,19.4,35.3,WITHIN SLA,False,,
CASE-11063,DP1053,A2016,2026-10-01,2026-10-01 23:44:09.312850,Route / Navigation Issue,Incorrect route,MEDIUM,30,2026-10-01 23:46:09.312850,,,Escalated,Route Support,True,L2,True,Resolved,93.6,REVIEW,True,27.3,Medium,Synthetic operational record,14.8,15.2,49.5,WITHIN SLA,False,Manager Intervention Required,2026-10-01 23:44:09.312850
CASE-11064,DP1054,A2020,2026-10-01,2026-10-01 23:55:37.839624,Other Operational Issue,Communication,MEDIUM,30,2026-10-02 00:02:37.839624,,,In Progress,Technical Fix,True,L2,False,Resolved,97.5,PASS,True,27.0,Low,Synthetic operational record,3.4,26.6,11.2,WITHIN SLA,True,Repeated Issue,2026-10-01 23:55:37.839624
CASE-11065,DP1067,A2014,2026-09-14,2026-09-14 14:07:00.000000,Delivery Assignment Issue,Wrong zone,MEDIUM,30,2026-09-14 14:13:00.000000,2026-09-14 14:24:12,17.2,Closed,Guidance Provided,False,L1,False,Resolved,92.6,REVIEW,True,25.3,Medium,Synthetic operational record,17.2,12.8,57.3,WITHIN SLA,False,,
CASE-11066,DP1019,A2018,2026-09-24,2026-09-24 15:32:00.000000,Delivery Assignment Issue,No assignment,HIGH,15,2026-09-24 15:37:00.000000,2026-09-24 15:36:00,4.0,Closed,Manager Review,False,Manager,False,Resolved,90.5,REVIEW,True,26.9,High,Synthetic operational record,4.0,11.0,26.7,WITHIN SLA,False,,
CASE-11067,DP1084,A2003,2026-10-01,2026-10-01 23:35:27.915077,Delivery Partner App Issue,Login error,MEDIUM,30,2026-10-01 23:37:27.915077,,,In Progress,Route Support,False,L1,False,Resolved,91.3,REVIEW,True,27.7,Low,Synthetic operational record,23.5,6.5,78.4,AT RISK,False,,
CASE-11068,DP1099,A2018,2026-10-01,2026-10-01 23:51:38.470470,Account / Access Issue,Profile update,MEDIUM,30,2026-10-01 23:53:38.470470,,,Pending,Guidance Provided,False,L1,False,Resolved,93.0,REVIEW,True,5.1,Medium,Synthetic operational record,7.4,22.6,24.5,WITHIN SLA,False,,
CASE-11069,DP1015,A2004,2026-09-02,2026-09-02 17:15:00.000000,Delivery Assignment Issue,Assignment timeout,LOW,60,2026-09-02 17:21:00.000000,2026-09-02 17:40:36,25.6,Resolved,Guidance Provided,False,L1,False,Resolved,98.2,PASS,True,12.5,High,Synthetic operational record,25.6,34.4,42.7,WITHIN SLA,False,,
CASE-11070,DP1082,A2007,2026-09-07,2026-09-07 14:00:00.000000,Delivery Delay,Weather delay,MEDIUM,30,2026-09-07 14:01:00.000000,2026-09-07 14:12:48,12.8,Resolved,Payment Adjustment,False,L1,False,Resolved,91.6,REVIEW,True,9.7,Medium,Synthetic operational record,12.8,17.2,42.7,WITHIN SLA,False,,
CASE-11071,DP1082,A2003,2026-10-01,2026-10-01 23:49:52.637586,Other Operational Issue,Communication,MEDIUM,30,2026-10-01 23:53:52.637586,,,Escalated,Manager Review,False,L1,False,Resolved,92.6,REVIEW,True,35.3,Low,Synthetic operational record,9.1,20.9,30.4,WITHIN SLA,False,,
CASE-11072,DP1075,A2009,2026-09-30,2026-09-30 08:32:00.000000,Delivery Partner App Issue,Crash,MEDIUM,30,2026-09-30 08:37:00.000000,2026-09-30 08:44:18,12.3,Resolved,Payment Adjustment,False,L1,False,Resolved,96.9,PASS,True,41.8,Medium,Synthetic operational record,12.3,17.7,41.0,WITHIN SLA,False,,
CASE-11073,DP1038,A2015,2026-10-01,2026-10-01 23:50:56.006117,Delivery Delay,Late arrival,MEDIUM,30,2026-10-01 23:52:56.006117,,,Pending,Guidance Provided,True,L2,False,Resolved,93.0,REVIEW,True,2.0,Medium,Synthetic operational record,8.1,21.9,26.9,WITHIN SLA,True,Repeated Issue,2026-10-01 23:50:56.006117
CASE-11074,DP1047,A2006,2026-10-01,2026-10-01 22:43:24.964203,Delivery Delay,Weather delay,LOW,60,2026-10-01 22:50:24.964203,,,In Progress,Route Support,True,L2,False,Resolved,99.6,PASS,True,40.8,Low,Synthetic operational record,75.6,-15.6,126.0,BREACHED,True,SLA Breach + Repeated Issue,2026-10-01 22:43:24.964203
CASE-11075,DP1084,A2017,2026-09-18,2026-09-18 11:04:00.000000,Verification Issue,Document check,HIGH,15,2026-09-18 11:08:00.000000,2026-09-18 11:08:00,4.0,Resolved,Payment Adjustment,False,L1,False,Resolved,89.4,FAIL,True,23.0,Low,Synthetic operational record,4.0,11.0,26.7,WITHIN SLA,True,,
CASE-11076,DP1016,A2013,2026-09-05,2026-09-05 12:18:00.000000,Payment Issue,Rate question,LOW,60,2026-09-05 12:19:00.000000,2026-09-05 12:42:36,24.6,Closed,Route Support,False,L1,False,Resolved,88.3,FAIL,True,34.2,Low,Synthetic operational record,24.6,35.4,41.0,WITHIN SLA,False,,
CASE-11077,DP1083,A2013,2026-10-01,2026-10-01 23:27:02.778937,Payment Issue,Rate question,HIGH,15,2026-10-01 23:30:02.778937,,,In Progress,Technical Fix,True,L2,False,Resolved,95.5,PASS,True,28.1,Low,Synthetic operational record,32.0,-17.0,213.0,BREACHED,False,SLA Breach + High Priority Unresolved,2026-10-01 23:27:02.778937
CASE-11078,DP1093,A2019,2026-10-01,2026-10-01 23:06:03.845214,Delivery Partner App Issue,Crash,LOW,60,2026-10-01 23:09:03.845214,,,Pending,Guidance Provided,False,L1,False,Resolved,96.0,PASS,True,39.3,Low,Synthetic operational record,52.9,7.1,88.2,AT RISK,False,,
CASE-11079,DP1069,A2009,2026-10-01,2026-10-01 23:36:21.407032,Verification Issue,Document check,MEDIUM,30,2026-10-01 23:38:21.407032,,,In Progress,Guidance Provided,True,L2,False,Failed,89.7,FAIL,False,24.5,Low,Synthetic operational record,22.6,7.4,75.5,AT RISK,False,SOP Resolution Failed,2026-10-01 23:36:21.407032
CASE-11080,DP1035,A2007,2026-09-21,2026-09-21 12:23:00.000000,Verification Issue,Delivery proof,MEDIUM,30,2026-09-21 12:30:00.000000,2026-09-21 12:33:48,10.8,Closed,Route Support,False,L1,False,Resolved,100.0,PASS,True,5.6,Medium,Synthetic operational record,10.8,19.2,36.0,WITHIN SLA,False,,
CASE-11081,DP1056,A2020,2026-09-05,2026-09-05 10:08:00.000000,Delivery Partner App Issue,Login error,MEDIUM,30,2026-09-05 10:11:00.000000,2026-09-05 10:24:36,16.6,Resolved,Route Support,False,L1,False,Resolved,100.0,PASS,True,20.7,Medium,Synthetic operational record,16.6,13.4,55.3,WITHIN SLA,False,,
CASE-11082,DP1006,A2012,2026-09-25,2026-09-25 17:10:00.000000,Payment Issue,Payment timing,LOW,60,2026-09-25 17:14:00.000000,2026-09-25 17:53:00,43.0,Resolved,Technical Fix,False,L1,False,Resolved,90.9,REVIEW,True,28.2,Low,Synthetic operational record,43.0,17.0,71.7,WITHIN SLA,False,,
CASE-11083,DP1094,A2013,2026-10-01,2026-10-01 23:58:21.425054,Account / Access Issue,Permission request,HIGH,15,2026-10-02 00:02:21.425054,,,In Progress,Guidance Provided,True,L2,False,Resolved,100.0,PASS,True,19.4,Low,Synthetic operational record,0.6,14.4,4.3,WITHIN SLA,True,High Priority Unresolved + Repeated Issue,2026-10-01 23:58:21.425054
CASE-11084,DP1035,A2006,2026-09-07,2026-09-07 10:59:00.000000,Delivery Partner App Issue,Login error,MEDIUM,30,2026-09-07 11:01:00.000000,2026-09-07 11:19:00,20.0,Resolved,Route Support,False,L1,False,Resolved,82.1,FAIL,True,29.9,Low,Synthetic operational record,20.0,10.0,66.7,AT RISK,False,,
CASE-11085,DP1006,A2005,2026-09-29,2026-09-29 09:45:00.000000,Delivery Assignment Issue,Assignment timeout,MEDIUM,30,2026-09-29 09:49:00.000000,2026-09-29 09:57:12,12.2,Closed,Guidance Provided,False,L1,False,Resolved,99.4,PASS,True,21.2,Low,Synthetic operational record,12.2,17.8,40.7,WITHIN SLA,False,,
CASE-11086,DP1080,A2004,2026-09-21,2026-09-21 10:11:00.000000,Delivery Delay,Missed handoff,MEDIUM,30,2026-09-21 10:14:00.000000,2026-09-21 10:26:00,15.0,Resolved,Guidance Provided,False,L1,False,Resolved,89.7,FAIL,True,14.9,Medium,Synthetic operational record,15.0,15.0,50.0,WITHIN SLA,True,,
CASE-11087,DP1066,A2005,2026-09-11,2026-09-11 12:46:00.000000,Payment Issue,Adjustment request,LOW,60,2026-09-11 12:47:00.000000,2026-09-11 13:29:30,43.5,Resolved,Payment Adjustment,False,L1,False,Resolved,98.9,PASS,True,9.0,Low,Synthetic operational record,43.5,16.5,72.5,WITHIN SLA,False,,
CASE-11088,DP1063,A2004,2026-10-01,2026-10-01 23:41:00.348588,Delivery Assignment Issue,No assignment,MEDIUM,30,2026-10-01 23:44:00.348588,,,Escalated,Route Support,False,L1,False,Resolved,89.2,FAIL,True,17.3,High,Synthetic operational record,18.0,12.0,60.0,WITHIN SLA,False,,
CASE-11089,DP1006,A2015,2026-10-01,2026-10-01 13:00:00.000000,Delivery Delay,Traffic delay,LOW,60,2026-10-01 13:05:00.000000,2026-10-01 13:41:24,41.4,Resolved,Manager Review,False,L1,False,Resolved,93.7,REVIEW,True,24.5,Low,Synthetic operational record,41.4,18.6,69.0,WITHIN SLA,False,,
CASE-11090,DP1076,A2002,2026-09-17,2026-09-17 08:33:00.000000,Delivery Assignment Issue,Assignment timeout,LOW,60,2026-09-17 08:34:00.000000,2026-09-17 09:28:06,55.1,Resolved,Route Support,False,L1,False,Resolved,89.9,FAIL,True,2.0,Low,Synthetic operational record,55.1,4.9,91.8,AT RISK,False,,
CASE-11091,DP1064,A2013,2026-09-09,2026-09-09 08:23:00.000000,Delivery Delay,Weather delay,MEDIUM,30,2026-09-09 08:29:00.000000,2026-09-09 09:22:42,59.7,Resolved,Manager Review,True,L2,False,Resolved,92.9,REVIEW,True,12.6,Medium,Synthetic operational record,59.7,-29.7,199.0,BREACHED,False,SLA Breach,2026-09-09 08:23:00.000000
CASE-11092,DP1080,A2019,2026-10-01,2026-10-01 23:05:53.719341,Route / Navigation Issue,Restricted road,MEDIUM,30,2026-10-01 23:10:53.719341,,,In Progress,Route Support,True,L2,False,Resolved,100.0,PASS,True,2.0,Low,Synthetic operational record,53.1,-23.1,177.0,BREACHED,False,SLA Breach,2026-10-01 23:05:53.719341
CASE-11093,DP1083,A2016,2026-10-01,2026-10-01 23:14:57.100347,Delivery Delay,Late arrival,LOW,60,2026-10-01 23:17:57.100347,,,Escalated,Manager Review,False,L1,False,Resolved,93.5,REVIEW,True,14.6,Low,Synthetic operational record,44.0,16.0,73.4,WITHIN SLA,False,,
CASE-11094,DP1022,A2009,2026-09-23,2026-09-23 14:12:00.000000,Delivery Partner App Issue,Sync delay,LOW,60,2026-09-23 14:17:00.000000,2026-09-23 14:36:30,24.5,Closed,Guidance Provided,False,L1,False,Resolved,100.0,PASS,True,36.4,Low,Synthetic operational record,24.5,35.5,40.8,WITHIN SLA,False,,
CASE-11095,DP1022,A2002,2026-09-03,2026-09-03 13:37:00.000000,Account / Access Issue,Account locked,LOW,60,2026-09-03 13:40:00.000000,2026-09-03 14:04:18,27.3,Closed,Guidance Provided,False,L1,False,Resolved,92.1,REVIEW,True,7.8,Medium,Synthetic operational record,27.3,32.7,45.5,WITHIN SLA,False,,
CASE-11096,DP1093,A2017,2026-09-18,2026-09-18 11:11:00.000000,Delivery Partner App Issue,Notification failure,LOW,60,2026-09-18 11:16:00.000000,2026-09-18 11:42:36,31.6,Closed,Route Support,False,L1,False,Resolved,100.0,PASS,True,30.4,Low,Synthetic operational record,31.6,28.4,52.7,WITHIN SLA,False,,
CASE-11097,DP1054,A2001,2026-09-24,2026-09-24 17:17:00.000000,Verification Issue,Document check,MEDIUM,30,2026-09-24 17:19:00.000000,2026-09-24 17:34:00,17.0,Resolved,Manager Review,False,L1,False,Resolved,85.9,FAIL,True,56.2,Medium,Synthetic operational record,17.0,13.0,56.7,WITHIN SLA,False,,
CASE-11098,DP1044,A2014,2026-09-09,2026-09-09 11:18:00.000000,Payment Issue,Rate question,LOW,60,2026-09-09 11:23:00.000000,2026-09-09 11:54:00,36.0,Resolved,Route Support,False,L1,False,Resolved,92.6,REVIEW,True,39.4,Medium,Synthetic operational record,36.0,24.0,60.0,WITHIN SLA,False,,
CASE-11099,DP1029,A2014,2026-10-01,2026-10-01 23:50:40.653291,Verification Issue,Vehicle verification,HIGH,15,2026-10-01 23:51:40.653291,,,Pending,Technical Fix,True,L2,False,Resolved,91.3,REVIEW,True,23.6,Medium,Synthetic operational record,8.3,6.7,55.5,AT RISK,False,High Priority Unresolved,2026-10-01 23:50:40.653291
CASE-11100,DP1064,A2004,2026-09-04,2026-09-04 16:57:00.000000,Delivery Assignment Issue,No assignment,LOW,60,2026-09-04 16:58:00.000000,2026-09-04 17:40:00,43.0,Closed,Payment Adjustment,False,L1,False,Resolved,100.0,PASS,True,32.3,Medium,Synthetic operational record,43.0,17.0,71.7,WITHIN SLA,False,,
CASE-11101,DP1076,A2015,2026-10-01,2026-10-01 23:26:34.427537,Delivery Assignment Issue,Duplicate assignment,LOW,60,2026-10-01 23:28:34.427537,,,Escalated,Guidance Provided,False,L1,False,Resolved,94.9,REVIEW,True,5.6,Medium,Synthetic operational record,32.4,27.6,54.0,WITHIN SLA,False,,
CASE-11102,DP1001,A2004,2026-09-19,2026-09-19 16:56:00.000000,Delivery Delay,Weather delay,HIGH,15,2026-09-19 16:58:00.000000,2026-09-19 17:00:00,4.0,Resolved,Technical Fix,False,L1,False,Resolved,83.6,FAIL,True,3.1,Medium,Synthetic operational record,4.0,11.0,26.7,WITHIN SLA,False,,
CASE-11103,DP1056,A2005,2026-10-01,2026-10-01 23:34:25.469718,Delivery Partner App Issue,Login error,LOW,60,2026-10-01 23:38:25.469718,,,Pending,Route Support,True,L2,False,Resolved,87.4,FAIL,True,22.3,Low,Synthetic operational record,24.6,35.4,41.0,WITHIN SLA,True,Repeated Issue,2026-10-01 23:34:25.469718
CASE-11104,DP1100,A2017,2026-10-01,2026-10-01 23:37:07.064777,Delivery Assignment Issue,No assignment,MEDIUM,30,2026-10-01 23:39:07.064777,,,Escalated,Guidance Provided,True,L2,False,Resolved,88.9,FAIL,True,26.8,Medium,Synthetic operational record,21.9,8.1,72.9,AT RISK,True,Repeated Issue,2026-10-01 23:37:07.064777
CASE-11105,DP1029,A2020,2026-09-06,2026-09-06 08:52:00.000000,Verification Issue,Identity mismatch,HIGH,15,2026-09-06 08:54:00.000000,2026-09-06 08:56:00,4.0,Closed,Payment Adjustment,True,L2,False,Failed,98.7,PASS,False,35.1,Medium,Synthetic operational record,4.0,11.0,26.7,WITHIN SLA,False,SOP Resolution Failed,2026-09-06 08:52:00.000000
CASE-11106,DP1029,A2006,2026-10-01,2026-10-01 23:56:52.192769,Account / Access Issue,Profile update,HIGH,15,2026-10-01 23:57:52.192769,,,Escalated,Technical Fix,True,L2,False,Resolved,98.0,PASS,True,15.2,Low,Synthetic operational record,2.1,12.9,14.2,WITHIN SLA,False,High Priority Unresolved,2026-10-01 23:56:52.192769
CASE-11107,DP1088,A2019,2026-09-21,2026-09-21 10:10:00.000000,Delivery Partner App Issue,Login error,MEDIUM,30,2026-09-21 10:17:00.000000,2026-09-21 10:35:42,25.7,Resolved,Payment Adjustment,False,L1,False,Resolved,92.5,REVIEW,True,24.3,Medium,Synthetic operational record,25.7,4.3,85.7,AT RISK,False,,
CASE-11108,DP1007,A2019,2026-09-05,2026-09-05 08:37:00.000000,Account / Access Issue,Permission request,LOW,60,2026-09-05 08:43:00.000000,2026-09-05 09:17:24,40.4,Resolved,Route Support,False,L1,False,Resolved,91.3,REVIEW,True,23.9,Low,Synthetic operational record,40.4,19.6,67.3,WITHIN SLA,False,,
CASE-11109,DP1040,A2016,2026-09-12,2026-09-12 08:02:00.000000,Verification Issue,Identity mismatch,MEDIUM,30,2026-09-12 08:04:00.000000,2026-09-12 08:55:36,53.6,Resolved,Manager Review,True,L2,False,Resolved,97.6,PASS,True,20.4,Low,Synthetic operational record,53.6,-23.6,178.7,BREACHED,False,SLA Breach,2026-09-12 08:02:00.000000
CASE-11110,DP1046,A2003,2026-09-14,2026-09-14 11:14:00.000000,Account / Access Issue,Profile update,HIGH,15,2026-09-14 11:15:00.000000,2026-09-14 11:18:00,4.0,Resolved,Payment Adjustment,False,L1,False,Resolved,88.4,FAIL,True,21.1,Low,Synthetic operational record,4.0,11.0,26.7,WITHIN SLA,True,,
CASE-11111,DP1080,A2006,2026-09-17,2026-09-17 13:53:00.000000,Route / Navigation Issue,Map pin error,HIGH,15,2026-09-17 13:59:00.000000,2026-09-17 13:57:00,4.0,Closed,Manager Review,False,L1,False,Resolved,96.3,PASS,True,11.7,Low,Synthetic operational record,4.0,11.0,26.7,WITHIN SLA,False,,
CASE-11112,DP1013,A2014,2026-09-11,2026-09-11 12:33:00.000000,Route / Navigation Issue,GPS drift,LOW,60,2026-09-11 12:38:00.000000,2026-09-11 13:24:24,51.4,Resolved,Route Support,False,L1,False,Resolved,95.9,PASS,True,25.4,Low,Synthetic operational record,51.4,8.6,85.7,AT RISK,False,,
CASE-11113,DP1044,A2020,2026-09-04,2026-09-04 11:01:00.000000,Delivery Delay,Weather delay,MEDIUM,30,2026-09-04 11:08:00.000000,2026-09-04 11:13:48,12.8,Resolved,Manager Review,False,L1,False,Resolved,92.6,REVIEW,True,24.3,Low,Synthetic operational record,12.8,17.2,42.7,WITHIN SLA,False,,
CASE-11114,DP1016,A2017,2026-10-01,2026-10-01 17:54:00.000000,Route / Navigation Issue,GPS drift,LOW,60,2026-10-01 17:56:00.000000,2026-10-01 18:26:00,32.0,Resolved,Route Support,False,L1,False,Resolved,96.0,PASS,True,16.7,Low,Synthetic operational record,32.0,28.0,53.3,WITHIN SLA,False,,
CASE-11115,DP1079,A2009,2026-10-01,2026-10-01 22:59:21.327774,Other Operational Issue,Other,LOW,60,2026-10-01 23:02:21.327774,,,Pending,Payment Adjustment,False,L1,False,Resolved,94.5,REVIEW,True,30.0,Low,Synthetic operational record,59.6,0.4,99.4,AT RISK,False,,
CASE-11116,DP1064,A2005,2026-09-17,2026-09-17 09:15:00.000000,Delivery Partner App Issue,Sync delay,MEDIUM,30,2026-09-17 09:16:00.000000,2026-09-17 09:30:36,15.6,Resolved,Route Support,False,L1,False,Resolved,96.5,PASS,True,34.3,Medium,Synthetic operational record,15.6,14.4,52.0,WITHIN SLA,False,,
CASE-11117,DP1050,A2020,2026-10-01,2026-10-01 23:02:47.088948,Delivery Assignment Issue,Wrong zone,LOW,60,2026-10-01 23:05:47.088948,,,In Progress,Technical Fix,True,L2,False,Failed,87.3,FAIL,False,30.1,Low,Synthetic operational record,56.2,3.8,93.7,AT RISK,False,SOP Resolution Failed,2026-10-01 23:02:47.088948
CASE-11118,DP1040,A2006,2026-09-20,2026-09-20 14:29:00.000000,Delivery Partner App Issue,Login error,LOW,60,2026-09-20 14:31:00.000000,2026-09-20 14:57:36,28.6,Closed,Route Support,False,L1,False,Resolved,97.1,PASS,True,9.5,High,Synthetic operational record,28.6,31.4,47.7,WITHIN SLA,True,,
CASE-11119,DP1016,A2007,2026-09-11,2026-09-11 15:20:00.000000,Other Operational Issue,Communication,LOW,60,2026-09-11 15:21:00.000000,2026-09-11 15:52:12,32.2,Resolved,Route Support,False,L1,False,Resolved,99.1,PASS,True,23.2,Medium,Synthetic operational record,32.2,27.8,53.7,WITHIN SLA,False,,
CASE-11120,DP1093,A2020,2026-09-17,2026-09-17 11:39:00.000000,Delivery Delay,Weather delay,MEDIUM,30,2026-09-17 11:43:00.000000,2026-09-17 11:56:18,17.3,Resolved,Route Support,False,L1,False,Resolved,95.6,PASS,True,11.1,Low,Synthetic operational record,17.3,12.7,57.7,WITHIN SLA,False,,
CASE-11121,DP1065,A2012,2026-10-01,2026-10-01 23:29:26.631122,Route / Navigation Issue,GPS drift,LOW,60,2026-10-01 23:36:26.631122,,,In Progress,Guidance Provided,False,L1,False,Resolved,97.0,PASS,True,23.2,Low,Synthetic operational record,29.6,30.4,49.3,WITHIN SLA,False,,
CASE-11122,DP1032,A2006,2026-09-09,2026-09-09 09:14:00.000000,Account / Access Issue,Profile update,MEDIUM,30,2026-09-09 09:19:00.000000,2026-09-09 10:01:24,47.4,Resolved,Payment Adjustment,True,L2,False,Resolved,93.5,REVIEW,True,11.1,Low,Synthetic operational record,47.4,-17.4,158.0,BREACHED,False,SLA Breach,2026-09-09 09:14:00.000000
CASE-11123,DP1042,A2001,2026-10-01,2026-10-01 23:56:05.473132,Other Operational Issue,Other,LOW,60,2026-10-02 00:02:05.473132,,,Escalated,Route Support,True,L2,False,Resolved,98.5,PASS,True,37.3,Low,Synthetic operational record,2.9,57.1,4.8,WITHIN SLA,True,Repeated Issue,2026-10-01 23:56:05.473132
CASE-11124,DP1073,A2009,2026-09-21,2026-09-21 15:09:00.000000,Delivery Partner App Issue,Notification failure,HIGH,15,2026-09-21 15:15:00.000000,2026-09-21 15:13:00,4.0,Closed,Guidance Provided,False,L1,False,Resolved,94.3,REVIEW,True,31.4,Low,Synthetic operational record,4.0,11.0,26.7,WITHIN SLA,False,,
CASE-11125,DP1072,A2020,2026-10-01,2026-10-01 23:01:50.197920,Verification Issue,Vehicle verification,LOW,60,2026-10-01 23:08:50.197920,,,New,Route Support,False,L1,False,Resolved,88.3,FAIL,True,35.8,Medium,Synthetic operational record,57.2,2.8,95.3,AT RISK,False,,
CASE-11126,DP1047,A2009,2026-09-23,2026-09-23 16:22:00.000000,Account / Access Issue,Profile update,MEDIUM,30,2026-09-23 16:23:00.000000,2026-09-23 17:12:42,50.7,Closed,Manager Review,True,L2,False,Failed,98.1,PASS,False,34.6,Medium,Synthetic operational record,50.7,-20.7,169.0,BREACHED,True,SLA Breach + Repeated Issue + SOP Resolution Failed,2026-09-23 16:22:00.000000
CASE-11127,DP1031,A2014,2026-10-01,2026-10-01 23:16:21.060440,Delivery Partner App Issue,Crash,LOW,60,2026-10-01 23:18:21.060440,,,Escalated,Payment Adjustment,False,L1,False,Resolved,85.8,FAIL,True,18.8,Low,Synthetic operational record,42.6,17.4,71.1,WITHIN SLA,False,,
CASE-11128,DP1066,A2006,2026-09-24,2026-09-24 09:44:00.000000,Verification Issue,Document check,LOW,60,2026-09-24 09:49:00.000000,2026-09-24 10:40:48,56.8,Resolved,Manager Review,False,L1,False,Resolved,95.4,PASS,True,16.9,Medium,Synthetic operational record,56.8,3.2,94.7,AT RISK,False,,
CASE-11129,DP1066,A2016,2026-10-01,2026-10-01 23:05:22.401205,Payment Issue,Payment timing,LOW,60,2026-10-01 23:11:22.401205,,,In Progress,Manager Review,False,L1,False,Resolved,92.1,REVIEW,True,42.9,Low,Synthetic operational record,53.6,6.4,89.4,AT RISK,False,,
CASE-11130,DP1060,A2016,2026-09-09,2026-09-09 09:55:00.000000,Route / Navigation Issue,Incorrect route,LOW,60,2026-09-09 10:01:00.000000,2026-09-09 10:28:36,33.6,Resolved,Payment Adjustment,False,L1,False,Resolved,91.8,REVIEW,True,20.0,Medium,Synthetic operational record,33.6,26.4,56.0,WITHIN SLA,False,,
CASE-11131,DP1008,A2013,2026-09-20,2026-09-20 08:02:00.000000,Delivery Delay,Traffic delay,LOW,60,2026-09-20 08:08:00.000000,2026-09-20 09:00:42,58.7,Closed,Manager Review,False,L1,False,Resolved,94.9,REVIEW,True,5.7,High,Synthetic operational record,58.7,1.3,97.8,AT RISK,False,,
CASE-11132,DP1048,A2016,2026-09-02,2026-09-02 13:02:00.000000,Delivery Assignment Issue,Assignment timeout,MEDIUM,30,2026-09-02 13:05:00.000000,2026-09-02 13:17:36,15.6,Resolved,Manager Review,False,L1,False,Resolved,90.5,REVIEW,True,34.1,Low,Synthetic operational record,15.6,14.4,52.0,WITHIN SLA,False,,
CASE-11133,DP1062,A2012,2026-10-01,2026-10-01 13:16:00.000000,Delivery Partner App Issue,Login error,MEDIUM,30,2026-10-01 13:19:00.000000,2026-10-01 13:34:36,18.6,Resolved,Guidance Provided,False,L1,False,Resolved,96.6,PASS,True,23.7,Medium,Synthetic operational record,18.6,11.4,62.0,WITHIN SLA,False,,
CASE-11134,DP1096,A2008,2026-10-01,2026-10-01 23:56:06.064759,Delivery Partner App Issue,Login error,LOW,60,2026-10-01 23:57:06.064759,,,Escalated,Manager Review,True,L2,False,Resolved,94.3,REVIEW,True,40.1,Medium,Synthetic operational record,2.9,57.1,4.8,WITHIN SLA,True,Repeated Issue,2026-10-01 23:56:06.064759
CASE-11135,DP1053,A2015,2026-09-18,2026-09-18 11:50:00.000000,Delivery Partner App Issue,Crash,MEDIUM,30,2026-09-18 11:53:00.000000,2026-09-18 12:06:42,16.7,Closed,Guidance Provided,False,L1,False,Resolved,90.9,REVIEW,True,24.9,Low,Synthetic operational record,16.7,13.3,55.7,WITHIN SLA,False,,
CASE-11136,DP1035,A2017,2026-10-01,2026-10-01 23:50:13.199929,Route / Navigation Issue,Restricted road,MEDIUM,30,2026-10-01 23:52:13.199929,,,Pending,Payment Adjustment,True,L2,False,Failed,100.0,PASS,False,21.8,Low,Synthetic operational record,8.8,21.2,29.3,WITHIN SLA,True,Repeated Issue + SOP Resolution Failed,2026-10-01 23:50:13.199929
CASE-11137,DP1056,A2017,2026-10-01,2026-10-01 23:49:43.374779,Payment Issue,Missing payout,LOW,60,2026-10-01 23:56:43.374779,,,Escalated,Manager Review,True,L2,False,Resolved,95.0,PASS,True,40.3,Medium,Synthetic operational record,9.3,50.7,15.5,WITHIN SLA,True,Repeated Issue,2026-10-01 23:49:43.374779
CASE-11138,DP1018,A2005,2026-10-01,2026-10-01 23:44:10.214793,Delivery Assignment Issue,Duplicate assignment,MEDIUM,30,2026-10-01 23:45:10.214793,,,In Progress,Route Support,False,L1,False,Resolved,97.2,PASS,True,3.5,Low,Synthetic operational record,14.8,15.2,49.4,WITHIN SLA,False,,
CASE-11139,DP1010,A2014,2026-09-05,2026-09-05 16:39:00.000000,Route / Navigation Issue,Incorrect route,LOW,60,2026-09-05 16:42:00.000000,2026-09-05 17:17:12,38.2,Closed,Technical Fix,True,L2,False,Failed,100.0,PASS,False,15.0,Low,Synthetic operational record,38.2,21.8,63.7,WITHIN SLA,False,SOP Resolution Failed,2026-09-05 16:39:00.000000
CASE-11140,DP1068,A2001,2026-09-11,2026-09-11 08:13:00.000000,Route / Navigation Issue,Map pin error,LOW,60,2026-09-11 08:20:00.000000,2026-09-11 08:43:12,30.2,Resolved,Route Support,False,L1,False,Resolved,100.0,PASS,True,11.4,Medium,Synthetic operational record,30.2,29.8,50.3,WITHIN SLA,False,,
CASE-11141,DP1099,A2012,2026-10-01,2026-10-01 23:35:10.236609,Delivery Delay,Traffic delay,MEDIUM,30,2026-10-01 23:42:10.236609,,,In Progress,Technical Fix,False,L1,False,Resolved,96.9,PASS,True,2.0,Low,Synthetic operational record,23.8,6.2,79.4,AT RISK,False,,
CASE-11142,DP1085,A2012,2026-09-15,2026-09-15 16:56:00.000000,Other Operational Issue,Policy question,HIGH,15,2026-09-15 16:59:00.000000,2026-09-15 17:09:54,13.9,Closed,Technical Fix,False,L1,False,Resolved,92.5,REVIEW,True,32.5,Low,Synthetic operational record,13.9,1.1,92.7,AT RISK,True,,
CASE-11143,DP1059,A2008,2026-10-01,2026-10-01 23:58:33.381988,Payment Issue,Rate question,HIGH,15,2026-10-02 00:02:33.381988,,,In Progress,Manager Review,True,Manager,False,Resolved,86.9,FAIL,True,15.3,High,Synthetic operational record,0.4,14.6,3.0,WITHIN SLA,True,High Impact + Repeated Issue + High Priority Unresolved,2026-10-01 23:58:33.381988
CASE-11144,DP1005,A2020,2026-10-01,2026-10-01 23:57:26.092980,Account / Access Issue,Profile update,HIGH,15,2026-10-02 00:01:26.092980,,,In Progress,Guidance Provided,True,L2,False,Resolved,95.0,PASS,True,32.9,Low,Synthetic operational record,1.6,13.4,10.4,WITHIN SLA,True,High Priority Unresolved + Repeated Issue,2026-10-01 23:57:26.092980
CASE-11145,DP1099,A2018,2026-10-01,2026-10-01 23:52:39.656058,Delivery Partner App Issue,Login error,MEDIUM,30,2026-10-01 23:58:39.656058,,,Pending,Manager Review,True,L2,False,Resolved,99.5,PASS,True,26.7,Low,Synthetic operational record,6.3,23.7,21.1,WITHIN SLA,True,Repeated Issue,2026-10-01 23:52:39.656058
CASE-11146,DP1045,A2001,2026-09-24,2026-09-24 09:13:00.000000,Verification Issue,Vehicle verification,LOW,60,2026-09-24 09:19:00.000000,2026-09-24 10:23:36,70.6,Resolved,Payment Adjustment,True,L2,False,Resolved,95.8,PASS,True,29.3,Medium,Synthetic operational record,70.6,-10.6,117.7,BREACHED,False,SLA Breach,2026-09-24 09:13:00.000000
CASE-11147,DP1029,A2005,2026-10-01,2026-10-01 22:43:16.941969,Other Operational Issue,Other,LOW,60,2026-10-01 22:47:16.941969,,,In Progress,Guidance Provided,True,L2,False,Resolved,76.8,FAIL,True,16.5,Low,Synthetic operational record,75.7,-15.7,126.2,BREACHED,False,SLA Breach,2026-10-01 22:43:16.941969
CASE-11148,DP1090,A2005,2026-10-01,2026-10-01 23:07:42.440432,Account / Access Issue,Account locked,LOW,60,2026-10-01 23:10:42.440432,,,Pending,Route Support,False,L1,False,Resolved,98.4,PASS,True,12.8,Medium,Synthetic operational record,51.3,8.7,85.5,AT RISK,False,,
CASE-11149,DP1075,A2018,2026-10-01,2026-10-01 23:12:37.153453,Delivery Delay,Missed handoff,LOW,60,2026-10-01 23:15:37.153453,,,Escalated,Guidance Provided,False,L1,False,Resolved,98.7,PASS,True,23.1,Medium,Synthetic operational record,46.4,13.6,77.3,WITHIN SLA,False,,
CASE-11150,DP1075,A2011,2026-09-22,2026-09-22 12:25:00.000000,Route / Navigation Issue,Map pin error,LOW,60,2026-09-22 12:30:00.000000,2026-09-22 13:20:36,55.6,Closed,Technical Fix,False,L1,False,Resolved,92.5,REVIEW,True,33.0,Low,Synthetic operational record,55.6,4.4,92.7,AT RISK,False,,
CASE-11151,DP1028,A2015,2026-10-01,2026-10-01 23:46:40.817014,Payment Issue,Adjustment request,MEDIUM,30,2026-10-01 23:52:40.817014,,,In Progress,Technical Fix,True,L2,False,Resolved,98.9,PASS,True,21.4,Low,Synthetic operational record,12.3,17.7,41.1,WITHIN SLA,True,Repeated Issue,2026-10-01 23:46:40.817014
CASE-11152,DP1100,A2017,2026-09-24,2026-09-24 15:31:00.000000,Route / Navigation Issue,GPS drift,LOW,60,2026-09-24 15:32:00.000000,2026-09-24 16:05:24,34.4,Resolved,Route Support,False,L1,False,Resolved,97.1,PASS,True,13.6,High,Synthetic operational record,34.4,25.6,57.3,WITHIN SLA,False,,
CASE-11153,DP1046,A2016,2026-09-08,2026-09-08 13:25:00.000000,Verification Issue,Delivery proof,LOW,60,2026-09-08 13:31:00.000000,2026-09-08 13:49:48,24.8,Closed,Technical Fix,False,L1,False,Resolved,90.6,REVIEW,True,7.6,Medium,Synthetic operational record,24.8,35.2,41.3,WITHIN SLA,False,,
CASE-11154,DP1054,A2002,2026-10-01,2026-10-01 23:12:01.629304,Other Operational Issue,Policy question,MEDIUM,30,2026-10-01 23:16:01.629304,,,In Progress,Route Support,True,L2,False,Resolved,100.0,PASS,True,24.4,Low,Synthetic operational record,47.0,-17.0,156.6,BREACHED,False,SLA Breach,2026-10-01 23:12:01.629304
CASE-11155,DP1076,A2003,2026-10-01,2026-10-01 23:48:53.578760,Delivery Delay,Late arrival,MEDIUM,30,2026-10-01 23:50:53.578760,,,In Progress,Guidance Provided,False,L1,False,Resolved,87.7,FAIL,True,15.4,Low,Synthetic operational record,10.1,19.9,33.7,WITHIN SLA,False,,
CASE-11156,DP1066,A2008,2026-10-01,2026-10-01 23:58:33.031230,Delivery Partner App Issue,Sync delay,HIGH,15,2026-10-01 23:59:33.031230,,,New,Route Support,True,L2,False,Resolved,93.7,REVIEW,True,21.1,Low,Synthetic operational record,0.4,14.6,3.0,WITHIN SLA,True,High Priority Unresolved + Repeated Issue,2026-10-01 23:58:33.031230
CASE-11157,DP1018,A2007,2026-09-10,2026-09-10 12:35:00.000000,Delivery Delay,Traffic delay,LOW,60,2026-09-10 12:38:00.000000,2026-09-10 13:01:00,26.0,Resolved,Route Support,False,L1,False,Resolved,93.2,REVIEW,True,19.1,Medium,Synthetic operational record,26.0,34.0,43.3,WITHIN SLA,False,,
CASE-11158,DP1031,A2015,2026-10-01,2026-10-01 23:42:12.000553,Delivery Partner App Issue,Crash,MEDIUM,30,2026-10-01 23:44:12.000553,,,In Progress,Technical Fix,True,L2,False,Resolved,89.9,FAIL,True,16.7,Medium,Synthetic operational record,16.8,13.2,56.0,WITHIN SLA,True,Repeated Issue,2026-10-01 23:42:12.000553
CASE-11159,DP1037,A2004,2026-10-01,2026-10-01 23:06:01.002141,Delivery Assignment Issue,Wrong zone,LOW,60,2026-10-01 23:07:01.002141,,,Escalated,Manager Review,True,L2,False,Resolved,95.5,PASS,True,25.5,Low,Synthetic operational record,53.0,7.0,88.3,AT RISK,True,Repeated Issue,2026-10-01 23:06:01.002141
CASE-11160,DP1095,A2008,2026-10-01,2026-10-01 08:31:00.000000,Payment Issue,Missing payout,MEDIUM,30,2026-10-01 08:34:00.000000,2026-10-01 08:42:36,11.6,Closed,Payment Adjustment,False,L1,False,Resolved,100.0,PASS,True,28.7,Medium,Synthetic operational record,11.6,18.4,38.7,WITHIN SLA,False,,
CASE-11161,DP1072,A2005,2026-10-01,2026-10-01 23:25:31.754793,Verification Issue,Delivery proof,LOW,60,2026-10-01 23:31:31.754793,,,In Progress,Route Support,True,L2,False,Failed,100.0,PASS,False,45.6,Low,Synthetic operational record,33.5,26.5,55.8,WITHIN SLA,True,Repeated Issue + SOP Resolution Failed,2026-10-01 23:25:31.754793
CASE-11162,DP1037,A2004,2026-10-01,2026-10-01 22:49:19.497982,Delivery Assignment Issue,No assignment,LOW,60,2026-10-01 22:55:19.497982,,,Pending,Guidance Provided,True,L2,False,Resolved,97.6,PASS,True,31.1,Low,Synthetic operational record,69.7,-9.7,116.1,BREACHED,True,SLA Breach + Repeated Issue,2026-10-01 22:49:19.497982
CASE-11163,DP1074,A2004,2026-10-01,2026-10-01 23:42:46.165573,Delivery Partner App Issue,Sync delay,MEDIUM,30,2026-10-01 23:44:46.165573,,,In Progress,Manager Review,True,L2,False,Resolved,85.5,FAIL,True,41.1,Medium,Synthetic operational record,16.2,13.8,54.1,WITHIN SLA,True,Repeated Issue,2026-10-01 23:42:46.165573
CASE-11164,DP1074,A2004,2026-10-01,2026-10-01 22:31:29.576374,Delivery Partner App Issue,Notification failure,LOW,60,2026-10-01 22:36:29.576374,,,New,Technical Fix,True,L2,False,Resolved,87.3,FAIL,True,12.2,Low,Synthetic operational record,87.5,-27.5,145.8,BREACHED,False,SLA Breach,2026-10-01 22:31:29.576374
CASE-11165,DP1040,A2012,2026-10-01,2026-10-01 23:53:06.281051,Account / Access Issue,Permission request,LOW,60,2026-10-01 23:57:06.281051,,,Escalated,Route Support,False,L1,False,Resolved,94.8,REVIEW,True,2.8,Medium,Synthetic operational record,5.9,54.1,9.8,WITHIN SLA,False,,
CASE-11166,DP1041,A2009,2026-09-06,2026-09-06 17:37:00.000000,Route / Navigation Issue,Restricted road,HIGH,15,2026-09-06 17:43:00.000000,2026-09-06 17:41:00,4.0,Resolved,Guidance Provided,False,L1,False,Resolved,93.8,REVIEW,True,21.8,Low,Synthetic operational record,4.0,11.0,26.7,WITHIN SLA,False,,
CASE-11167,DP1090,A2009,2026-09-24,2026-09-24 17:06:00.000000,Delivery Partner App Issue,Crash,LOW,60,2026-09-24 17:08:00.000000,2026-09-24 17:27:42,21.7,Closed,Guidance Provided,False,L1,False,Resolved,91.5,REVIEW,True,32.3,Medium,Synthetic operational record,21.7,38.3,36.2,WITHIN SLA,False,,
CASE-11168,DP1057,A2010,2026-09-11,2026-09-11 12:02:00.000000,Delivery Partner App Issue,Login error,MEDIUM,30,2026-09-11 12:03:00.000000,2026-09-11 12:31:06,29.1,Resolved,Guidance Provided,False,L1,False,Resolved,100.0,PASS,True,30.4,High,Synthetic operational record,29.1,0.9,97.0,AT RISK,False,,
CASE-11169,DP1015,A2015,2026-10-01,2026-10-01 23:53:22.828054,Delivery Delay,Late arrival,MEDIUM,30,2026-10-01 23:56:22.828054,,,In Progress,Manager Review,False,L1,False,Resolved,94.5,REVIEW,True,36.5,Low,Synthetic operational record,5.6,24.4,18.7,WITHIN SLA,False,,
CASE-11170,DP1072,A2018,2026-09-09,2026-09-09 11:45:00.000000,Delivery Assignment Issue,Duplicate assignment,LOW,60,2026-09-09 11:52:00.000000,2026-09-09 13:09:54,84.9,Resolved,Technical Fix,True,L2,False,Resolved,96.7,PASS,True,2.0,Low,Synthetic operational record,84.9,-24.9,141.5,BREACHED,False,SLA Breach,2026-09-09 11:45:00.000000
CASE-11171,DP1059,A2011,2026-10-01,2026-10-01 23:26:56.255201,Delivery Delay,Late arrival,MEDIUM,30,2026-10-01 23:30:56.255201,,,In Progress,Manager Review,True,L2,False,Resolved,98.9,PASS,True,37.0,Medium,Synthetic operational record,32.1,-2.1,106.9,BREACHED,True,SLA Breach + Repeated Issue,2026-10-01 23:26:56.255201
CASE-11172,DP1051,A2013,2026-09-12,2026-09-12 10:55:00.000000,Payment Issue,Payment timing,LOW,60,2026-09-12 10:56:00.000000,2026-09-12 12:13:00,78.0,Closed,Payment Adjustment,True,L2,False,Resolved,94.3,REVIEW,True,26.0,Low,Synthetic operational record,78.0,-18.0,130.0,BREACHED,False,SLA Breach,2026-09-12 10:55:00.000000
CASE-11173,DP1073,A2015,2026-10-01,2026-10-01 23:41:46.953243,Other Operational Issue,Equipment,MEDIUM,30,2026-10-01 23:48:46.953243,,,Pending,Guidance Provided,False,L1,False,Resolved,100.0,PASS,True,3.5,Medium,Synthetic operational record,17.2,12.8,57.4,WITHIN SLA,False,,
CASE-11174,DP1091,A2014,2026-09-16,2026-09-16 09:01:00.000000,Delivery Assignment Issue,Wrong zone,LOW,60,2026-09-16 09:07:00.000000,2026-09-16 10:29:30,88.5,Resolved,Payment Adjustment,True,L2,False,Resolved,89.3,FAIL,True,30.7,Medium,Synthetic operational record,88.5,-28.5,147.5,BREACHED,False,SLA Breach,2026-09-16 09:01:00.000000
CASE-11175,DP1034,A2003,2026-09-12,2026-09-12 13:36:00.000000,Route / Navigation Issue,Incorrect route,LOW,60,2026-09-12 13:40:00.000000,2026-09-12 14:21:12,45.2,Resolved,Payment Adjustment,False,L1,False,Resolved,91.0,REVIEW,True,24.0,Low,Synthetic operational record,45.2,14.8,75.3,WITHIN SLA,False,,
CASE-11176,DP1042,A2020,2026-10-01,2026-10-01 22:39:08.772757,Delivery Partner App Issue,Crash,LOW,60,2026-10-01 22:45:08.772757,,,Pending,Technical Fix,True,L2,False,Resolved,89.3,FAIL,True,26.6,Medium,Synthetic operational record,79.9,-19.9,133.1,BREACHED,True,SLA Breach + Repeated Issue,2026-10-01 22:39:08.772757
CASE-11177,DP1019,A2004,2026-09-15,2026-09-15 09:01:00.000000,Other Operational Issue,Communication,HIGH,15,2026-09-15 09:03:00.000000,2026-09-15 09:13:48,12.8,Closed,Route Support,True,L2,False,Failed,100.0,PASS,False,34.0,Low,Synthetic operational record,12.8,2.2,85.3,AT RISK,True,SOP Resolution Failed,2026-09-15 09:01:00.000000
CASE-11178,DP1065,A2009,2026-10-01,2026-10-01 23:25:48.352535,Other Operational Issue,Equipment,MEDIUM,30,2026-10-01 23:30:48.352535,,,In Progress,Manager Review,True,L2,False,Resolved,98.0,PASS,True,27.2,Low,Synthetic operational record,33.2,-3.2,110.6,BREACHED,False,SLA Breach,2026-10-01 23:25:48.352535
CASE-11179,DP1041,A2014,2026-10-01,2026-10-01 23:58:57.908473,Verification Issue,Delivery proof,HIGH,15,2026-10-02 00:05:57.908473,,,New,Manager Review,True,L2,False,Resolved,91.3,REVIEW,True,4.3,Low,Synthetic operational record,0.0,15.0,0.2,WITHIN SLA,True,High Priority Unresolved + Repeated Issue,2026-10-01 23:58:57.908473
CASE-11180,DP1035,A2009,2026-10-01,2026-10-01 23:01:49.255927,Delivery Delay,Late arrival,MEDIUM,30,2026-10-01 23:05:49.255927,,,In Progress,Payment Adjustment,True,L2,False,Resolved,89.7,FAIL,True,20.3,Medium,Synthetic operational record,57.2,-27.2,190.6,BREACHED,True,SLA Breach + Repeated Issue,2026-10-01 23:01:49.255927
CASE-11181,DP1070,A2005,2026-09-03,2026-09-03 08:02:00.000000,Delivery Assignment Issue,No assignment,MEDIUM,30,2026-09-03 08:03:00.000000,2026-09-03 08:44:06,42.1,Resolved,Manager Review,True,L2,False,Resolved,100.0,PASS,True,2.6,High,Synthetic operational record,42.1,-12.1,140.3,BREACHED,False,High Impact + SLA Risk,2026-09-03 08:02:00.000000
CASE-11182,DP1041,A2019,2026-09-12,2026-09-12 09:55:00.000000,Account / Access Issue,Profile update,MEDIUM,30,2026-09-12 10:01:00.000000,2026-09-12 10:10:54,15.9,Resolved,Manager Review,False,L1,False,Resolved,95.8,PASS,True,29.8,Low,Synthetic operational record,15.9,14.1,53.0,WITHIN SLA,False,,
CASE-11183,DP1047,A2002,2026-10-01,2026-10-01 23:58:55.648164,Verification Issue,Vehicle verification,HIGH,15,2026-10-02 00:04:55.648164,,,In Progress,Guidance Provided,True,L2,False,Resolved,100.0,PASS,True,38.8,Low,Synthetic operational record,0.1,14.9,0.5,WITHIN SLA,True,High Priority Unresolved + Repeated Issue,2026-10-01 23:58:55.648164
CASE-11184,DP1045,A2005,2026-10-01,2026-10-01 16:00:00.000000,Delivery Assignment Issue,Wrong zone,MEDIUM,30,2026-10-01 16:06:00.000000,2026-10-01 16:28:48,28.8,Resolved,Route Support,True,L2,True,Resolved,93.7,REVIEW,True,7.1,Low,Synthetic operational record,28.8,1.2,96.0,AT RISK,False,Manager Intervention Required,2026-10-01 16:00:00.000000
CASE-11185,DP1026,A2020,2026-09-02,2026-09-02 17:09:00.000000,Delivery Delay,Late arrival,MEDIUM,30,2026-09-02 17:14:00.000000,2026-09-02 18:00:54,51.9,Resolved,Route Support,True,L2,False,Resolved,96.6,PASS,True,13.9,Medium,Synthetic operational record,51.9,-21.9,173.0,BREACHED,False,SLA Breach,2026-09-02 17:09:00.000000
CASE-11186,DP1013,A2015,2026-10-01,2026-10-01 23:54:05.266718,Delivery Delay,Weather delay,MEDIUM,30,2026-10-01 23:55:05.266718,,,In Progress,Guidance Provided,False,L1,False,Resolved,95.5,PASS,True,11.4,Low,Synthetic operational record,4.9,25.1,16.4,WITHIN SLA,False,,
CASE-11187,DP1083,A2002,2026-09-11,2026-09-11 12:03:00.000000,Account / Access Issue,Permission request,MEDIUM,30,2026-09-11 12:04:00.000000,2026-09-11 12:39:12,36.2,Closed,Route Support,True,L2,False,Resolved,90.9,REVIEW,True,16.6,Low,Synthetic operational record,36.2,-6.2,120.7,BREACHED,False,SLA Breach,2026-09-11 12:03:00.000000
CASE-11188,DP1010,A2016,2026-10-01,2026-10-01 23:07:23.709358,Route / Navigation Issue,Restricted road,LOW,60,2026-10-01 23:13:23.709358,,,Pending,Manager Review,True,L2,True,Failed,93.3,REVIEW,False,26.9,Low,Synthetic operational record,51.6,8.4,86.0,AT RISK,False,Manager Intervention Required + SOP Resolution Failed,2026-10-01 23:07:23.709358
CASE-11189,DP1033,A2020,2026-09-19,2026-09-19 14:16:00.000000,Route / Navigation Issue,Restricted road,MEDIUM,30,2026-09-19 14:22:00.000000,2026-09-19 14:48:54,32.9,Resolved,Technical Fix,True,L2,False,Failed,88.1,FAIL,False,16.7,Low,Synthetic operational record,32.9,-2.9,109.7,BREACHED,False,SLA Breach + SOP Resolution Failed,2026-09-19 14:16:00.000000
CASE-11190,DP1067,A2002,2026-09-23,2026-09-23 09:50:00.000000,Route / Navigation Issue,GPS drift,LOW,60,2026-09-23 09:51:00.000000,2026-09-23 10:13:30,23.5,Resolved,Manager Review,False,L1,False,Resolved,96.5,PASS,True,29.8,Medium,Synthetic operational record,23.5,36.5,39.2,WITHIN SLA,False,,
CASE-11191,DP1014,A2009,2026-09-13,2026-09-13 09:04:00.000000,Delivery Assignment Issue,Assignment timeout,HIGH,15,2026-09-13 09:09:00.000000,2026-09-13 09:08:00,4.0,Resolved,Manager Review,False,L1,False,Resolved,97.8,PASS,True,34.8,Low,Synthetic operational record,4.0,11.0,26.7,WITHIN SLA,False,,
CASE-11192,DP1066,A2010,2026-09-23,2026-09-23 12:22:00.000000,Payment Issue,Payment timing,MEDIUM,30,2026-09-23 12:26:00.000000,2026-09-23 12:38:00,16.0,Closed,Route Support,False,L1,False,Resolved,99.0,PASS,True,35.2,Low,Synthetic operational record,16.0,14.0,53.3,WITHIN SLA,False,,
CASE-11193,DP1074,A2003,2026-09-21,2026-09-21 13:38:00.000000,Delivery Partner App Issue,Crash,MEDIUM,30,2026-09-21 13:41:00.000000,2026-09-21 13:59:42,21.7,Resolved,Route Support,False,L1,False,Resolved,97.3,PASS,True,8.6,Low,Synthetic operational record,21.7,8.3,72.3,AT RISK,False,,
CASE-11194,DP1067,A2005,2026-09-10,2026-09-10 09:23:00.000000,Verification Issue,Vehicle verification,MEDIUM,30,2026-09-10 09:28:00.000000,2026-09-10 09:35:00,12.0,Resolved,Payment Adjustment,False,L1,False,Resolved,93.4,REVIEW,True,38.6,Low,Synthetic operational record,12.0,18.0,40.0,WITHIN SLA,False,,
CASE-11195,DP1031,A2004,2026-10-01,2026-10-01 10:55:00.000000,Payment Issue,Adjustment request,MEDIUM,30,2026-10-01 11:02:00.000000,2026-10-01 11:06:48,11.8,Closed,Payment Adjustment,False,L1,False,Resolved,100.0,PASS,True,39.6,Low,Synthetic operational record,11.8,18.2,39.3,WITHIN SLA,False,,
CASE-11196,DP1002,A2004,2026-09-05,2026-09-05 11:03:00.000000,Payment Issue,Adjustment request,LOW,60,2026-09-05 11:09:00.000000,2026-09-05 11:45:48,42.8,Closed,Payment Adjustment,False,L1,False,Resolved,98.5,PASS,True,40.6,Low,Synthetic operational record,42.8,17.2,71.3,WITHIN SLA,False,,
CASE-11197,DP1089,A2009,2026-09-29,2026-09-29 10:36:00.000000,Delivery Assignment Issue,No assignment,HIGH,15,2026-09-29 10:38:00.000000,2026-09-29 10:40:00,4.0,Closed,Payment Adjustment,False,L1,False,Resolved,100.0,PASS,True,20.1,Low,Synthetic operational record,4.0,11.0,26.7,WITHIN SLA,False,,
CASE-11198,DP1033,A2010,2026-10-01,2026-10-01 23:33:27.324180,Delivery Assignment Issue,Duplicate assignment,MEDIUM,30,2026-10-01 23:37:27.324180,,,In Progress,Payment Adjustment,False,L1,False,Resolved,100.0,PASS,True,13.0,Low,Synthetic operational record,25.5,4.5,85.1,AT RISK,False,,
CASE-11199,DP1081,A2005,2026-10-01,2026-10-01 23:51:51.583901,Delivery Delay,Late arrival,LOW,60,2026-10-01 23:58:51.583901,,,In Progress,Manager Review,False,L1,False,Resolved,93.4,REVIEW,True,10.2,Low,Synthetic operational record,7.1,52.9,11.9,WITHIN SLA,False,,
CASE-11200,DP1020,A2006,2026-10-01,2026-10-01 22:40:04.704150,Delivery Assignment Issue,Duplicate assignment,LOW,60,2026-10-01 22:42:04.704150,,,Pending,Route Support,True,L2,False,Resolved,95.9,PASS,True,8.8,Medium,Synthetic operational record,78.9,-18.9,131.5,BREACHED,False,SLA Breach,2026-10-01 22:40:04.704150
